{"type":"FeatureCollection", "features": [
{"type":"Feature","geometry":{"type":"Polygon","coordinates":[[[31.29,-22.4],[31.43,-22.3],[32.37,-21.33],[32.43,-21.3],[32.35,-21.14],[32.48,-20.95],[32.48,-20.71],[32.53,-20.61],[32.67,-20.52],[32.87,-20.22],[32.99,-19.98],[33.01,-19.87],[32.83,-19.56],[32.78,-19.39],[32.85,-19.1],[32.72,-19],[32.72,-18.83],[32.85,-18.76],[32.99,-18.36],[32.96,-18.08],[32.95,-17.77],[32.98,-17.44],[32.97,-17.25],[32.88,-17.04],[32.88,-16.88],[32.95,-16.71],[32.74,-16.68],[32.64,-16.59],[32.24,-16.45],[31.94,-16.43],[31.69,-16.21],[31.49,-16.18],[31.24,-16.02],[30.44,-16],[30.41,-15.98],[30.4,-15.64],[29.73,-15.64],[29.49,-15.7],[29.29,-15.78],[28.91,-15.99],[28.86,-16.14],[28.83,-16.42],[28.76,-16.53],[28.4,-16.66],[27.93,-16.9],[27.76,-17.06],[27.64,-17.26],[27.44,-17.51],[27.02,-17.96],[26.78,-18.04],[26.58,-18.02],[26.33,-17.93],[26.14,-17.91],[26,-17.97],[25.86,-17.95],[25.64,-17.82],[25.45,-17.85],[25.26,-17.79],[25.22,-17.92],[25.28,-18.04],[25.38,-18.14],[25.49,-18.35],[25.76,-18.65],[25.81,-18.8],[25.94,-18.94],[25.95,-19.08],[26.17,-19.54],[26.24,-19.57],[26.68,-19.89],[27.09,-20.05],[27.22,-20.15],[27.26,-20.23],[27.28,-20.48],[27.62,-20.48],[27.7,-20.53],[27.7,-20.77],[27.67,-21.06],[27.84,-21.26],[27.97,-21.51],[28.05,-21.57],[28.53,-21.65],[28.75,-21.71],[29.04,-21.81],[29.02,-21.94],[29.11,-22.07],[29.24,-22.08],[29.36,-22.19],[29.66,-22.15],[29.9,-22.18],[30.19,-22.29],[30.46,-22.33],[30.71,-22.3],[31.07,-22.31],[31.29,-22.4]]]},"properties":{"ISO_A2_EH":"ZW"}},
{"type":"Feature","geometry":{"type":"Polygon","coordinates":[[[30.4,-15.64],[30.35,-15.35],[30.25,-15.18],[30.23,-14.99],[30.67,-14.82],[31.54,-14.58],[31.73,-14.5],[32.27,-14.32],[33.2,-14.01],[33.15,-13.94],[32.99,-14.02],[32.87,-13.82],[32.77,-13.76],[32.77,-13.66],[32.67,-13.61],[32.85,-13.46],[32.97,-13.22],[33,-12.9],[32.95,-12.8],[33.02,-12.63],[33.4,-12.49],[33.49,-12.33],[33.34,-12.31],[33.25,-12.11],[33.3,-11.89],[33.29,-11.61],[33.23,-11.53],[33.38,-11.16],[33.26,-10.89],[33.34,-10.81],[33.46,-10.78],[33.66,-10.59],[33.55,-10.39],[33.53,-10.23],[33.31,-10.04],[33.35,-9.86],[33.25,-9.76],[33.2,-9.63],[33,-9.62],[32.92,-9.41],[32.49,-9.21],[32.43,-9.16],[32.22,-9.13],[32.13,-9.07],[31.94,-9.05],[31.92,-8.94],[31.82,-8.9],[31.67,-8.91],[31.56,-8.81],[31.53,-8.71],[31.35,-8.61],[31.08,-8.61],[30.97,-8.55],[30.83,-8.39],[30.75,-8.19],[29.77,-8.34],[28.97,-8.46],[28.92,-8.7],[28.79,-8.89],[28.62,-9.07],[28.4,-9.22],[28.4,-9.27],[28.54,-9.51],[28.63,-9.83],[28.61,-10.4],[28.64,-10.67],[28.54,-10.8],[28.4,-11.35],[28.36,-11.48],[28.48,-11.81],[28.57,-11.91],[28.85,-12.12],[29.06,-12.35],[29.43,-12.43],[29.5,-12.39],[29.49,-12.27],[29.56,-12.2],[29.8,-12.16],[29.8,-13.39],[29.65,-13.41],[29.63,-13.3],[29.55,-13.25],[29.2,-13.4],[29.01,-13.37],[28.77,-12.98],[28.67,-12.86],[28.55,-12.84],[28.47,-12.62],[28.36,-12.48],[27.86,-12.28],[27.64,-12.27],[27.53,-12.2],[27.42,-11.94],[27.24,-11.78],[27.2,-11.61],[27.05,-11.62],[26.95,-11.9],[26.89,-11.94],[26.6,-11.97],[26.03,-11.89],[25.62,-11.74],[25.51,-11.75],[25.35,-11.62],[25.28,-11.4],[25.32,-11.24],[25.18,-11.24],[24.67,-11.35],[24.52,-11.44],[24.34,-11.37],[24.4,-11.26],[24.32,-11.07],[24.14,-11.03],[24.08,-10.89],[23.97,-10.87],[24.05,-11.41],[23.97,-11.64],[23.98,-11.72],[23.96,-12.12],[23.99,-12.42],[23.91,-12.64],[23.88,-12.8],[23.97,-12.96],[23.84,-13],[23.04,-13],[21.98,-13],[21.98,-14.12],[21.98,-14.76],[21.98,-15.96],[22.04,-16.26],[22.15,-16.6],[22.31,-16.69],[22.96,-17.29],[23.38,-17.64],[24.27,-17.48],[24.93,-17.54],[25.09,-17.63],[25.26,-17.79],[25.45,-17.85],[25.64,-17.82],[25.86,-17.95],[26,-17.97],[26.14,-17.91],[26.33,-17.93],[26.58,-18.02],[26.78,-18.04],[27.02,-17.96],[27.44,-17.51],[27.64,-17.26],[27.76,-17.06],[27.93,-16.9],[28.4,-16.66],[28.76,-16.53],[28.83,-16.42],[28.86,-16.14],[28.91,-15.99],[29.29,-15.78],[29.49,-15.7],[29.73,-15.64],[30.4,-15.64]]]},"properties":{"ISO_A2_EH":"ZM"}},
{"type":"Feature","geometry":{"type":"MultiPolygon","coordinates":[[[[53.11,16.58],[52.8,17.27],[52.73,17.3],[52.46,17.9],[51.98,19],[51.26,18.9],[50.36,18.78],[49.19,18.62],[49.04,18.58],[48.17,18.16],[47.58,17.45],[47.44,17.11],[47.14,16.95],[46.98,16.95],[46.78,17.21],[46.68,17.27],[46.31,17.23],[45.41,17.32],[45.15,17.43],[44.75,17.43],[44.55,17.4],[44.16,17.4],[43.92,17.32],[43.71,17.37],[43.6,17.47],[43.42,17.52],[43.19,17.36],[43.24,17.27],[43.16,17.21],[43.12,16.94],[43.18,16.81],[43.17,16.69],[43.03,16.55],[42.8,16.37],[42.72,16.36],[42.76,16.04],[42.64,15.66],[42.62,15.5],[42.5,15.45],[42.47,15.32],[42.59,15.21],[42.79,15.08],[42.86,14.92],[42.83,14.88],[42.95,14.55],[42.93,14.49],[43.02,14.19],[43.01,13.98],[43.17,13.82],[43.21,13.64],[43.16,13.25],[43.4,12.82],[43.45,12.64],[43.63,12.67],[43.9,12.55],[44.01,12.53],[44.39,12.6],[44.62,12.74],[44.75,12.69],[45.09,12.75],[45.21,12.94],[45.44,13],[45.69,13.27],[45.93,13.32],[46.21,13.35],[46.5,13.34],[46.81,13.4],[47,13.48],[47.45,13.6],[47.67,13.8],[47.9,13.9],[48,13.97],[48.27,13.93],[48.46,13.93],[48.69,13.98],[48.83,14.07],[49.07,14.32],[49.11,14.41],[49.38,14.57],[49.57,14.65],[49.92,14.76],[50.19,14.78],[50.56,14.97],[51.03,15.07],[51.35,15.16],[51.64,15.27],[52.29,15.61],[52.3,15.77],[52.25,15.96],[52.31,16.14],[52.38,16.24],[52.61,16.41],[53.11,16.58]]],[[[42.75,13.62],[42.86,13.79],[42.78,13.84],[42.68,13.81],[42.63,13.71],[42.66,13.61],[42.75,13.62]]],[[[42.84,13.92],[42.88,14.02],[42.77,14.14],[42.62,14.01],[42.72,13.89],[42.84,13.92]]],[[[53.45,12.75],[53.38,12.72],[53.24,12.52],[53.57,12.28],[53.72,12.25],[54.15,12.29],[54.3,12.38],[54.45,12.42],[54.58,12.53],[54.58,12.58],[54.2,12.74],[53.9,12.73],[53.79,12.7],[53.66,12.78],[53.45,12.75]]]]},"properties":{"ISO_A2_EH":"YE"}},
{"type":"Feature","geometry":{"type":"MultiPolygon","coordinates":[[[[107.99,21.44],[107.8,21.65],[107.47,21.6],[107.35,21.61],[107.27,21.71],[107.18,21.72],[107.02,21.83],[107.01,21.89],[106.73,22],[106.66,21.98],[106.65,22.24],[106.54,22.4],[106.58,22.57],[106.7,22.64],[106.78,22.78],[106.54,22.91],[106.25,22.87],[106.15,22.97],[106,22.97],[105.84,22.92],[105.69,23.03],[105.55,23.07],[105.49,23.18],[105.28,23.35],[105.19,23.28],[104.86,23.14],[104.8,22.91],[104.69,22.82],[104.53,22.8],[104.37,22.7],[104.21,22.81],[104.05,22.75],[103.97,22.55],[103.92,22.54],[103.62,22.78],[103.53,22.61],[103.47,22.6],[103.36,22.75],[103.14,22.59],[103.01,22.45],[102.94,22.47],[102.83,22.59],[102.52,22.74],[102.43,22.73],[102.24,22.47],[102.13,22.38],[102.18,22.28],[102.58,21.9],[102.64,21.71],[102.7,21.66],[102.85,21.73],[102.95,21.68],[102.95,21.57],[102.85,21.27],[103.1,20.89],[103.21,20.84],[103.46,20.78],[103.64,20.7],[103.79,20.81],[104.05,20.94],[104.2,20.91],[104.58,20.65],[104.53,20.55],[104.39,20.42],[104.62,20.37],[104.7,20.21],[104.89,20.17],[104.93,20.02],[104.82,19.9],[104.74,19.75],[104.55,19.61],[104.26,19.69],[104.03,19.68],[104.06,19.48],[103.9,19.34],[103.92,19.27],[104.11,19.2],[104.72,18.8],[105.12,18.68],[105.15,18.62],[105.09,18.45],[105.16,18.34],[105.33,18.19],[105.46,18.15],[105.59,17.98],[105.69,17.74],[106.01,17.42],[106.27,17.22],[106.43,17],[106.5,16.95],[106.55,16.65],[106.7,16.46],[106.83,16.53],[106.93,16.35],[107.07,16.28],[107.22,16.14],[107.4,16.04],[107.36,15.92],[107.19,15.84],[107.19,15.75],[107.34,15.56],[107.56,15.39],[107.65,15.26],[107.56,15.06],[107.48,14.98],[107.52,14.87],[107.52,14.71],[107.54,14.65],[107.45,14.45],[107.36,14.37],[107.33,14.13],[107.53,13.65],[107.61,13.44],[107.48,13.03],[107.54,12.71],[107.56,12.54],[107.51,12.36],[107.39,12.26],[107.33,12.32],[107.16,12.28],[106.93,12.08],[106.76,12.05],[106.7,11.98],[106.41,11.95],[106.41,11.74],[106.34,11.68],[106.01,11.76],[105.93,11.65],[105.85,11.64],[105.86,11.29],[106.17,11.01],[106.1,10.8],[105.94,10.89],[105.85,10.86],[105.76,10.99],[105.39,10.94],[105.31,10.85],[105.16,10.9],[105.02,10.89],[105.06,10.73],[104.85,10.53],[104.56,10.52],[104.38,10.36],[104.65,10.09],[104.77,10.13],[104.83,10.05],[104.94,10.03],[105.02,9.95],[104.84,9.86],[104.77,9.62],[104.74,9.19],[104.75,8.76],[104.72,8.55],[104.9,8.51],[105.15,8.56],[105.38,8.75],[105.55,9.04],[106.22,9.34],[106.28,9.51],[106.51,9.49],[106.65,9.62],[106.61,9.78],[106.73,9.86],[106.73,9.97],[106.86,10.08],[106.9,10.3],[107,10.34],[107.08,10.26],[107.25,10.31],[107.5,10.42],[107.6,10.49],[107.87,10.63],[108.05,10.65],[108.15,10.84],[108.3,10.87],[108.59,11.09],[108.74,11.14],[108.85,11.25],[109.04,11.28],[109.1,11.53],[109.18,11.53],[109.27,11.71],[109.26,11.8],[109.33,11.95],[109.29,12.09],[109.28,12.32],[109.37,12.36],[109.39,12.55],[109.5,12.55],[109.5,12.98],[109.35,13.3],[109.36,13.46],[109.32,13.7],[109.38,13.86],[109.28,14.17],[109.26,14.29],[109.16,14.56],[109.16,14.74],[109.01,15.02],[108.97,15.2],[108.88,15.43],[108.64,15.63],[108.46,15.91],[108.35,16.02],[108.34,16.14],[108.25,16.18],[108.07,16.4],[107.89,16.39],[107.77,16.54],[107.4,16.85],[107.24,16.95],[107.18,17.1],[106.79,17.42],[106.57,17.72],[106.54,17.86],[106.59,17.95],[106.28,18.28],[106.12,18.37],[105.95,18.55],[105.7,18.98],[105.78,19.09],[105.87,19.28],[105.89,19.57],[106.04,19.89],[106.2,19.92],[106.45,20.15],[106.58,20.24],[106.65,20.38],[106.63,20.5],[106.89,20.75],[106.96,20.67],[107.07,20.68],[107.18,20.87],[107.48,20.83],[107.63,20.96],[107.58,21.1],[107.68,21.21],[107.67,21.3],[107.84,21.43],[107.99,21.44]]],[[[104.03,10.5],[103.96,10.5],[103.78,10.39],[103.89,10.21],[103.95,10.01],[104.03,9.96],[104.13,10.04],[104.16,10.35],[104.06,10.5],[104.03,10.5]]],[[[106.53,8.64],[106.64,8.61],[106.72,8.67],[106.67,8.84],[106.53,8.76],[106.53,8.64]]]]},"properties":{"ISO_A2_EH":"VN"}},
{"type":"Feature","geometry":{"type":"MultiPolygon","coordinates":[[[[-60.74,5.2],[-61.38,5.91],[-61.3,6.05],[-61.13,6.21],[-61.15,6.45],[-61.2,6.59],[-61.15,6.69],[-60.94,6.73],[-60.87,6.79],[-60.72,6.77],[-60.4,6.95],[-60.33,7.13],[-60.52,7.14],[-60.63,7.21],[-60.61,7.32],[-60.72,7.5],[-60.51,7.81],[-60.38,7.83],[-60.18,7.99],[-60.03,8.05],[-59.96,8.19],[-59.83,8.31],[-60.02,8.55],[-59.99,8.61],[-60.15,8.69],[-60.35,8.7],[-60.5,8.62],[-60.8,8.67],[-61.05,8.56],[-61.19,8.56],[-61.07,8.79],[-60.88,8.84],[-60.8,8.91],[-60.78,9.08],[-60.67,9.18],[-60.74,9.29],[-60.71,9.37],[-60.82,9.51],[-60.98,9.62],[-61.27,9.69],[-61.47,9.9],[-61.61,9.96],[-61.67,9.89],[-61.81,9.87],[-61.98,10.02],[-62.12,10.06],[-62.22,10.02],[-62.3,9.89],[-62.46,10.22],[-62.61,10.28],[-62.69,10.49],[-62.36,10.47],[-62.21,10.56],[-62.03,10.57],[-61.88,10.62],[-61.82,10.7],[-61.84,10.8],[-62.24,10.77],[-62.7,10.82],[-62.95,10.78],[-63.2,10.78],[-63.5,10.72],[-63.87,10.74],[-64.3,10.71],[-64.37,10.65],[-64.29,10.49],[-64.87,10.17],[-65.12,10.14],[-65.47,10.23],[-65.64,10.3],[-65.82,10.33],[-66.02,10.51],[-66.04,10.63],[-66.23,10.7],[-67,10.68],[-67.15,10.64],[-67.59,10.59],[-67.88,10.54],[-68.11,10.56],[-68.18,10.62],[-68.25,10.79],[-68.2,10.88],[-68.34,11.21],[-68.8,11.5],[-69.04,11.53],[-69.22,11.59],[-69.54,11.57],[-69.65,11.6],[-69.74,11.85],[-69.76,12.02],[-69.86,12.17],[-69.99,12.26],[-70.26,12.15],[-70.37,11.88],[-70.23,11.56],[-70.27,11.44],[-70.57,11.33],[-70.84,11.28],[-71.29,11.07],[-71.53,11.01],[-71.54,10.87],[-71.64,10.93],[-71.57,11.03],[-71.77,11.23],[-71.88,11.44],[-71.84,11.56],[-71.46,11.65],[-71.37,11.7],[-71.26,11.82],[-71.32,11.86],[-71.54,11.77],[-71.96,11.67],[-72.01,11.6],[-72.25,11.2],[-72.45,11.11],[-72.69,10.84],[-72.87,10.49],[-72.94,10.2],[-73.01,9.79],[-73.06,9.67],[-73.36,9.23],[-73.34,9.17],[-73.19,9.19],[-73.06,9.26],[-72.96,9.14],[-72.8,9.11],[-72.67,8.63],[-72.42,8.38],[-72.36,8.09],[-72.45,7.97],[-72.48,7.61],[-72.44,7.45],[-72.21,7.37],[-72.08,7.1],[-71.89,6.99],[-71.62,7.03],[-71.22,6.99],[-71.01,6.99],[-70.81,7.08],[-70.66,7.08],[-70.39,6.97],[-70.1,6.94],[-69.74,6.49],[-69.44,6.13],[-69.27,6.1],[-69.09,6.18],[-68.94,6.2],[-68.74,6.16],[-68.47,6.16],[-68.14,6.2],[-67.94,6.24],[-67.86,6.29],[-67.57,6.24],[-67.48,6.18],[-67.44,6.03],[-67.47,5.93],[-67.58,5.83],[-67.63,5.71],[-67.64,5.56],[-67.69,5.45],[-67.79,5.38],[-67.82,5.27],[-67.81,4.93],[-67.86,4.67],[-67.86,4.51],[-67.8,4.38],[-67.78,4.2],[-67.66,3.86],[-67.5,3.69],[-67.31,3.42],[-67.35,3.32],[-67.83,2.89],[-67.6,2.77],[-67.49,2.64],[-67.21,2.39],[-67.22,2.28],[-67.11,2.05],[-66.99,1.68],[-66.98,1.6],[-66.88,1.36],[-66.88,1.22],[-66.43,0.82],[-66.3,0.75],[-66.06,0.79],[-65.81,0.94],[-65.68,0.98],[-65.57,0.93],[-65.52,0.84],[-65.56,0.69],[-65.47,0.69],[-65.36,0.87],[-65.26,0.93],[-65.1,1.11],[-64.82,1.26],[-64.73,1.25],[-64.49,1.45],[-64.3,1.46],[-64.11,1.62],[-64.04,1.9],[-63.84,1.98],[-63.57,2.12],[-63.46,2.14],[-63.39,2.22],[-63.39,2.41],[-63.92,2.45],[-64.05,2.53],[-64.01,2.67],[-64.04,2.8],[-64.14,3],[-64.22,3.2],[-64.22,3.59],[-64.28,3.66],[-64.57,3.9],[-64.82,4.23],[-64.72,4.27],[-64.58,4.14],[-64.26,4.14],[-64.12,4.07],[-64.02,3.93],[-63.65,3.94],[-63.53,3.89],[-63.38,3.94],[-63.29,3.92],[-62.97,3.59],[-62.86,3.59],[-62.76,3.67],[-62.71,4.02],[-62.61,4.04],[-62.41,4.16],[-62.15,4.1],[-61.55,4.29],[-61.48,4.4],[-61.37,4.43],[-61.28,4.52],[-61.1,4.5],[-61,4.54],[-60.91,4.69],[-60.74,4.77],[-60.63,4.89],[-60.6,4.99],[-60.67,5.16],[-60.74,5.2]],[[-71.56,10.51],[-71.45,10.22],[-71.32,10.1],[-71.15,9.8],[-71.13,9.7],[-71.16,9.38],[-71.33,9.19],[-71.55,9.12],[-71.64,9.13],[-71.71,9.25],[-71.68,9.36],[-71.91,9.58],[-71.92,9.67],[-72.03,9.82],[-71.9,10.06],[-71.74,10.27],[-71.6,10.41],[-71.56,10.51]]],[[[-63.82,10.88],[-63.74,11],[-63.78,11.17],[-63.89,11.24],[-64.07,11.11],[-64.18,11.16],[-64.39,11.11],[-64.47,10.97],[-64.38,10.89],[-64.21,10.87],[-64.07,10.81],[-63.88,10.82],[-63.82,10.88]]],[[[-65.21,10.83],[-65.14,10.88],[-65.17,10.98],[-65.28,11.05],[-65.42,11.05],[-65.49,10.93],[-65.39,10.84],[-65.21,10.83]]]]},"properties":{"ISO_A2_EH":"VE"}},
{"type":"Feature","geometry":{"type":"Polygon","coordinates":[[[12.44,41.9],[12.44,41.91],[12.43,41.91],[12.43,41.9],[12.44,41.9]]]},"properties":{"ISO_A2_EH":"VA"}},
{"type":"Feature","geometry":{"type":"MultiPolygon","coordinates":[[[[166.48,-14.68],[166.45,-14.86],[166.57,-15.22],[166.55,-15.42],[166.7,-15.68],[166.84,-15.71],[166.95,-15.65],[167.16,-15.81],[167.07,-16.1],[167.19,-16.23],[167.29,-16.21],[167.39,-16.61],[167.55,-16.65],[167.64,-16.57],[167.78,-16.59],[167.91,-16.46],[167.84,-16.29],[167.66,-16.19],[167.47,-16.04],[167.39,-15.86],[167.27,-15.8],[167.31,-15.66],[167.2,-15.08],[167.14,-15.05],[167.14,-14.91],[167.02,-14.85],[166.92,-14.89],[166.82,-14.79],[166.64,-14.57],[166.51,-14.58],[166.48,-14.68]]],[[[168.06,-16.75],[168.14,-16.87],[168.32,-16.86],[168.49,-16.9],[168.55,-16.77],[168.41,-16.69],[168.22,-16.53],[168.07,-16.6],[168.06,-16.75]]],[[[168.09,-16.4],[168.18,-16.42],[168.35,-16.39],[168.37,-16.28],[168.23,-16.04],[168.32,-16.01],[168.34,-15.89],[168.25,-15.49],[168.26,-15.19],[168.21,-14.97],[168.06,-14.92],[168.03,-15.01],[168.04,-15.22],[167.79,-15.24],[167.62,-15.4],[167.6,-15.46],[167.7,-15.55],[167.87,-15.55],[167.97,-15.49],[168.06,-15.34],[168.11,-15.43],[168.05,-15.68],[168.11,-15.95],[168.15,-16.02],[167.86,-16.21],[167.9,-16.32],[168.09,-16.4]]],[[[168.17,-17.55],[168.09,-17.74],[168.19,-17.82],[168.4,-17.88],[168.57,-17.87],[168.65,-17.73],[168.48,-17.47],[168.23,-17.49],[168.17,-17.55]]],[[[167.62,-14.33],[167.66,-14.15],[167.51,-14.06],[167.34,-14.17],[167.33,-14.32],[167.57,-14.39],[167.62,-14.33]]],[[[167.41,-13.67],[167.31,-13.79],[167.4,-13.97],[167.49,-14],[167.6,-13.93],[167.62,-13.74],[167.49,-13.64],[167.41,-13.67]]],[[[169.94,-20.25],[169.97,-20.18],[169.89,-20.08],[169.7,-20.1],[169.67,-20.23],[169.79,-20.31],[169.9,-20.31],[169.94,-20.25]]],[[[169.17,-19.55],[169.31,-19.69],[169.47,-19.71],[169.56,-19.52],[169.43,-19.42],[169.39,-19.28],[169.28,-19.25],[169.18,-19.3],[169.14,-19.49],[169.17,-19.55]]],[[[169.02,-18.56],[168.91,-18.7],[168.92,-18.9],[169.23,-19.05],[169.32,-19.06],[169.41,-18.95],[169.33,-18.74],[169.24,-18.67],[169.2,-18.57],[169.02,-18.56]]]]},"properties":{"ISO_A2_EH":"VU"}},
{"type":"Feature","geometry":{"type":"MultiPolygon","coordinates":[[[[70.95,42.25],[70.72,42.17],[70.61,42.05],[70.42,42.08],[70.1,41.82],[69.96,41.75],[69.66,41.67],[69.4,41.54],[69.37,41.49],[69.06,41.37],[68.99,41.21],[68.74,41.04],[68.58,40.88],[68.56,40.77],[68.6,40.66],[68.5,40.61],[68.29,40.66],[68.05,40.81],[68.11,41.03],[67.94,41.2],[66.81,41.14],[66.67,41.27],[66.54,41.74],[66.5,41.99],[66.01,42],[66.02,42.31],[66.05,42.47],[66.1,42.99],[65.8,42.88],[65.5,43.31],[65.27,43.42],[64.91,43.71],[64.44,43.55],[63.21,43.63],[62.07,43.49],[61.99,43.49],[61.16,44.17],[61.01,44.39],[60.19,44.78],[59.36,45.18],[58.56,45.56],[58.45,45.54],[57.48,45.34],[55.98,44.99],[55.98,44.31],[55.98,43.62],[55.98,42.47],[55.98,41.32],[56.77,41.29],[57.02,41.26],[57.12,41.35],[57.02,41.45],[56.96,41.86],[57.23,42.08],[57.38,42.16],[57.81,42.19],[58.03,42.49],[58.23,42.45],[58.29,42.53],[58.15,42.63],[58.26,42.69],[58.48,42.66],[58.59,42.78],[58.88,42.56],[59.12,42.52],[59.28,42.36],[59.45,42.3],[59.86,42.3],[60.01,42.19],[59.96,41.95],[60.11,41.91],[60.08,41.7],[60.14,41.59],[60.09,41.4],[60.45,41.22],[60.75,41.25],[61.33,41.2],[61.5,41.28],[61.8,41.16],[61.95,41.03],[62.1,40.68],[62.19,40.54],[62.3,40.47],[62.38,40.33],[62.44,40.04],[62.65,39.86],[63.51,39.38],[63.72,39.19],[64.16,38.95],[64.31,38.98],[64.66,38.74],[65.08,38.54],[65.61,38.24],[65.86,38.27],[66.17,38.17],[66.39,38.05],[66.57,38.01],[66.63,37.93],[66.53,37.79],[66.52,37.35],[66.83,37.37],[67.07,37.33],[67.2,37.24],[67.32,37.21],[67.52,37.27],[67.7,37.23],[67.76,37.17],[67.8,37.24],[67.81,37.49],[68.09,37.84],[68.29,38.03],[68.33,38.24],[68.14,38.38],[68.09,38.47],[68.05,38.67],[68.15,38.89],[68.1,38.96],[67.68,39.01],[67.62,39.15],[67.35,39.24],[67.43,39.47],[67.54,39.56],[67.72,39.62],[68.08,39.56],[68.46,39.54],[68.59,39.63],[68.64,39.84],[68.87,39.91],[68.8,40.05],[68.65,40.18],[68.95,40.22],[69.23,40.19],[69.3,40.33],[69.21,40.57],[69.31,40.63],[69.31,40.72],[69.41,40.8],[69.71,40.66],[70.29,40.89],[70.44,41.02],[70.75,40.74],[70.71,40.67],[70.38,40.45],[70.4,40.36],[70.53,40.32],[70.65,40.2],[70.96,40.24],[71.3,40.29],[71.69,40.15],[71.96,40.26],[72.13,40.44],[72.36,40.4],[72.4,40.58],[72.57,40.52],[72.77,40.65],[73.11,40.79],[72.99,40.86],[72.62,40.88],[72.36,41.04],[72.19,41.03],[72.16,41.17],[71.88,41.2],[71.79,41.41],[71.6,41.5],[71.61,41.37],[71.42,41.34],[71.41,41.14],[71.11,41.15],[70.78,41.26],[70.73,41.4],[70.65,41.46],[70.47,41.41],[70.18,41.57],[70.45,41.73],[70.63,41.88],[70.8,41.92],[70.84,42.02],[71.23,42.16],[71.04,42.28],[70.95,42.25]]],[[[71.21,39.89],[71.23,40.05],[71.08,40.08],[71.01,39.9],[71.21,39.89]]]]},"properties":{"ISO_A2_EH":"UZ"}},
{"type":"Feature","geometry":{"type":"Polygon","coordinates":[[[-53.31,-33.8],[-53.52,-33.68],[-53.54,-33.62],[-53.53,-33.17],[-53.13,-32.74],[-53.23,-32.63],[-53.36,-32.58],[-53.6,-32.4],[-53.76,-32.06],[-53.92,-31.95],[-54.22,-31.86],[-54.37,-31.75],[-54.59,-31.49],[-54.9,-31.39],[-55.04,-31.28],[-55.09,-31.31],[-55.25,-31.23],[-55.37,-31.05],[-55.56,-30.88],[-55.87,-31.07],[-56,-31.08],[-56,-30.84],[-56.18,-30.63],[-56.83,-30.11],[-57.12,-30.14],[-57.21,-30.28],[-57.55,-30.26],[-57.61,-30.19],[-57.71,-30.38],[-57.83,-30.5],[-57.87,-30.59],[-57.82,-30.71],[-57.81,-30.86],[-57.9,-30.98],[-57.87,-31.1],[-58.05,-31.49],[-57.99,-31.58],[-58.04,-31.77],[-58.19,-31.92],[-58.16,-32.18],[-58.12,-32.32],[-58.2,-32.48],[-58.14,-32.89],[-58.17,-33.02],[-58.37,-33.14],[-58.48,-33.62],[-58.48,-33.75],[-58.32,-34.11],[-58.03,-34.35],[-57.95,-34.49],[-57.86,-34.55],[-57.54,-34.52],[-57.2,-34.52],[-56.9,-34.74],[-56.52,-34.84],[-56.44,-34.92],[-56.27,-34.97],[-56.1,-34.98],[-55.83,-34.88],[-55.67,-34.85],[-55.41,-34.88],[-55.27,-34.97],[-55.11,-34.97],[-54.89,-35.01],[-54.32,-34.79],[-54.13,-34.74],[-53.95,-34.57],[-53.71,-34.42],[-53.66,-34.28],[-53.46,-34.05],[-53.39,-33.88],[-53.31,-33.8]]]},"properties":{"ISO_A2_EH":"UY"}},
{"type":"Feature","geometry":{"type":"MultiPolygon","coordinates":[[[[163.06,5.32],[162.96,5.41],[162.85,5.34],[162.88,5.24],[162.97,5.21],[163.06,5.32]]],[[[138.08,9.61],[137.99,9.46],[138.07,9.35],[138.22,9.44],[138.29,9.54],[138.21,9.66],[138.08,9.61]]],[[[151.72,7.34],[151.7,7.42],[151.58,7.46],[151.5,7.34],[151.55,7.27],[151.68,7.26],[151.72,7.34]]],[[[151.89,7.36],[151.98,7.43],[151.97,7.52],[151.82,7.54],[151.78,7.4],[151.89,7.36]]],[[[158.26,7.03],[158.17,7.05],[158.07,6.99],[158.05,6.87],[158.13,6.74],[158.27,6.72],[158.38,6.78],[158.41,6.89],[158.34,7.01],[158.26,7.03]]]]},"properties":{"ISO_A2_EH":"FM"}},
{"type":"Feature","geometry":{"type":"MultiPolygon","coordinates":[[[[169.69,5.78],[169.79,5.93],[169.74,6.09],[169.59,5.99],[169.52,5.8],[169.65,5.72],[169.69,5.78]]],[[[168.76,7.23],[168.84,7.22],[168.89,7.35],[168.69,7.41],[168.61,7.29],[168.76,7.23]]],[[[171.77,7.06],[171.71,7.1],[171.55,7.12],[171.54,6.96],[171.75,6.9],[171.83,6.97],[171.77,7.06]]],[[[171.13,7.02],[171.27,7],[171.46,7.09],[171.43,7.17],[171.24,7.16],[171.04,7.24],[170.96,7.15],[171.13,7.02]]],[[[166.9,11.08],[166.97,11.19],[166.83,11.24],[166.78,11.12],[166.9,11.08]]]]},"properties":{"ISO_A2_EH":"MH"}},
{"type":"Feature","geometry":{"type":"MultiPolygon","coordinates":[[[[145.75,18.7],[145.78,18.83],[145.59,18.86],[145.58,18.72],[145.68,18.65],[145.75,18.7]]],[[[145.72,16.27],[145.79,16.38],[145.72,16.45],[145.57,16.42],[145.57,16.31],[145.72,16.27]]],[[[145.29,14.08],[145.33,14.22],[145.23,14.26],[145.09,14.2],[145.09,14.1],[145.24,14.03],[145.29,14.08]]],[[[145.79,18],[145.91,18.13],[145.81,18.24],[145.66,18.09],[145.7,17.99],[145.79,18]]],[[[145.63,15.19],[145.51,15.06],[145.55,14.9],[145.64,14.85],[145.74,14.95],[145.9,15.28],[145.76,15.32],[145.63,15.19]]]]},"properties":{"ISO_A2_EH":"MP"}},
{"type":"Feature","geometry":{"type":"MultiPolygon","coordinates":[[[[-64.59,18.33],[-64.76,18.44],[-65.04,18.44],[-65.1,18.35],[-64.93,18.25],[-64.71,18.25],[-64.59,18.33]]],[[[-64.79,17.63],[-64.55,17.68],[-64.52,17.79],[-64.75,17.87],[-64.94,17.82],[-64.94,17.65],[-64.79,17.63]]]]},"properties":{"ISO_A2_EH":"VI"}},
{"type":"Feature","geometry":{"type":"Polygon","coordinates":[[[144.63,13.22],[144.79,13.2],[144.85,13.37],[144.99,13.52],[144.95,13.66],[144.8,13.69],[144.73,13.57],[144.58,13.47],[144.58,13.29],[144.63,13.22]]]},"properties":{"ISO_A2_EH":"GU"}},
{"type":"Feature","geometry":{"type":"Polygon","coordinates":[[[-170.62,-14.19],[-170.85,-14.24],[-170.89,-14.32],[-170.79,-14.44],[-170.69,-14.42],[-170.51,-14.31],[-170.52,-14.22],[-170.62,-14.19]]]},"properties":{"ISO_A2_EH":"AS"}},
{"type":"Feature","geometry":{"type":"MultiPolygon","coordinates":[[[[-66.04,17.89],[-65.94,17.91],[-65.78,18],[-65.64,18.15],[-65.6,18.04],[-65.51,18.03],[-65.28,18.06],[-65.26,18.21],[-65.35,18.23],[-65.54,18.22],[-65.57,18.43],[-65.86,18.51],[-66.18,18.55],[-66.81,18.56],[-67.06,18.59],[-67.22,18.55],[-67.24,18.47],[-67.34,18.38],[-67.25,18.21],[-67.26,17.96],[-67.16,17.89],[-66.9,17.88],[-66.76,17.91],[-66.52,17.91],[-66.42,17.88],[-66.04,17.89]]],[[[-67.89,18.19],[-68.02,18.1],[-67.92,17.99],[-67.84,17.99],[-67.77,18.14],[-67.89,18.19]]]]},"properties":{"ISO_A2_EH":"PR"}},
{"type":"Feature","geometry":{"type":"MultiPolygon","coordinates":[[[[-130.66,54.72],[-130.31,54.95],[-130.13,55.12],[-130.02,55.36],[-130.12,55.61],[-130.02,56.01],[-130.41,56.12],[-130.48,56.23],[-130.74,56.34],[-131.08,56.4],[-131.58,56.6],[-131.82,56.59],[-131.87,56.79],[-132.1,56.86],[-132.03,57.03],[-132.34,57.08],[-132.23,57.2],[-132.55,57.5],[-133.28,58.22],[-133.42,58.34],[-133.4,58.41],[-133.82,58.71],[-134.22,58.85],[-134.44,59.09],[-134.94,59.29],[-135.07,59.44],[-135.05,59.58],[-135.48,59.79],[-135.93,59.66],[-136.32,59.6],[-136.25,59.53],[-136.47,59.46],[-136.47,59.28],[-136.58,59.15],[-136.81,59.15],[-137.28,58.99],[-137.44,58.9],[-137.59,59.23],[-138.63,59.78],[-138.71,59.9],[-139.04,59.99],[-139.19,60.08],[-139.08,60.34],[-139.68,60.33],[-139.97,60.18],[-140.45,60.3],[-140.53,60.22],[-141,60.3],[-141,60.88],[-141,61.76],[-141,62.35],[-141,63.51],[-141,64.1],[-141,64.98],[-141,65.85],[-141,66.73],[-141,67.31],[-141,68.19],[-141,69.07],[-141,69.65],[-140.94,69.72],[-141.32,69.74],[-141.58,69.83],[-142.15,69.93],[-142.59,70.09],[-143.13,70.18],[-143.79,70.17],[-144.5,70.11],[-144.68,70.06],[-145.34,70.12],[-145.75,70.23],[-146.76,70.26],[-147.06,70.24],[-147.61,70.28],[-147.72,70.37],[-148.33,70.43],[-149.24,70.58],[-149.94,70.58],[-150.24,70.51],[-150.66,70.59],[-151.3,70.49],[-151.6,70.51],[-151.64,70.62],[-152.06,70.63],[-152.23,70.7],[-152.02,70.8],[-152.14,70.9],[-153.24,71.01],[-154.02,70.94],[-154.22,70.89],[-154.84,71.15],[-155.23,71.18],[-156.27,71.34],[-156.19,71.42],[-156.51,71.49],[-156.95,71.37],[-157.38,71.13],[-158.05,70.92],[-158.63,70.91],[-158.98,70.87],[-159.38,70.95],[-159.82,70.84],[-160.29,70.64],[-160.83,70.49],[-161.11,70.37],[-161.59,70.32],[-161.8,70.4],[-162.16,70.33],[-163.14,69.79],[-163.29,69.63],[-163.35,69.43],[-163.7,69.21],[-164,69.09],[-164.36,69.01],[-165.51,68.94],[-166.2,68.96],[-166.35,68.94],[-166.54,68.48],[-166.75,68.47],[-166.98,68.35],[-166.64,68.25],[-166.36,68.22],[-166.09,68.1],[-165.5,67.99],[-164.28,67.56],[-164.12,67.45],[-163.88,67.16],[-163.65,67.04],[-163.03,66.95],[-162.78,66.96],[-162.72,66.78],[-162.59,66.67],[-162.33,66.65],[-162.08,66.48],[-162.11,66.39],[-161.89,66.29],[-161.93,66.12],[-162.2,66.14],[-162.58,66.12],[-162.86,66.18],[-163.19,66.15],[-163.62,66.15],[-163.72,66.37],[-163.46,66.57],[-163.65,66.69],[-164.51,66.66],[-165.12,66.51],[-165.53,66.48],[-166.14,66.34],[-166.48,66.21],[-166.87,66.11],[-167.15,65.95],[-167.5,65.93],[-167.7,65.81],[-168.15,65.76],[-168.28,65.66],[-168.11,65.51],[-167.48,65.36],[-166.9,65.24],[-167.1,65.17],[-166.97,65.05],[-166.66,64.9],[-166.65,64.71],[-166.44,64.57],[-166.21,64.52],[-164.98,64.38],[-164.27,64.51],[-163.74,64.52],[-163.26,64.37],[-162.91,64.32],[-162.6,64.31],[-162.49,64.41],[-162.08,64.62],[-161.67,64.72],[-161.39,64.72],[-161.16,64.83],[-161.04,64.76],[-161.07,64.62],[-161.5,64.59],[-161.65,64.46],[-161.58,64.37],[-161.34,64.34],[-161.14,64.22],[-160.95,63.82],[-161.22,63.61],[-161.53,63.54],[-161.93,63.53],[-162,63.6],[-162.4,63.59],[-162.74,63.32],[-163.06,63.17],[-163.29,63.12],[-163.89,63.32],[-164.12,63.34],[-164.5,63.28],[-164.68,63.12],[-164.91,63],[-165,62.8],[-164.95,62.63],[-165.21,62.57],[-165.57,62.35],[-165.85,62.13],[-165.86,61.91],[-166.04,61.91],[-166.23,61.82],[-166.3,61.52],[-166.07,61.41],[-165.99,61.28],[-165.82,61.25],[-165.67,61.04],[-165.35,61.04],[-165.14,60.78],[-165.47,60.59],[-165.47,60.5],[-165.24,60.45],[-165.21,60.38],[-164.85,60.24],[-164.28,59.97],[-164.29,59.86],[-163.96,59.74],[-163.67,59.73],[-163.18,59.78],[-162.79,59.86],[-162.68,59.92],[-162.28,59.96],[-161.97,59.58],[-162.05,59.4],[-162.17,59.3],[-162.12,59.12],[-161.93,59.01],[-161.88,58.81],[-162.21,58.71],[-162.26,58.6],[-161.75,58.54],[-161.24,58.61],[-161.18,58.51],[-160.82,58.52],[-160.59,58.76],[-160.64,58.86],[-160.41,58.96],[-160.25,58.85],[-159.94,58.74],[-159.69,58.82],[-159.48,58.68],[-159.19,58.43],[-158.98,58.32],[-158.66,58.39],[-158.63,58.53],[-158.72,58.72],[-158.65,58.84],[-158.41,58.59],[-158.2,58.54],[-157.96,58.57],[-157.18,58.79],[-157.58,58.54],[-157.66,58.44],[-157.61,58.21],[-157.75,58.07],[-157.83,57.68],[-158.14,57.46],[-158.42,57.35],[-158.7,57.15],[-158.89,56.95],[-159.07,56.92],[-159.36,56.75],[-159.85,56.62],[-160.4,56.36],[-160.67,56.01],[-160.86,56.06],[-161.06,56.04],[-161.22,56.1],[-161.75,55.97],[-162.25,55.77],[-162.75,55.4],[-162.97,55.29],[-163.17,55.26],[-163.48,55.1],[-163.91,55.11],[-164.31,54.98],[-164.54,54.97],[-164.81,54.73],[-165,54.65],[-165.03,54.54],[-164.9,54.36],[-164.57,54.33],[-164.33,54.39],[-164.05,54.55],[-163.56,54.55],[-163.33,54.65],[-163.13,54.6],[-162.97,54.72],[-163.13,54.81],[-163.02,54.88],[-162.8,54.87],[-162.55,54.96],[-162.53,54.87],[-162.35,54.76],[-162.22,54.79],[-162.11,54.92],[-162.17,55.03],[-162.02,55.06],[-161.63,55.36],[-161.39,55.3],[-160.97,55.31],[-160.95,55.15],[-160.81,55.07],[-160.38,55.13],[-160.25,55.21],[-160.2,55.36],[-160.44,55.47],[-160.3,55.57],[-159.97,55.71],[-159.65,55.55],[-159.51,55.61],[-159.37,55.78],[-158.71,55.93],[-158.59,56.01],[-158.38,56.03],[-158.15,56.2],[-158.31,56.39],[-157.81,56.47],[-157.78,56.58],[-157.49,56.58],[-157.33,56.74],[-157.07,56.76],[-156.7,56.94],[-156.56,56.95],[-156.36,57.07],[-156.27,57.19],[-156.32,57.32],[-156.18,57.38],[-155.96,57.4],[-155.92,57.48],[-155.68,57.51],[-155.46,57.69],[-155.05,57.83],[-154.91,57.95],[-154.56,57.98],[-154.46,58.06],[-154.12,58.12],[-154.08,58.28],[-153.77,58.54],[-153.53,58.6],[-153.32,58.71],[-153.2,58.84],[-153.21,58.94],[-153.59,59.1],[-154.02,59.18],[-153.92,59.34],[-153.5,59.56],[-153.19,59.6],[-152.92,59.69],[-152.88,59.8],[-152.66,59.86],[-152.53,59.97],[-152.49,60.1],[-152.57,60.18],[-152.27,60.29],[-151.96,60.29],[-151.73,60.47],[-151.78,60.54],[-152,60.57],[-151.59,60.73],[-151.64,60.84],[-151.5,60.92],[-151.04,61.03],[-150.85,61.14],[-150.55,61.19],[-150.2,61.17],[-150.07,61.07],[-150.48,61.1],[-151.5,60.75],[-151.46,60.47],[-151.58,60.24],[-151.86,60.02],[-152,59.78],[-151.94,59.68],[-151.54,59.58],[-151.94,59.46],[-152.11,59.28],[-152.05,59.2],[-151.79,59.12],[-151.58,59.12],[-151.37,59.17],[-150.98,59.16],[-150.82,59.19],[-150.74,59.3],[-150.48,59.46],[-150.15,59.49],[-149.83,59.66],[-149.47,59.72],[-149.41,59.87],[-149.16,59.94],[-148.87,59.88],[-148.46,59.9],[-148.27,60],[-148.02,59.96],[-147.64,60.15],[-147.51,60.35],[-147.51,60.46],[-147.64,60.56],[-147.82,60.54],[-148.14,60.74],[-147.48,60.86],[-147.34,60.84],[-147.14,60.93],[-146.79,60.88],[-146.65,60.8],[-146.72,60.72],[-146.53,60.62],[-145.9,60.59],[-146.05,60.49],[-146.57,60.56],[-146.85,60.43],[-146.74,60.22],[-146.58,60.19],[-146.02,60.34],[-145.96,60.41],[-145.62,60.38],[-145.29,60.25],[-144.95,60.24],[-144.74,60.17],[-144.38,60.12],[-144.74,59.85],[-144.69,59.75],[-144.48,59.75],[-144.12,59.94],[-143.78,59.94],[-142.94,60.02],[-142.57,60.01],[-141.67,59.89],[-140.9,59.68],[-140.42,59.64],[-140.17,59.66],[-139.75,59.78],[-139.65,59.72],[-139.94,59.55],[-139.88,59.48],[-139.42,59.32],[-138.68,59.11],[-138.61,59.05],[-138.33,58.99],[-138.13,58.89],[-137.98,58.75],[-137.64,58.53],[-137.15,58.34],[-136.63,58.17],[-136.72,57.96],[-136.56,57.83],[-136.2,57.64],[-136,57.38],[-135.87,56.94],[-135.38,57.01],[-135.47,56.91],[-135.45,56.78],[-135.1,56.6],[-135.11,56.51],[-134.97,56.29],[-134.84,56.19],[-134.68,56.14],[-134.54,56.19],[-134.5,56.3],[-134.53,56.53],[-134.32,56.45],[-134.38,56.2],[-134.27,56.02],[-133.89,56.02],[-133.76,55.88],[-133.83,55.78],[-133.66,55.62],[-133.86,55.51],[-133.76,55.39],[-133.78,55.27],[-133.66,55.2],[-133.35,55.12],[-133.23,54.93],[-132.88,54.65],[-132.66,54.62],[-132.44,54.86],[-132.28,54.68],[-132.17,54.64],[-131.92,54.68],[-131.86,54.8],[-131.87,55.04],[-131.68,54.98],[-131.55,54.86],[-131.32,54.81],[-131.13,54.86],[-130.94,54.74],[-130.66,54.72]],[[-133.34,57.08],[-133.89,57.14],[-134.01,57.24],[-133.83,57.28],[-133.66,57.52],[-133.57,57.33],[-133.58,57.14],[-133.34,57.08]],[[-134.89,57.42],[-134.75,57.57],[-134.62,57.46],[-134.7,57.26],[-134.89,57.42]]],[[[-66.99,45.06],[-67.12,45.17],[-67.37,45.17],[-67.47,45.28],[-67.43,45.38],[-67.49,45.47],[-67.43,45.6],[-67.6,45.62],[-67.78,45.7],[-67.8,46.5],[-67.81,47.08],[-68.1,47.27],[-68.31,47.35],[-68.48,47.29],[-68.83,47.2],[-69.05,47.27],[-69.05,47.43],[-69.24,47.46],[-70.01,46.71],[-70.07,46.44],[-70.25,46.25],[-70.3,46.06],[-70.3,45.91],[-70.42,45.74],[-70.7,45.55],[-70.69,45.43],[-70.8,45.4],[-70.9,45.26],[-71,45.34],[-71.13,45.26],[-71.33,45.29],[-71.42,45.2],[-71.52,45.01],[-73.18,45.01],[-74.86,45],[-75.18,44.9],[-75.4,44.77],[-75.79,44.5],[-75.88,44.42],[-76.15,44.3],[-76.46,44.06],[-76.82,43.63],[-77.88,43.63],[-78.72,43.62],[-79.17,43.47],[-79.06,43.28],[-79.07,43.11],[-78.92,42.91],[-79.04,42.8],[-80.25,42.37],[-81.28,42.21],[-82.44,41.67],[-82.69,41.68],[-83.03,41.83],[-83.14,41.98],[-83.15,42.14],[-83.07,42.3],[-82.87,42.39],[-82.55,42.62],[-82.49,42.74],[-82.41,43.07],[-82.14,43.57],[-82.28,44.19],[-82.55,45.35],[-83.59,45.82],[-83.47,45.99],[-83.62,46.12],[-83.98,46.08],[-84.09,46.23],[-84.19,46.55],[-84.56,46.46],[-84.78,46.64],[-84.88,46.9],[-85.46,47.14],[-86.43,47.54],[-87.49,47.96],[-88.38,48.3],[-88.61,48.26],[-89.19,48.05],[-89.46,48],[-89.99,48.02],[-90.09,48.12],[-90.32,48.1],[-90.74,48.1],[-90.84,48.2],[-91.04,48.19],[-91.22,48.1],[-91.52,48.06],[-91.86,48.2],[-92.01,48.3],[-92.17,48.34],[-92.41,48.28],[-92.5,48.44],[-93,48.61],[-93.26,48.63],[-93.46,48.56],[-93.71,48.53],[-93.85,48.61],[-94.06,48.66],[-94.62,48.74],[-94.8,49],[-94.85,49.3],[-95.16,49.37],[-95.16,48.99],[-96.68,48.99],[-97.96,48.99],[-99.24,48.99],[-100.09,48.99],[-101.37,48.99],[-102.22,48.99],[-103.5,48.99],[-104.78,48.99],[-105.63,48.99],[-106.91,48.99],[-107.76,48.99],[-109.47,48.99],[-110.75,48.99],[-112.03,48.99],[-113.73,48.99],[-115.44,48.99],[-116.72,48.99],[-118,48.99],[-119.7,48.99],[-120.98,48.99],[-122.79,48.99],[-122.89,48.96],[-122.78,48.76],[-122.96,48.77],[-123.26,48.63],[-123.18,48.44],[-122.81,48.34],[-122.97,48.15],[-123.07,48.22],[-123.3,48.19],[-123.95,48.24],[-124.6,48.45],[-124.79,48.43],[-124.81,48.15],[-124.71,47.87],[-124.55,47.74],[-124.48,47.64],[-124.41,47.39],[-124.3,47.19],[-124.21,46.89],[-124.15,46.61],[-124.17,46.25],[-124.05,46.12],[-124.06,45.85],[-124.03,45.58],[-124.05,45.4],[-124.16,44.78],[-124.15,44.43],[-124.2,44.35],[-124.25,43.71],[-124.38,43.43],[-124.44,43.37],[-124.64,42.8],[-124.5,42.57],[-124.52,42.38],[-124.45,42.09],[-124.31,41.96],[-124.35,41.77],[-124.25,41.68],[-124.16,41.39],[-124.24,41.16],[-124.23,40.98],[-124.31,40.78],[-124.37,40.74],[-124.47,40.5],[-124.41,40.22],[-124.18,40.05],[-123.97,39.82],[-123.88,39.61],[-123.92,39.37],[-123.81,39.1],[-123.79,38.88],[-123.5,38.63],[-123.35,38.48],[-123.2,38.4],[-123.07,38.23],[-123.09,38.03],[-123.06,37.93],[-122.92,37.97],[-122.59,37.78],[-122.59,37.53],[-122.5,37.36],[-122.48,37.18],[-122.21,36.93],[-121.94,36.88],[-121.88,36.75],[-122.01,36.6],[-121.96,36.3],[-121.73,36.11],[-121.42,35.75],[-121.35,35.63],[-121.2,35.55],[-121.08,35.43],[-120.97,35.37],[-120.93,35.16],[-120.73,35.07],[-120.75,34.95],[-120.71,34.81],[-120.72,34.55],[-120.53,34.41],[-120.4,34.39],[-120.07,34.4],[-119.87,34.34],[-119.62,34.34],[-119.34,34.21],[-119.31,34.12],[-119.18,34.05],[-118.84,33.95],[-118.56,33.95],[-118.48,33.84],[-118.48,33.71],[-118.32,33.64],[-118.13,33.66],[-117.84,33.48],[-117.53,33.25],[-117.4,33.07],[-117.35,32.93],[-117.33,32.65],[-117.22,32.61],[-117.21,32.51],[-117.13,32.53],[-116.27,32.6],[-115.41,32.66],[-114.72,32.72],[-114.84,32.51],[-113.89,32.21],[-112.94,31.92],[-111.99,31.62],[-111.04,31.32],[-109.98,31.33],[-109.27,31.33],[-108.21,31.33],[-108.21,31.78],[-107.55,31.78],[-106.45,31.77],[-106.26,31.54],[-105.81,31.24],[-105.51,30.98],[-105.28,30.81],[-104.98,30.65],[-104.84,30.45],[-104.68,30.13],[-104.68,29.99],[-104.5,29.68],[-104.4,29.57],[-104.22,29.48],[-103.99,29.32],[-103.85,29.29],[-103.42,29.07],[-103.26,29],[-103.09,29.04],[-102.89,29.22],[-102.83,29.44],[-102.73,29.64],[-102.61,29.75],[-102.48,29.77],[-102.27,29.87],[-101.99,29.8],[-101.44,29.78],[-101.3,29.63],[-101.04,29.46],[-101.02,29.4],[-100.75,29.18],[-100.66,29.07],[-100.55,28.82],[-100.33,28.5],[-100.3,28.33],[-100,28.05],[-99.89,27.87],[-99.75,27.73],[-99.51,27.55],[-99.51,27.34],[-99.44,27.17],[-99.44,27.04],[-99.23,26.76],[-99.11,26.45],[-99.02,26.4],[-98.77,26.34],[-98.6,26.24],[-98.38,26.18],[-98.28,26.11],[-98.08,26.06],[-97.8,26.04],[-97.59,25.98],[-97.36,25.87],[-97.28,25.94],[-97.07,25.96],[-97.06,26.04],[-97.13,26.32],[-97.27,26.81],[-97.31,27.2],[-97.18,27.51],[-96.86,27.97],[-96.74,28.08],[-96.34,28.29],[-96.23,28.42],[-95.82,28.58],[-95.22,28.91],[-95.07,29.05],[-94.81,29.2],[-94.69,29.35],[-94.08,29.6],[-93.88,29.62],[-93.68,29.7],[-93.19,29.71],[-92.99,29.65],[-92.69,29.53],[-92.26,29.48],[-92.06,29.52],[-91.84,29.41],[-91.74,29.44],[-91.67,29.58],[-91.56,29.49],[-91.32,29.44],[-91.36,29.25],[-91.03,29.13],[-90.75,29.06],[-90.62,29.09],[-90.53,29.21],[-90.37,29.21],[-90.32,29.09],[-90.23,29.02],[-90.08,29.08],[-89.97,29.32],[-89.66,29.24],[-89.51,29.15],[-89.4,28.91],[-89.23,28.98],[-89.15,28.94],[-88.94,29.1],[-88.95,29.24],[-89.06,29.3],[-89.14,29.41],[-89.23,29.41],[-89.47,29.48],[-89.61,29.6],[-89.28,29.79],[-89.27,29.94],[-89.15,29.99],[-89.11,30.2],[-89.23,30.26],[-88.89,30.34],[-88.78,30.19],[-88.55,30.12],[-88.47,30.22],[-88.3,30.16],[-87.58,30.2],[-87.19,30.27],[-86.66,30.33],[-86.53,30.38],[-86.48,30.33],[-86.2,30.26],[-85.74,30.1],[-85.48,29.87],[-85.5,29.75],[-85.44,29.64],[-85.18,29.59],[-85,29.53],[-84.69,29.67],[-84.66,29.76],[-84.52,29.83],[-84.35,29.83],[-84.27,29.91],[-84.27,30],[-84.06,30.03],[-83.75,29.87],[-83.35,29.41],[-82.83,29],[-82.73,28.86],[-82.74,28.5],[-82.83,28.26],[-82.93,27.84],[-82.8,27.66],[-82.65,27.64],[-82.8,27.51],[-82.69,27.37],[-82.51,27.03],[-82.42,26.89],[-82.24,26.74],[-82.26,26.44],[-82.05,26.35],[-81.94,26.39],[-81.89,26.12],[-81.78,25.93],[-81.6,25.83],[-81.44,25.78],[-81.42,25.7],[-81.3,25.55],[-81.2,25.36],[-81.25,25.22],[-81.16,25.07],[-81,25.06],[-80.86,25.1],[-80.73,25.08],[-80.73,24.94],[-80.92,24.82],[-81.11,24.8],[-81.21,24.68],[-81.08,24.61],[-80.86,24.74],[-80.59,24.84],[-80.55,24.9],[-80.32,25.1],[-80.19,25.31],[-80.25,25.41],[-80.22,25.59],[-80.12,25.76],[-80.07,25.78],[-79.96,26.57],[-79.97,26.82],[-80.01,27.01],[-80.1,27.18],[-80.11,27.3],[-80.49,28.2],[-80.49,28.4],[-80.43,28.48],[-80.83,29.08],[-81.03,29.48],[-81.17,29.81],[-81.3,30.29],[-81.4,30.71],[-81.34,30.96],[-81.38,31.03],[-81.22,31.22],[-81.24,31.31],[-81.1,31.49],[-81.08,31.67],[-80.98,31.84],[-80.86,31.89],[-80.78,32.02],[-80.6,32.2],[-80.46,32.27],[-80.35,32.42],[-79.98,32.56],[-79.8,32.71],[-79.54,32.87],[-79.52,32.95],[-79.38,32.98],[-79.13,33.17],[-79.06,33.37],[-78.85,33.61],[-78.54,33.81],[-78.39,33.85],[-78.01,33.84],[-77.84,33.92],[-77.78,34.12],[-77.68,34.24],[-77.33,34.47],[-77.1,34.63],[-76.72,34.63],[-76.56,34.56],[-76.44,34.59],[-76.14,34.89],[-76.19,35.01],[-76.31,34.97],[-76.52,35.13],[-76.41,35.33],[-76.16,35.28],[-76.05,35.32],[-75.69,35.61],[-75.57,35.57],[-75.61,35.33],[-75.77,35.25],[-76.02,35.19],[-76.06,35.09],[-75.95,35.04],[-75.74,35.13],[-75.49,35.18],[-75.43,35.25],[-75.38,35.44],[-75.39,35.73],[-75.67,36.25],[-75.88,36.89],[-75.94,36.98],[-76.18,37.03],[-76.22,37.14],[-76.33,37.26],[-76.21,37.3],[-76.16,37.43],[-76.19,37.55],[-76.28,37.63],[-76.17,37.83],[-76.17,37.93],[-76.28,38.03],[-76.24,38.15],[-76.28,38.31],[-76.05,38.21],[-75.91,38.06],[-75.92,37.93],[-75.78,37.91],[-75.97,37.65],[-76.06,37.42],[-76.09,37.26],[-76.01,37.11],[-75.9,37.09],[-75.77,37.27],[-75.73,37.39],[-75.49,37.52],[-75.5,37.62],[-75.4,37.81],[-75.27,37.83],[-75.05,38.16],[-74.95,38.42],[-75,38.63],[-75,38.82],[-75.12,38.87],[-75.3,39.11],[-75,39.11],[-75.04,38.92],[-74.91,38.86],[-74.73,38.95],[-74.57,39.17],[-74.34,39.36],[-74.05,39.65],[-73.99,39.78],[-73.86,40.33],[-73.94,40.51],[-73.61,40.53],[-73.27,40.59],[-73.17,40.58],[-72.3,40.83],[-71.86,41],[-71.86,41.12],[-72.08,41.1],[-72.22,41.21],[-72.42,41.19],[-72.66,41.06],[-73.04,41.04],[-73.15,41.11],[-72.86,41.19],[-72.27,41.22],[-71.93,41.27],[-71.76,41.26],[-71.47,41.32],[-71.38,41.4],[-71.26,41.39],[-70.93,41.48],[-70.81,41.25],[-70.43,41.34],[-70.43,41.52],[-70.36,41.56],[-69.9,41.61],[-69.84,41.7],[-69.89,41.99],[-70.05,42.14],[-70.21,42.17],[-70.32,42.13],[-70.33,42.04],[-70.11,41.86],[-70.3,41.8],[-70.43,41.85],[-70.66,42.28],[-70.89,42.35],[-70.76,42.49],[-70.53,42.56],[-70.5,42.66],[-70.72,42.83],[-70.64,43.04],[-70.56,43.09],[-70.44,43.31],[-70.12,43.58],[-70.11,43.72],[-69.78,43.7],[-69.66,43.82],[-69.42,43.84],[-69.32,43.93],[-69.2,43.91],[-68.97,44.07],[-68.88,44.29],[-68.78,44.28],[-68.78,44.14],[-68.64,44.1],[-68.46,44.23],[-68.28,44.18],[-68.09,44.32],[-67.86,44.39],[-67.78,44.5],[-67.64,44.49],[-67.34,44.62],[-67.16,44.6],[-66.96,44.75],[-66.89,44.83],[-66.99,45.06]],[[-75.78,36.02],[-75.98,35.98],[-76.1,36.08],[-76.07,36.16],[-75.78,36.02]],[[-89.94,30.19],[-90.17,30.1],[-90.31,30.16],[-90.19,30.3],[-90.09,30.29],[-89.94,30.19]]],[[[-159.35,54.9],[-159.24,55.01],[-159.39,55.12],[-159.49,55.29],[-159.68,55.27],[-159.85,55.35],[-160.01,55.33],[-160.26,55.17],[-160.34,54.89],[-160.08,54.89],[-159.79,55.05],[-159.35,54.9]]],[[[-166.13,53.91],[-166.37,54.07],[-166.66,54.08],[-167.12,54],[-167.24,53.83],[-167.14,53.7],[-167.24,53.57],[-167.57,53.46],[-167.96,53.63],[-168.36,53.56],[-168.53,53.35],[-168.7,53.32],[-168.86,53.21],[-168.9,53.09],[-169.18,52.91],[-169.2,52.81],[-169.02,52.76],[-168.35,53.04],[-168.19,53.18],[-167.89,53.29],[-167.7,53.19],[-167.48,53.21],[-167.11,53.34],[-166.82,53.38],[-166.22,53.66],[-166.12,53.67],[-165.96,53.84],[-166.13,53.91]]],[[[-176.01,51.74],[-175.9,51.83],[-176.01,51.9],[-175.86,52.01],[-176.04,52.17],[-176.23,52.17],[-176.38,51.93],[-176.54,52.05],[-176.76,52.05],[-176.86,51.9],[-177.17,52],[-177.38,51.84],[-177.8,51.92],[-177.9,51.99],[-178.24,51.96],[-178.31,51.88],[-178.14,51.62],[-177.96,51.55],[-177.7,51.61],[-177.39,51.63],[-177.07,51.62],[-176.98,51.53],[-176.79,51.56],[-176.49,51.65],[-176.34,51.66],[-176.2,51.75],[-176.01,51.74]]],[[[-171.96,63.43],[-171.72,63.29],[-171.34,63.27],[-171.01,63.38],[-170.6,63.32],[-170.42,63.25],[-170.28,63.13],[-169.93,63.06],[-169.72,62.89],[-169.52,62.91],[-169.29,63.1],[-168.79,63.1],[-168.61,63.18],[-168.58,63.35],[-168.97,63.42],[-169.41,63.42],[-169.53,63.49],[-169.9,63.55],[-169.98,63.66],[-170.42,63.77],[-170.75,63.73],[-170.94,63.66],[-171.35,63.69],[-171.62,63.8],[-171.89,63.75],[-171.96,63.43]]],[[[-167.49,60.11],[-167.22,59.95],[-166.69,59.8],[-166.39,59.77],[-166.15,59.68],[-165.99,59.8],[-165.56,59.84],[-165.46,59.99],[-165.56,60.1],[-165.55,60.3],[-165.83,60.42],[-166.16,60.47],[-166.52,60.46],[-166.91,60.34],[-167.26,60.31],[-167.57,60.23],[-167.49,60.11]]],[[[-153.79,56.76],[-153.52,56.93],[-153.31,56.93],[-153.08,57.03],[-152.77,57.1],[-152.66,57.26],[-152.23,57.44],[-152.08,57.55],[-152.15,57.68],[-152.33,57.71],[-152.27,57.82],[-152.48,57.92],[-152.56,58.03],[-152.1,58.09],[-151.85,58.22],[-151.86,58.35],[-152.28,58.49],[-152.22,58.6],[-152.36,58.69],[-152.7,58.62],[-152.75,58.51],[-152.97,58.47],[-152.98,58.37],[-153.21,58.29],[-153.48,58.14],[-153.49,58.06],[-153.93,57.92],[-154.04,57.85],[-154,57.72],[-154.34,57.7],[-154.62,57.62],[-154.8,57.48],[-154.84,57.31],[-154.69,57.18],[-154.62,57.01],[-154.42,56.86],[-154.21,56.85],[-154.08,56.71],[-153.79,56.76]]],[[[-147.99,59.78],[-147.91,59.73],[-147.47,59.8],[-147.2,60.03],[-146.86,60.22],[-146.79,60.3],[-147.09,60.44],[-147.3,60.42],[-147.57,60.15],[-147.94,59.93],[-147.99,59.78]]],[[[-155.48,55.76],[-155.46,55.98],[-155.62,56],[-155.88,55.85],[-155.83,55.75],[-155.54,55.72],[-155.48,55.76]]],[[[-154.65,56.36],[-154.41,56.48],[-154.18,56.44],[-154.01,56.5],[-154.02,56.66],[-154.55,56.67],[-154.83,56.55],[-154.9,56.38],[-154.65,56.36]]],[[[-162.55,54.32],[-162.44,54.38],[-162.52,54.5],[-162.78,54.56],[-162.93,54.53],[-162.93,54.41],[-162.64,54.3],[-162.55,54.32]]],[[[-166.05,54.27],[-166.19,54.21],[-166.22,54.1],[-166.15,54],[-165.94,53.97],[-165.69,54.01],[-165.29,54.17],[-165.29,54.22],[-165.51,54.36],[-165.77,54.28],[-166.05,54.27]]],[[[-172.23,60.42],[-172.73,60.55],[-172.87,60.67],[-173.18,60.61],[-173.2,60.46],[-172.69,60.26],[-172.17,60.23],[-172.1,60.28],[-172.23,60.42]]],[[[-170.13,57.11],[-169.99,57.27],[-170.05,57.31],[-170.42,57.27],[-170.52,57.17],[-170.46,57.1],[-170.24,57.06],[-170.13,57.11]]],[[[-169.67,52.94],[-169.84,52.96],[-170.08,52.91],[-170.05,52.75],[-169.68,52.73],[-169.56,52.86],[-169.67,52.94]]],[[[-170.61,52.76],[-170.72,52.78],[-170.95,52.62],[-170.8,52.48],[-170.52,52.56],[-170.46,52.69],[-170.61,52.76]]],[[[-172.47,52.2],[-172.2,52.32],[-172.32,52.44],[-172.5,52.47],[-172.63,52.41],[-172.73,52.24],[-172.47,52.2]]],[[[-169.45,56.51],[-169.33,56.57],[-169.38,56.68],[-169.82,56.7],[-169.91,56.58],[-169.69,56.48],[-169.45,56.51]]],[[[178.59,51.84],[178.72,51.96],[178.48,52.06],[178.36,51.99],[178.47,51.83],[178.59,51.84]]],[[[178.83,51.7],[178.68,51.73],[178.53,51.63],[178.68,51.53],[178.87,51.47],[179.24,51.3],[179.45,51.3],[179.57,51.37],[179.48,51.46],[179.34,51.49],[178.96,51.68],[178.83,51.7]]],[[[173.73,52.57],[173.63,52.58],[173.34,52.5],[173.3,52.37],[173.8,52.31],[173.88,52.53],[173.73,52.57]]],[[[-174.04,52.03],[-173.84,51.98],[-173.47,51.97],[-173,52.01],[-172.94,52.14],[-173.34,52.17],[-173.67,52.22],[-173.94,52.21],[-173.9,52.34],[-173.95,52.42],[-174.16,52.5],[-174.38,52.44],[-174.55,52.33],[-174.49,52.26],[-174.71,52.2],[-175.33,52.09],[-175.41,52],[-175.24,51.92],[-174.66,51.96],[-174.04,52.03]]],[[[179.74,51.83],[179.89,51.98],[179.63,52.1],[179.39,52.02],[179.38,51.91],[179.48,51.83],[179.74,51.83]]],[[[177.71,52.17],[177.49,52.17],[177.42,52.06],[177.12,51.92],[177.32,51.77],[177.71,51.91],[177.78,52.13],[177.71,52.17]]],[[[173.42,52.95],[173.12,53.07],[172.64,53.08],[172.43,53],[172.39,52.91],[172.63,52.83],[172.68,52.74],[172.95,52.67],[173.11,52.74],[173.37,52.75],[173.55,52.85],[173.42,52.95]]],[[[-155.82,18.96],[-155.59,18.89],[-155.47,19.06],[-155.28,19.19],[-155.02,19.25],[-154.79,19.4],[-154.73,19.53],[-154.89,19.69],[-155.01,19.91],[-155.15,20.05],[-155.59,20.23],[-155.83,20.36],[-155.94,20.31],[-155.97,20.16],[-155.91,20.02],[-156.14,19.76],[-155.97,19.37],[-155.98,19.11],[-155.94,19.02],[-155.82,18.96]]],[[[-156.94,21],[-157.06,20.98],[-157.13,20.92],[-157.04,20.7],[-156.9,20.67],[-156.8,20.72],[-156.73,20.83],[-156.52,20.69],[-156.51,20.57],[-156.3,20.53],[-156.08,20.58],[-155.95,20.67],[-155.9,20.76],[-156.1,20.94],[-156.26,21.03],[-156.44,20.99],[-156.73,21.23],[-157.29,21.29],[-157.36,21.13],[-157.35,21.07],[-156.94,21]]],[[[-157.74,21.2],[-157.56,21.29],[-157.68,21.52],[-157.77,21.57],[-157.93,21.78],[-158.06,21.76],[-158.16,21.67],[-158.28,21.66],[-158.35,21.59],[-158.32,21.46],[-158.17,21.26],[-157.93,21.26],[-157.74,21.2]]],[[[-159.69,22.24],[-159.78,22.19],[-159.88,22.04],[-159.8,21.93],[-159.65,21.84],[-159.45,21.79],[-159.32,21.88],[-159.22,22.09],[-159.31,22.29],[-159.6,22.3],[-159.69,22.24]]],[[[-160.31,21.81],[-160.3,21.74],[-160.16,21.73],[-160.01,21.86],[-159.98,22.03],[-160.13,22.09],[-160.29,21.94],[-160.31,21.81]]],[[[-69.99,41.19],[-69.9,41.23],[-69.95,41.43],[-70.1,41.46],[-70.14,41.38],[-70.32,41.32],[-70.32,41.26],[-70.06,41.17],[-69.99,41.19]]],[[[-120.41,33.96],[-120.29,33.96],[-120.22,33.86],[-120,33.85],[-119.92,33.93],[-119.82,33.89],[-119.5,33.94],[-119.45,34.03],[-119.54,34.12],[-119.68,34.1],[-119.89,34.16],[-120,34.09],[-120.26,34.09],[-120.35,34.14],[-120.53,34.04],[-120.41,33.96]]],[[[-119.46,33.14],[-119.36,33.26],[-119.43,33.34],[-119.65,33.31],[-119.6,33.16],[-119.46,33.14]]],[[[-118.47,32.76],[-118.28,32.79],[-118.27,32.84],[-118.54,33.1],[-118.67,33.02],[-118.54,32.78],[-118.47,32.76]]],[[[-118.44,33.51],[-118.57,33.55],[-118.66,33.49],[-118.49,33.26],[-118.31,33.24],[-118.21,33.3],[-118.28,33.43],[-118.44,33.51]]],[[[-81.27,24.61],[-81.25,24.72],[-81.37,24.81],[-81.6,24.75],[-81.69,24.63],[-81.78,24.65],[-81.88,24.59],[-81.86,24.49],[-81.45,24.57],[-81.36,24.55],[-81.27,24.61]]],[[[-88.86,29.64],[-88.75,29.78],[-88.75,30.03],[-88.84,30.13],[-88.94,30.09],[-88.91,29.92],[-88.94,29.79],[-89.02,29.71],[-89.01,29.61],[-88.86,29.64]]]]},"properties":{"ISO_A2_EH":"US"}},
{"type":"Feature","geometry":{"type":"MultiPolygon","coordinates":[[[[-26.12,-58.46],[-26.23,-58.31],[-26.47,-58.31],[-26.59,-58.41],[-26.33,-58.55],[-26.12,-58.46]]],[[[-36.17,-54.92],[-35.87,-54.9],[-35.67,-54.76],[-35.79,-54.67],[-35.77,-54.57],[-35.97,-54.5],[-36.07,-54.33],[-36.31,-54.18],[-36.43,-54.22],[-36.64,-54.04],[-37.19,-53.99],[-37.32,-53.92],[-37.96,-53.92],[-38.13,-54.04],[-37.94,-54.1],[-37.67,-54.24],[-37.52,-54.23],[-37.04,-54.41],[-36.81,-54.52],[-36.58,-54.58],[-36.36,-54.82],[-36.17,-54.92]]]]},"properties":{"ISO_A2_EH":"GS"}},
{"type":"Feature","geometry":{"type":"Polygon","coordinates":[[[72.57,-7.34],[72.56,-7.22],[72.44,-7.15],[72.28,-7.26],[72.4,-7.5],[72.52,-7.47],[72.57,-7.34]]]},"properties":{"ISO_A2_EH":"IO"}},
{"type":"Feature","geometry":{"type":"MultiPolygon","coordinates":[[[[-5.73,-16.07],[-5.58,-16],[-5.61,-15.86],[-5.73,-15.83],[-5.84,-15.92],[-5.84,-16.05],[-5.73,-16.07]]],[[[-14.38,-8.05],[-14.27,-8.02],[-14.23,-7.93],[-14.33,-7.82],[-14.42,-7.8],[-14.49,-7.94],[-14.38,-8.05]]]]},"properties":{"ISO_A2_EH":"SH"}},
{"type":"Feature","geometry":{"type":"Polygon","coordinates":[[[-128.23,-24.44],[-128.24,-24.28],[-128.35,-24.24],[-128.44,-24.32],[-128.38,-24.45],[-128.23,-24.44]]]},"properties":{"ISO_A2_EH":"PN"}},
{"type":"Feature","geometry":{"type":"Polygon","coordinates":[[[-62.96,18.16],[-62.91,18.3],[-63.04,18.34],[-63.22,18.25],[-63.19,18.11],[-62.96,18.16]]]},"properties":{"ISO_A2_EH":"AI"}},
{"type":"Feature","geometry":{"type":"Polygon","coordinates":[[[-58.11,-51.32],[-58.27,-51.34],[-58.35,-51.26],[-58.67,-51.25],[-58.82,-51.2],[-59.01,-51.23],[-59.01,-51.34],[-59.14,-51.41],[-59.24,-51.33],[-59.4,-51.29],[-59.74,-51.37],[-60.15,-51.2],[-60.36,-51.23],[-60.67,-51.32],[-60.6,-51.53],[-60.7,-51.73],[-60.54,-51.83],[-60.79,-51.87],[-60.79,-51.75],[-61.06,-51.72],[-61.25,-51.82],[-61.21,-51.91],[-60.88,-52.21],[-60.72,-52.26],[-60.45,-52.27],[-60.27,-52.19],[-60.14,-52.07],[-59.9,-52.1],[-59.86,-52.29],[-59.76,-52.34],[-59.61,-52.29],[-59.33,-52.37],[-58.96,-52.2],[-58.34,-52.14],[-58.29,-51.93],[-58.08,-51.83],[-57.74,-51.76],[-57.68,-51.62],[-57.84,-51.35],[-58.11,-51.32]],[[-59.65,-51.87],[-59.26,-51.56],[-59.22,-51.64],[-59.65,-51.87]]]},"properties":{"ISO_A2_EH":"FK"}},
{"type":"Feature","geometry":{"type":"MultiPolygon","coordinates":[[[[-81.49,19.32],[-81.46,19.23],[-81.3,19.2],[-81.11,19.23],[-81.03,19.29],[-81.08,19.41],[-81.37,19.45],[-81.48,19.41],[-81.49,19.32]]],[[[-80.13,19.76],[-80.18,19.62],[-80.08,19.59],[-79.94,19.65],[-79.86,19.62],[-79.67,19.71],[-79.68,19.8],[-79.8,19.84],[-79.94,19.77],[-80.13,19.76]]]]},"properties":{"ISO_A2_EH":"KY"}},
{"type":"Feature","geometry":{"type":"Polygon","coordinates":[[[-64.74,32.21],[-64.67,32.24],[-64.59,32.41],[-64.73,32.47],[-64.94,32.31],[-64.88,32.19],[-64.74,32.21]]]},"properties":{"ISO_A2_EH":"BM"}},
{"type":"Feature","geometry":{"type":"MultiPolygon","coordinates":[[[[-64.59,18.33],[-64.49,18.39],[-64.36,18.4],[-64.28,18.46],[-64.27,18.57],[-64.48,18.58],[-64.56,18.52],[-64.68,18.51],[-64.76,18.44],[-64.59,18.33]]],[[[-64.37,18.82],[-64.46,18.8],[-64.45,18.68],[-64.3,18.64],[-64.2,18.69],[-64.23,18.8],[-64.37,18.82]]]]},"properties":{"ISO_A2_EH":"VG"}},
{"type":"Feature","geometry":{"type":"MultiPolygon","coordinates":[[[[-71.73,21.91],[-71.84,21.92],[-71.89,22.01],[-72.06,22.01],[-72.11,21.89],[-71.88,21.73],[-71.64,21.68],[-71.56,21.78],[-71.62,21.9],[-71.73,21.91]]],[[[-72.42,21.76],[-72.3,21.68],[-72.15,21.7],[-72.07,21.76],[-72.11,21.87],[-72.37,21.92],[-72.42,21.76]]]]},"properties":{"ISO_A2_EH":"TC"}},
{"type":"Feature","geometry":{"type":"Polygon","coordinates":[[[-62.08,16.7],[-62.11,16.83],[-62.24,16.86],[-62.3,16.77],[-62.28,16.66],[-62.11,16.62],[-62.08,16.7]]]},"properties":{"ISO_A2_EH":"MS"}},
{"type":"Feature","geometry":{"type":"Polygon","coordinates":[[[-2,49.31],[-2.29,49.32],[-2.31,49.12],[-2.07,49.09],[-1.92,49.14],[-2,49.31]]]},"properties":{"ISO_A2_EH":"JE"}},
{"type":"Feature","geometry":{"type":"Polygon","coordinates":[[[-2.43,49.44],[-2.45,49.58],[-2.57,49.58],[-2.75,49.5],[-2.73,49.4],[-2.5,49.36],[-2.43,49.44]]]},"properties":{"ISO_A2_EH":"GG"}},
{"type":"Feature","geometry":{"type":"Polygon","coordinates":[[[-4.38,54.47],[-4.6,54.43],[-4.81,54.27],[-4.9,54.05],[-4.59,53.99],[-4.3,54.15],[-4.21,54.25],[-4.26,54.43],[-4.38,54.47]]]},"properties":{"ISO_A2_EH":"IM"}},
{"type":"Feature","geometry":{"type":"MultiPolygon","coordinates":[[[[-6.85,55.26],[-7.04,55.14],[-7.38,55.03],[-7.55,54.77],[-7.89,54.67],[-7.79,54.57],[-8.04,54.51],[-8.12,54.41],[-7.88,54.28],[-7.85,54.22],[-7.61,54.14],[-7.36,54.12],[-7.16,54.24],[-7.2,54.3],[-7.05,54.41],[-6.94,54.37],[-6.65,54.06],[-6.22,54.09],[-6.05,53.98],[-5.84,54.04],[-5.74,54.17],[-5.5,54.22],[-5.35,54.5],[-5.42,54.65],[-5.58,54.74],[-5.6,54.85],[-5.87,55.06],[-5.92,55.18],[-6.07,55.29],[-6.5,55.31],[-6.85,55.26]]],[[[-5.71,55.26],[-5.55,55.27],[-5.41,55.42],[-5.25,55.38],[-5.02,55.39],[-4.98,55.59],[-5.09,55.74],[-5.22,55.79],[-5,55.89],[-5.02,55.67],[-4.81,55.51],[-5.14,55.08],[-5.3,55.02],[-5.29,54.91],[-5.13,54.72],[-5,54.64],[-4.83,54.63],[-4.77,54.75],[-4.51,54.68],[-4.27,54.76],[-4.17,54.7],[-3.92,54.71],[-3.73,54.8],[-3.57,54.81],[-3.72,54.57],[-3.69,54.44],[-3.42,54.19],[-3.22,54.06],[-3.14,53.95],[-3.17,53.85],[-3.09,53.71],[-3.19,53.5],[-3.28,53.42],[-3.95,53.34],[-4.11,53.37],[-4.25,53.49],[-4.49,53.49],[-4.69,53.43],[-4.67,53.24],[-4.5,53.06],[-4.8,52.86],[-4.76,52.75],[-4.54,52.75],[-4.24,52.84],[-4.17,52.71],[-4.15,52.52],[-4.25,52.37],[-4.44,52.26],[-5.27,52],[-5.38,51.86],[-5.2,51.65],[-4.91,51.54],[-4.55,51.67],[-4.32,51.62],[-4.31,51.52],[-4.11,51.49],[-3.93,51.52],[-3.62,51.35],[-4.2,51.27],[-4.38,51.08],[-4.62,51.03],[-4.68,50.81],[-5.09,50.54],[-5.4,50.31],[-5.64,50.26],[-5.77,50.16],[-5.77,50.05],[-5.64,49.98],[-5.44,50.03],[-5.26,49.94],[-5.04,49.98],[-4.95,50.09],[-4.68,50.23],[-4.48,50.27],[-4.17,50.29],[-3.83,50.15],[-3.62,50.17],[-3.48,50.29],[-3.33,50.57],[-2.98,50.65],[-2.81,50.64],[-2.6,50.55],[-2.33,50.56],[-2.03,50.53],[-1.68,50.66],[-1.34,50.52],[-1.13,50.54],[-0.91,50.7],[-0.78,50.69],[-0.21,50.74],[0.21,50.69],[0.34,50.71],[0.81,50.86],[1.03,50.87],[1.13,50.99],[1.44,51.1],[1.51,51.16],[1.53,51.41],[1.4,51.45],[0.9,51.43],[1.11,51.71],[1.39,51.81],[1.39,51.9],[1.65,52.04],[1.73,52.15],[1.86,52.46],[1.83,52.7],[1.75,52.8],[1.45,52.96],[1.07,53.03],[0.5,53.04],[0.31,52.88],[0.21,52.92],[0.4,53.04],[0.48,53.16],[0.38,53.37],[0.22,53.52],[0.11,53.78],[-0.08,54.01],[0.04,54.12],[-0.28,54.32],[-0.59,54.56],[-1.08,54.71],[-1.18,54.8],[-1.3,55.05],[-1.54,55.61],[-2.07,55.96],[-2.71,56.13],[-2.55,56.22],[-2.53,56.35],[-2.72,56.42],[-2.49,56.52],[-2.14,56.83],[-1.96,57.08],[-1.9,57.23],[-1.65,57.45],[-1.75,57.65],[-2.06,57.78],[-2.26,57.75],[-2.86,57.76],[-3.06,57.74],[-3.43,57.78],[-3.68,57.73],[-3.73,57.83],[-3.87,57.92],[-3.11,58.27],[-2.96,58.43],[-2.91,58.61],[-2.77,58.83],[-2.6,58.98],[-2.84,59.09],[-2.32,59.22],[-2.29,59.33],[-2.56,59.38],[-2.75,59.33],[-2.94,59.43],[-3.14,59.39],[-3.27,59.22],[-3.43,59.18],[-3.54,58.87],[-3.35,58.71],[-3.89,58.65],[-4.44,58.64],[-4.66,58.6],[-4.93,58.66],[-5.2,58.54],[-5.21,58.32],[-5.45,58.3],[-5.56,58.07],[-5.42,57.95],[-5.69,57.95],[-5.88,57.68],[-6.04,57.61],[-6.28,57.75],[-6.66,57.63],[-6.9,57.44],[-6.76,57.3],[-6.54,57.27],[-6.42,57.15],[-6.56,57.04],[-6.49,56.92],[-6.27,56.88],[-6.13,57],[-5.96,56.97],[-5.99,56.88],[-6.36,56.68],[-6.49,56.75],[-6.65,56.72],[-6.81,56.61],[-6.74,56.52],[-6.42,56.51],[-6.28,56.46],[-6.47,56.34],[-6.4,56.24],[-6.16,56.22],[-5.75,56.27],[-6.04,56.09],[-6.1,55.99],[-6.43,55.94],[-6.56,55.87],[-6.63,55.72],[-6.39,55.55],[-6.22,55.54],[-5.8,55.64],[-5.9,55.34],[-5.71,55.26]]],[[[-1.27,60.68],[-1.52,60.66],[-1.74,60.48],[-1.59,60.37],[-1.79,60.32],[-1.76,60.19],[-1.42,60.11],[-1.51,59.89],[-1.3,59.81],[-1.15,59.85],[-1.06,59.98],[-0.92,60.38],[-0.89,60.61],[-0.73,60.63],[-0.63,60.79],[-0.72,60.9],[-0.89,60.91],[-1.18,60.78],[-1.27,60.68]]],[[[-6.07,58.48],[-6.2,58.57],[-6.37,58.55],[-7.04,58.31],[-7.21,58.22],[-7.2,57.98],[-7.08,57.91],[-7.2,57.75],[-7.54,57.72],[-7.65,57.56],[-7.36,57.46],[-7.1,57.46],[-6.9,57.68],[-6.73,57.76],[-6.27,58.02],[-6.06,58.35],[-6.07,58.48]]],[[[-7.24,57.04],[-7.11,57.12],[-7.14,57.41],[-7.25,57.46],[-7.51,57.43],[-7.56,57.23],[-7.5,57.09],[-7.63,57.06],[-7.65,56.91],[-7.33,56.9],[-7.24,57.04]]]]},"properties":{"ISO_A2_EH":"GB"}},
{"type":"Feature","geometry":{"type":"Polygon","coordinates":[[[56.38,25.67],[56.28,25.63],[56.14,25.69],[56.17,26.05],[56.08,26.13],[56.01,26.1],[55.88,25.84],[55.47,25.55],[55.25,25.34],[55.23,25.27],[55.05,25.1],[54.69,24.86],[54.47,24.58],[54.35,24.57],[54.26,24.48],[54.27,24.32],[54.01,24.2],[53.85,24.34],[53.65,24.27],[53.56,24.16],[53.34,24.17],[53.47,24.27],[53.54,24.38],[53.41,24.48],[53.16,24.36],[53.03,24.22],[52.66,24.23],[52.74,24.33],[52.65,24.45],[52.51,24.4],[52.57,24.22],[52.23,24.06],[51.93,24.06],[51.87,24.1],[51.84,24.31],[51.53,24.37],[51.59,24.08],[51.9,23.71],[52.56,22.93],[53.83,22.78],[55.1,22.62],[55.19,22.7],[55.2,23.03],[55.51,23.72],[55.53,23.82],[55.47,23.94],[55.55,23.99],[55.99,24.06],[55.93,24.22],[55.76,24.24],[55.81,24.35],[55.77,24.49],[55.8,24.64],[55.8,24.87],[55.92,24.97],[56.06,24.74],[56.27,24.87],[56.39,25.05],[56.46,25],[56.44,25.59],[56.38,25.67]]]},"properties":{"ISO_A2_EH":"AE"}},
{"type":"Feature","geometry":{"type":"Polygon","coordinates":[[[38.26,47.03],[38.2,47.32],[38.29,47.56],[38.72,47.71],[38.9,47.86],[39.39,47.83],[39.74,47.84],[39.89,48.17],[39.96,48.24],[39.84,48.54],[39.64,48.59],[39.7,48.74],[39.79,48.81],[39.69,49.01],[39.89,49.06],[40.07,49.2],[40.13,49.37],[40.06,49.43],[40.03,49.6],[39.78,49.57],[39.46,49.73],[39.3,49.74],[39.17,49.86],[38.92,49.82],[38.65,49.95],[38.45,49.96],[38.26,50.05],[38.05,49.92],[37.7,50.11],[37.58,50.29],[37.42,50.41],[36.76,50.29],[36.62,50.21],[36.5,50.28],[36.31,50.28],[36.12,50.41],[35.89,50.44],[35.67,50.35],[35.41,50.54],[35.44,50.73],[35.31,51.04],[35.16,51.06],[35.06,51.2],[34.71,51.17],[34.28,51.31],[34.21,51.42],[34.2,51.55],[34.12,51.68],[34.38,51.72],[34.4,51.78],[34.11,51.98],[33.92,52.25],[33.74,52.34],[33.15,52.34],[32.9,52.26],[32.51,52.31],[32.36,52.27],[32.28,52.11],[31.97,52.05],[31.76,52.1],[31.35,52.11],[31.22,52.05],[30.98,52.05],[30.67,51.81],[30.53,51.6],[30.63,51.36],[30.54,51.27],[30.33,51.33],[30.16,51.48],[29.55,51.43],[29.35,51.38],[29.14,51.62],[28.65,51.46],[28.6,51.54],[28.18,51.61],[28.01,51.56],[27.86,51.59],[27.27,51.61],[27.14,51.75],[26.95,51.75],[26.45,51.81],[25.93,51.91],[25.27,51.94],[24.36,51.87],[24.13,51.66],[23.95,51.59],[23.71,51.64],[23.61,51.52],[23.66,51.31],[23.86,51.13],[23.94,50.99],[24.11,50.84],[23.98,50.79],[24.09,50.62],[24.09,50.53],[23.97,50.41],[23.71,50.38],[23.04,49.9],[22.65,49.54],[22.73,49.3],[22.71,49.17],[22.85,49.08],[22.81,49.02],[22.54,49.07],[22.39,48.87],[22.3,48.69],[22.14,48.57],[22.13,48.41],[22.25,48.41],[22.35,48.26],[22.58,48.13],[22.77,48.11],[22.88,47.95],[23.2,48.08],[23.41,47.99],[23.63,48],[24.18,47.91],[24.48,47.95],[24.58,47.93],[24.89,47.72],[25.07,47.75],[25.17,47.82],[25.46,47.91],[26.16,47.99],[26.31,48.2],[26.62,48.26],[26.85,48.39],[27.23,48.37],[27.55,48.48],[27.82,48.42],[28.04,48.32],[28.09,48.26],[28.29,48.24],[28.33,48.16],[28.77,48.12],[28.97,47.93],[29.09,47.98],[29.19,47.88],[29.21,47.73],[29.12,47.53],[29.16,47.46],[29.55,47.25],[29.52,47.09],[29.57,46.96],[29.88,46.83],[29.94,46.72],[29.92,46.54],[30.13,46.42],[30.08,46.38],[29.84,46.35],[29.75,46.44],[29.61,46.4],[29.15,46.53],[28.93,46.42],[29.01,46.18],[28.95,46.05],[28.74,45.94],[28.73,45.85],[28.49,45.67],[28.47,45.51],[28.21,45.45],[28.45,45.29],[28.76,45.23],[29.22,45.4],[29.4,45.42],[29.57,45.37],[29.81,45.25],[29.83,45.34],[29.77,45.57],[29.83,45.66],[30.29,45.81],[30.6,46.06],[30.75,46.24],[30.89,46.5],[31.15,46.55],[31.45,46.55],[31.43,46.28],[31.49,46.2],[31.67,46.15],[32.14,46.08],[32.21,46.1],[32.46,46.01],[33.17,46.09],[33.42,45.98],[33.54,46.01],[33.65,46.15],[33.81,46.21],[34.03,46.11],[34.35,46.06],[34.45,45.97],[34.69,45.98],[34.79,45.89],[34.8,45.79],[34.95,45.73],[35.1,45.76],[34.95,46.06],[35.07,46.03],[35.34,46.16],[35.48,46.33],[35.88,46.56],[36.03,46.59],[36.32,46.59],[36.48,46.67],[36.66,46.69],[36.81,46.64],[37,46.77],[37.24,46.85],[37.39,46.84],[37.6,47.01],[38.26,47.03]]]},"properties":{"ISO_A2_EH":"UA"}},
{"type":"Feature","geometry":{"type":"Polygon","coordinates":[[[33.9,-1],[33.92,-0.4],[33.92,-0.02],[33.94,0.17],[34.04,0.29],[34.16,0.61],[34.27,0.69],[34.41,0.87],[34.48,1.04],[34.65,1.19],[34.79,1.23],[34.78,1.38],[34.97,1.64],[34.96,2.06],[34.88,2.42],[34.91,2.48],[34.81,2.62],[34.74,2.82],[34.59,2.92],[34.52,3.12],[34.45,3.16],[34.4,3.41],[34.44,3.61],[34.39,3.69],[34.27,3.73],[34.17,3.81],[33.98,4.22],[33.57,3.81],[33.49,3.76],[33.15,3.77],[33,3.88],[32.84,3.8],[32.34,3.71],[32.1,3.53],[31.94,3.61],[31.8,3.8],[31.63,3.7],[31.48,3.68],[31.22,3.79],[31.15,3.79],[30.93,3.63],[30.84,3.49],[30.91,3.41],[30.83,3.28],[30.75,3.04],[30.82,2.97],[30.85,2.85],[30.77,2.68],[30.73,2.46],[30.83,2.4],[30.96,2.4],[31.08,2.29],[31.18,2.27],[31.27,2.15],[31.25,2.04],[30.94,1.68],[30.48,1.24],[30.32,1.19],[30.18,0.97],[29.94,0.82],[29.93,0.5],[29.78,0.17],[29.72,0.1],[29.63,-0.44],[29.65,-0.54],[29.56,-0.98],[29.58,-1.39],[29.83,-1.34],[29.88,-1.45],[29.99,-1.45],[30.1,-1.37],[30.36,-1.07],[30.51,-1.07],[30.84,-1],[32.02,-1],[33.08,-1],[33.9,-1]]]},"properties":{"ISO_A2_EH":"UG"}},
{"type":"Feature","geometry":{"type":"MultiPolygon","coordinates":[[[[55.98,41.32],[55.55,41.26],[55.43,41.3],[55.25,41.46],[54.95,41.81],[54.9,41.92],[54.68,42.08],[54.27,42.28],[54.12,42.34],[53.69,42.3],[53.25,42.21],[52.87,42.06],[52.43,41.73],[52.4,41.76],[52.52,41.5],[52.77,41.16],[52.96,41.19],[52.93,41.34],[52.98,41.68],[52.92,41.73],[53.05,41.93],[53.18,42.02],[53.29,42.01],[53.63,42.06],[53.76,42.05],[54.01,41.49],[54.11,41.38],[54.53,41.14],[54.61,41.05],[54.55,40.91],[54.35,40.95],[54.2,40.79],[53.82,40.73],[53.67,40.88],[53.5,40.91],[53.34,40.86],[53.2,40.89],[53.01,41.09],[52.85,41.05],[52.76,40.7],[52.64,40.41],[52.65,40.21],[52.72,40.03],[52.82,39.88],[52.97,39.72],[53.09,39.72],[53.12,39.81],[53.05,39.9],[53.38,39.89],[53.36,39.74],[53.22,39.68],[53.03,39.45],[53.07,39.24],[53.18,39.19],[53.27,39.26],[53.44,39.24],[53.58,39.15],[53.78,38.92],[53.75,38.52],[53.76,38.29],[53.73,37.93],[53.76,37.66],[53.83,37.33],[54.19,37.33],[54.75,37.5],[54.85,37.72],[55.08,37.9],[55.38,38.05],[55.58,38.1],[56.23,38.07],[56.32,38.19],[56.44,38.25],[56.77,38.25],[56.91,38.21],[57.19,38.22],[57.33,38.09],[57.42,37.95],[57.71,37.91],[58.11,37.78],[58.26,37.67],[58.44,37.64],[58.55,37.69],[58.65,37.65],[58.82,37.68],[59.24,37.52],[59.34,37.44],[59.37,37.33],[59.56,37.18],[59.95,37.04],[60.06,36.96],[60.34,36.64],[61.12,36.64],[61.17,36.57],[61.16,36.43],[61.21,36.1],[61.15,35.98],[61.25,35.87],[61.26,35.62],[61.34,35.63],[61.54,35.46],[61.72,35.42],[61.98,35.44],[62.25,35.25],[62.31,35.17],[62.46,35.25],[62.61,35.23],[63.06,35.45],[63.08,35.57],[63.17,35.68],[63.11,35.82],[63.3,35.86],[63.86,36.01],[64.01,36.01],[64.09,36.11],[64.36,36.23],[64.51,36.34],[64.6,36.55],[64.82,37.13],[65.09,37.24],[65.55,37.25],[65.64,37.47],[65.77,37.57],[66.11,37.41],[66.52,37.35],[66.53,37.79],[66.63,37.93],[66.57,38.01],[66.39,38.05],[66.17,38.17],[65.86,38.27],[65.61,38.24],[65.08,38.54],[64.66,38.74],[64.31,38.98],[64.16,38.95],[63.72,39.19],[63.51,39.38],[62.65,39.86],[62.44,40.04],[62.38,40.33],[62.3,40.47],[62.19,40.54],[62.1,40.68],[61.95,41.03],[61.8,41.16],[61.5,41.28],[61.33,41.2],[60.75,41.25],[60.45,41.22],[60.09,41.4],[60.14,41.59],[60.08,41.7],[60.11,41.91],[59.96,41.95],[60.01,42.19],[59.86,42.3],[59.45,42.3],[59.28,42.36],[59.12,42.52],[58.88,42.56],[58.59,42.78],[58.48,42.66],[58.26,42.69],[58.15,42.63],[58.29,42.53],[58.23,42.45],[58.03,42.49],[57.81,42.19],[57.38,42.16],[57.23,42.08],[56.96,41.86],[57.02,41.45],[57.12,41.35],[57.02,41.26],[56.77,41.29],[55.98,41.32]]],[[[52.94,38.97],[53.01,38.74],[53.15,38.69],[53.2,38.8],[53.15,39.03],[53.17,39.13],[53,39.17],[52.92,39.07],[52.94,38.97]]]]},"properties":{"ISO_A2_EH":"TM"}},
{"type":"Feature","geometry":{"type":"MultiPolygon","coordinates":[[[[43.44,41.11],[43.36,41.19],[43.21,41.2],[43.15,41.31],[42.79,41.56],[42.57,41.56],[42.47,41.44],[42.21,41.49],[41.93,41.5],[41.82,41.43],[41.43,41.56],[41.35,41.48],[40.93,41.28],[40.78,41.26],[40.64,41.17],[40.24,41.03],[39.84,41.05],[39.44,41.18],[38.83,41.09],[38.54,41.01],[38.39,41],[37.95,41.07],[37.8,41.15],[37.45,41.18],[37.13,41.25],[37.06,41.33],[36.8,41.44],[36.62,41.42],[36.47,41.34],[36.26,41.46],[36.13,41.74],[35.92,41.79],[35.57,41.71],[35.35,41.79],[35.22,41.92],[35.24,42.06],[35,42.14],[34.73,42.03],[34.2,42.04],[33.38,42.09],[33.26,42.07],[32.91,41.96],[32.51,41.87],[32.26,41.79],[32.03,41.65],[31.39,41.37],[31.22,41.18],[30.82,41.16],[30.35,41.27],[29.92,41.22],[29.33,41.3],[28.98,41.32],[28.4,41.53],[28.27,41.6],[28.09,41.86],[28.11,41.97],[27.88,41.99],[27.53,41.92],[27.29,42.08],[27.01,42.06],[26.88,41.99],[26.62,41.96],[26.51,41.83],[26.36,41.8],[26.32,41.72],[26.58,41.6],[26.62,41.4],[26.33,41.24],[26.33,40.95],[26.11,40.75],[25.95,40.69],[26.06,40.55],[26.36,40.53],[26.16,40.35],[26.16,40.21],[26.06,39.88],[26.06,39.67],[26.01,39.59],[26.02,39.45],[26.09,39.41],[26.42,39.43],[26.63,39.38],[26.59,39.28],[26.76,39.09],[26.73,38.93],[26.85,38.83],[26.56,38.69],[26.44,38.72],[26.29,38.68],[26.28,38.55],[26.33,38.44],[26.25,38.36],[26.22,38.25],[26.28,38.18],[26.61,38.07],[26.74,38.09],[26.84,37.98],[26.93,37.99],[27.13,37.92],[27.12,37.77],[26.98,37.62],[27.07,37.56],[27.13,37.35],[27.26,37.28],[27.26,37.2],[27.16,37.1],[27.18,36.96],[27.37,36.93],[28,36.95],[27.91,36.88],[27.61,36.86],[27.4,36.81],[27.37,36.68],[27.52,36.61],[27.7,36.61],[27.81,36.67],[27.92,36.67],[27.96,36.59],[28.14,36.58],[28.35,36.74],[28.46,36.73],[28.68,36.63],[28.92,36.6],[29.03,36.5],[29.06,36.36],[29.31,36.19],[29.68,36.08],[29.81,36.1],[30.24,36.23],[30.39,36.16],[30.57,36.28],[30.65,36.51],[30.69,36.79],[31.32,36.73],[31.74,36.55],[31.97,36.47],[32.32,36.13],[32.5,36.04],[32.8,35.96],[32.95,36.02],[33.11,36.03],[33.73,36.11],[34.09,36.29],[34.36,36.55],[34.65,36.72],[34.78,36.73],[35.14,36.57],[35.39,36.5],[35.58,36.53],[35.73,36.68],[36.04,36.82],[36.1,36.69],[35.81,36.45],[35.71,36.32],[35.86,36.01],[35.82,35.96],[36.13,35.83],[36.2,35.94],[36.35,36],[36.38,36.17],[36.64,36.26],[36.54,36.46],[36.6,36.7],[36.66,36.8],[36.94,36.76],[37.07,36.65],[37.44,36.64],[37.91,36.79],[38.19,36.9],[38.44,36.86],[38.77,36.69],[39.36,36.68],[39.69,36.74],[40.02,36.83],[40.45,37.01],[40.71,37.1],[40.96,37.11],[41.26,37.07],[41.52,37.09],[42.06,37.21],[42.17,37.29],[42.27,37.28],[42.36,37.11],[42.46,37.13],[42.77,37.37],[42.94,37.32],[43.09,37.37],[43.52,37.24],[43.84,37.22],[44.01,37.31],[44.11,37.3],[44.21,37.2],[44.2,37.05],[44.28,36.98],[44.61,37.18],[44.77,37.14],[44.79,37.29],[44.57,37.44],[44.56,37.74],[44.34,37.87],[44.21,37.91],[44.33,38.11],[44.43,38.36],[44.29,38.42],[44.26,38.7],[44.27,38.84],[44.14,38.99],[44.18,39.14],[44.08,39.22],[44.02,39.38],[44.39,39.42],[44.46,39.67],[44.59,39.77],[44.82,39.65],[44.77,39.7],[44.56,39.89],[44.29,40.04],[44.01,40.01],[43.79,40.07],[43.71,40.17],[43.57,40.48],[43.67,40.57],[43.72,40.72],[43.63,40.93],[43.44,41.11]],[[26.92,40.47],[27.32,40.63],[27.51,40.8],[27.57,40.91],[27.75,40.94],[27.94,40.92],[28.12,40.99],[28.28,41],[28.78,40.9],[28.99,40.94],[29.21,40.79],[28.92,40.7],[28.73,40.59],[28.63,40.45],[28.29,40.48],[28.09,40.46],[28.07,40.55],[27.73,40.58],[27.5,40.39],[27.34,40.53],[27.09,40.52],[26.92,40.47]]],[[[25.87,40.05],[26.04,40.09],[26.08,40.2],[25.96,40.31],[25.69,40.26],[25.58,40.12],[25.72,40.03],[25.87,40.05]]]]},"properties":{"ISO_A2_EH":"TR"}},
{"type":"Feature","geometry":{"type":"MultiPolygon","coordinates":[[[[9.52,30.23],[9.9,30.39],[10.22,30.78],[10.26,30.86],[10.24,31.03],[10.11,31.46],[10.31,31.7],[10.48,31.74],[10.61,31.93],[10.83,32.08],[11.5,32.41],[11.53,32.52],[11.45,32.64],[11.47,32.97],[11.54,33.25],[11.22,33.41],[11.16,33.61],[11.03,33.68],[11.13,33.76],[11.08,33.87],[10.95,33.97],[10.74,33.96],[10.65,33.87],[10.64,33.74],[10.47,33.74],[10.23,33.89],[10.13,34.13],[10.26,34.29],[10.59,34.49],[10.76,34.63],[10.94,34.85],[11.03,35],[11.23,35.24],[11.13,35.36],[11.09,35.67],[10.67,35.93],[10.57,36.18],[10.6,36.28],[10.87,36.44],[11.04,36.7],[11.21,36.85],[11.11,37.13],[10.91,37.13],[10.72,36.99],[10.51,36.94],[10.44,36.88],[10.28,37.06],[10.29,37.25],[10.11,37.32],[9.92,37.34],[9.68,37.41],[9.11,37.26],[8.78,37.06],[8.56,37.01],[8.6,36.83],[8.44,36.76],[8.37,36.63],[8.23,36.55],[8.35,36.37],[8.25,35.87],[8.32,35.65],[8.32,35.4],[8.39,35.2],[8.28,34.98],[8.25,34.73],[8.12,34.56],[7.84,34.41],[7.75,34.25],[7.51,34.08],[7.5,33.83],[7.76,33.23],[8.08,33.09],[8.21,32.93],[8.3,32.7],[8.33,32.54],[9.04,32.07],[9.36,30.83],[9.52,30.23]]],[[[11.24,34.66],[11.36,34.71],[11.37,34.83],[11.25,34.89],[11.08,34.79],[11.05,34.65],[11.24,34.66]]]]},"properties":{"ISO_A2_EH":"TN"}},
{"type":"Feature","geometry":{"type":"MultiPolygon","coordinates":[[[[-60.77,11.1],[-60.49,11.21],[-60.47,11.37],[-60.58,11.39],[-60.74,11.34],[-60.87,11.25],[-60.86,11.12],[-60.77,11.1]]],[[[-61.07,10.04],[-60.95,10.08],[-60.88,10.33],[-60.95,10.42],[-60.96,10.65],[-60.86,10.8],[-60.87,10.9],[-61.09,10.9],[-61.38,10.87],[-61.61,10.82],[-61.72,10.73],[-61.68,10.64],[-61.54,10.54],[-61.57,10.32],[-61.68,10.31],[-61.71,10.25],[-61.94,10.13],[-61.95,10.01],[-61.6,9.99],[-61.16,10.01],[-61.07,10.04]]]]},"properties":{"ISO_A2_EH":"TT"}},
{"type":"Feature","geometry":{"type":"MultiPolygon","coordinates":[[[[-175.01,-21.16],[-175.02,-21.08],[-175.16,-21.08],[-175.31,-21],[-175.44,-21.09],[-175.39,-21.21],[-175.15,-21.34],[-175.01,-21.16]]],[[[-174.09,-18.56],[-174.14,-18.63],[-174.04,-18.77],[-173.95,-18.77],[-173.85,-18.64],[-173.86,-18.55],[-173.96,-18.49],[-174.09,-18.56]]],[[[-174.84,-21.38],[-174.87,-21.24],[-174.96,-21.24],[-175.06,-21.33],[-174.98,-21.49],[-174.87,-21.51],[-174.84,-21.38]]]]},"properties":{"ISO_A2_EH":"TO"}},
{"type":"Feature","geometry":{"type":"Polygon","coordinates":[[[0.9,10.99],[0.48,10.99],[-0.07,11.12],[0.01,11.02],[-0.01,10.89],[-0.09,10.72],[-0.06,10.63],[0.33,10.31],[0.36,10.24],[0.35,9.92],[0.32,9.69],[0.27,9.67],[0.26,9.5],[0.45,9.48],[0.53,9.36],[0.47,9.12],[0.49,8.85],[0.37,8.76],[0.42,8.65],[0.62,8.48],[0.69,8.3],[0.58,8.15],[0.61,7.73],[0.5,7.55],[0.51,7.44],[0.63,7.35],[0.58,7],[0.53,6.85],[0.74,6.45],[0.91,6.33],[0.98,6.32],[1.08,6.17],[1.19,6.15],[1.22,6.02],[1.33,6.08],[1.64,6.15],[1.78,6.29],[1.74,6.43],[1.58,6.69],[1.58,6.88],[1.62,7],[1.62,8.27],[1.61,8.56],[1.6,9.05],[1.57,9.14],[1.42,9.29],[1.35,9.57],[1.33,10],[0.78,10.36],[0.79,10.71],[0.9,10.99]]]},"properties":{"ISO_A2_EH":"TG"}},
{"type":"Feature","geometry":{"type":"MultiPolygon","coordinates":[[[[124.88,-8.89],[124.92,-9.03],[124.97,-9.06],[125.1,-9],[125.15,-9.12],[125.1,-9.19],[124.98,-9.19],[124.97,-9.29],[125.11,-9.57],[125.44,-9.34],[125.85,-9.2],[125.97,-9.19],[126.19,-9.06],[126.4,-9.03],[126.53,-8.97],[126.69,-8.85],[126.95,-8.78],[127.16,-8.64],[127.34,-8.48],[127.37,-8.42],[127.24,-8.3],[126.96,-8.24],[126.6,-8.39],[126.17,-8.42],[125.8,-8.42],[125.36,-8.51],[125.14,-8.59],[124.97,-8.81],[124.88,-8.89]]],[[[124,-9.28],[124.09,-9.42],[124.28,-9.43],[124.41,-9.31],[124.43,-9.12],[124.17,-9.19],[124,-9.28]]],[[[125.68,-8.25],[125.71,-8.17],[125.67,-8.07],[125.58,-8.09],[125.45,-8.23],[125.44,-8.29],[125.61,-8.38],[125.68,-8.25]]]]},"properties":{"ISO_A2_EH":"TL"}},
{"type":"Feature","geometry":{"type":"MultiPolygon","coordinates":[[[[100.12,20.32],[99.89,20.42],[99.77,20.34],[99.64,20.32],[99.46,20.36],[99.5,20.19],[99.34,20.08],[99.2,20.12],[99.02,20.04],[98.99,19.86],[98.92,19.77],[98.76,19.77],[98.49,19.7],[98.24,19.69],[98.11,19.76],[98.02,19.75],[97.99,19.65],[97.82,19.46],[97.8,19.13],[97.71,18.93],[97.75,18.62],[97.73,18.57],[97.48,18.49],[97.45,18.36],[97.6,18.3],[97.72,18.04],[97.7,17.83],[97.79,17.68],[98.26,17.15],[98.44,16.98],[98.48,16.73],[98.69,16.31],[98.84,16.42],[98.89,16.35],[98.82,16.18],[98.59,16.05],[98.56,15.77],[98.57,15.4],[98.19,15.2],[98.2,14.98],[98.25,14.81],[98.57,14.36],[98.93,14.05],[99.01,13.95],[99.14,13.72],[99.17,13.5],[99.18,13.23],[99.11,13.1],[99.17,12.96],[99.22,12.74],[99.41,12.55],[99.39,12.47],[99.46,12.19],[99.52,12.09],[99.61,11.78],[99.48,11.61],[99.19,11.11],[99.03,10.92],[98.76,10.66],[98.77,10.43],[98.69,10.16],[98.54,9.97],[98.43,9.59],[98.3,9.31],[98.22,9.19],[98.18,9.05],[98.25,8.98],[98.17,8.78],[98.17,8.41],[98.24,8.18],[98.19,7.92],[98.23,7.76],[98.36,7.72],[98.45,7.77],[98.48,7.9],[98.59,7.85],[98.73,8.01],[98.98,7.86],[98.97,7.53],[99.01,7.45],[99.12,7.4],[99.23,7.53],[99.3,7.32],[99.42,7.26],[99.57,7.09],[99.64,7.08],[99.62,6.84],[99.82,6.7],[100.05,6.41],[100.12,6.37],[100.16,6.64],[100.26,6.68],[100.35,6.55],[100.63,6.45],[100.72,6.48],[100.79,6.43],[100.87,6.25],[101.05,6.24],[101.08,5.96],[100.98,5.77],[101.11,5.64],[101.19,5.67],[101.26,5.79],[101.56,5.91],[101.65,5.8],[101.79,5.78],[101.87,5.83],[101.94,5.98],[102.06,6.1],[102.13,6.31],[101.85,6.52],[101.67,6.8],[101.54,6.93],[101.3,6.98],[101.03,6.93],[100.84,7.05],[100.61,7.25],[100.52,7.47],[100.35,8.29],[100.29,8.46],[100.21,8.56],[100.11,8.56],[100.03,8.69],[99.98,9.13],[99.89,9.35],[99.72,9.39],[99.39,9.29],[99.37,9.42],[99.23,9.74],[99.27,10.17],[99.25,10.3],[99.3,10.35],[99.35,10.54],[99.56,10.87],[99.59,11.08],[99.7,11.44],[99.79,11.62],[99.87,11.72],[99.91,11.9],[100.06,12.15],[100.08,12.36],[100.04,12.69],[100.17,13.04],[100.08,13.31],[100.25,13.41],[100.62,13.46],[100.88,13.39],[100.87,13.19],[100.83,13.05],[100.82,12.83],[100.78,12.71],[100.84,12.6],[100.95,12.54],[101.1,12.6],[101.45,12.55],[101.72,12.61],[102,12.47],[102.17,12.29],[102.23,12.26],[102.2,12.12],[102.25,11.93],[102.45,11.9],[102.5,12.01],[102.61,12.09],[102.69,11.98],[102.72,11.86],[102.88,11.64],[102.93,11.64],[102.92,11.73],[102.74,12.09],[102.71,12.26],[102.76,12.43],[102.63,12.57],[102.5,12.67],[102.46,13.02],[102.33,13.29],[102.32,13.54],[102.55,13.59],[102.54,13.66],[102.73,13.84],[102.91,14.14],[103.03,14.25],[103.2,14.33],[103.6,14.42],[103.82,14.36],[104.05,14.36],[104.23,14.4],[104.41,14.37],[104.78,14.43],[104.97,14.37],[105.07,14.23],[105.18,14.35],[105.34,14.42],[105.48,14.53],[105.55,14.93],[105.49,15.13],[105.51,15.36],[105.62,15.49],[105.62,15.7],[105.46,15.78],[105.37,15.89],[105.41,15.99],[105.15,16.09],[105.05,16.16],[104.95,16.34],[104.82,16.47],[104.75,16.65],[104.76,17.08],[104.82,17.3],[104.74,17.46],[104.66,17.55],[104.43,17.7],[104.2,17.99],[104.05,18.22],[103.95,18.32],[103.79,18.32],[103.63,18.38],[103.37,18.42],[103.25,18.37],[103.26,18.28],[103.15,18.22],[103.05,18.03],[102.72,17.89],[102.66,17.82],[102.55,17.97],[102.35,18.05],[102.1,18.21],[101.95,18.08],[101.77,18.03],[101.69,17.89],[101.41,17.72],[101.17,17.5],[101.11,17.48],[100.91,17.58],[101.11,18.03],[101.14,18.29],[101.05,18.41],[101.17,18.62],[101.29,18.98],[101.28,19.09],[101.2,19.33],[101.22,19.49],[101.15,19.58],[100.97,19.61],[100.74,19.51],[100.63,19.5],[100.42,19.64],[100.4,19.76],[100.54,20.09],[100.52,20.18],[100.32,20.39],[100.12,20.32]]],[[[102.67,11.61],[102.67,11.71],[102.55,11.76],[102.48,11.7],[102.45,11.59],[102.55,11.52],[102.64,11.52],[102.67,11.61]]],[[[100.13,9.65],[100.15,9.77],[100.08,9.86],[99.93,9.84],[99.93,9.71],[99.87,9.58],[99.86,9.46],[99.94,9.35],[100.11,9.41],[100.15,9.52],[100.13,9.65]]],[[[99.73,6.5],[99.78,6.56],[99.72,6.74],[99.63,6.78],[99.53,6.59],[99.6,6.47],[99.73,6.5]]]]},"properties":{"ISO_A2_EH":"TH"}},
{"type":"Feature","geometry":{"type":"MultiPolygon","coordinates":[[[[32.92,-9.41],[32.97,-9.4],[33.13,-9.5],[33.33,-9.52],[33.42,-9.61],[33.7,-9.6],[33.94,-9.67],[34,-9.5],[34.09,-9.54],[34.32,-9.73],[34.52,-10.03],[34.57,-10.24],[34.58,-10.53],[34.66,-10.71],[34.65,-10.87],[34.6,-11.04],[34.77,-11.34],[34.85,-11.35],[34.94,-11.46],[34.96,-11.58],[35.63,-11.58],[35.79,-11.45],[35.91,-11.45],[36.08,-11.54],[36.19,-11.67],[36.31,-11.71],[36.52,-11.72],[36.67,-11.68],[36.77,-11.61],[36.98,-11.57],[37.22,-11.69],[37.37,-11.71],[37.54,-11.68],[37.72,-11.58],[37.83,-11.48],[37.92,-11.29],[38.18,-11.28],[38.32,-11.31],[38.49,-11.41],[38.79,-11.23],[38.99,-11.17],[39.17,-11.17],[39.32,-11.12],[39.56,-10.98],[39.82,-10.91],[39.99,-10.82],[40.46,-10.46],[40.53,-10.43],[40.44,-10.3],[40.11,-10.08],[40,-10.05],[39.86,-9.93],[39.85,-9.82],[39.7,-9.4],[39.72,-9.17],[39.54,-8.94],[39.57,-8.84],[39.44,-8.69],[39.38,-8.44],[39.41,-8.27],[39.51,-8.02],[39.5,-7.77],[39.36,-7.68],[39.36,-7.53],[39.49,-7.25],[39.58,-7.16],[39.62,-7.02],[39.52,-6.82],[39.34,-6.76],[39.29,-6.65],[39.11,-6.44],[38.94,-6.3],[38.88,-6.06],[38.89,-5.89],[38.98,-5.66],[39.04,-5.55],[39.19,-5.08],[39.19,-5],[39.29,-4.71],[39.19,-4.68],[38.35,-4.07],[37.8,-3.67],[37.73,-3.56],[37.61,-3.46],[37.69,-3.25],[37.64,-3.05],[36.9,-2.63],[35.84,-2.04],[34.98,-1.56],[33.98,-1],[33.9,-1],[33.08,-1],[32.02,-1],[30.84,-1],[30.51,-1.07],[30.47,-1.13],[30.63,-1.37],[30.71,-1.4],[30.81,-1.56],[30.82,-1.97],[30.88,-2.14],[30.83,-2.34],[30.55,-2.4],[30.42,-2.64],[30.47,-2.69],[30.42,-2.82],[30.52,-2.92],[30.78,-2.98],[30.81,-3.12],[30.79,-3.27],[30.68,-3.31],[30.63,-3.42],[30.43,-3.59],[30.38,-3.73],[30.27,-3.85],[30.15,-4.09],[29.95,-4.31],[29.72,-4.46],[29.4,-4.45],[29.33,-4.84],[29.34,-4.98],[29.59,-5.65],[29.6,-5.78],[29.48,-6.02],[29.54,-6.31],[29.71,-6.62],[30.11,-6.92],[30.31,-7.2],[30.41,-7.46],[30.72,-8.1],[30.75,-8.19],[30.83,-8.39],[30.97,-8.55],[31.08,-8.61],[31.35,-8.61],[31.53,-8.71],[31.56,-8.81],[31.67,-8.91],[31.82,-8.9],[31.92,-8.94],[31.94,-9.05],[32.13,-9.07],[32.22,-9.13],[32.43,-9.16],[32.49,-9.21],[32.92,-9.41]]],[[[39.57,-6.5],[39.65,-6.38],[39.56,-6.13],[39.44,-5.93],[39.43,-5.79],[39.37,-5.69],[39.28,-5.66],[39.2,-5.82],[39.12,-5.91],[39.13,-6.08],[39.1,-6.18],[39.2,-6.34],[39.28,-6.35],[39.45,-6.53],[39.57,-6.5]]],[[[39.83,-5.47],[39.92,-5.27],[39.94,-4.9],[39.9,-4.84],[39.62,-4.88],[39.63,-5.11],[39.57,-5.38],[39.62,-5.46],[39.77,-5.53],[39.83,-5.47]]],[[[39.97,-7.7],[39.91,-7.58],[39.67,-7.78],[39.53,-7.92],[39.65,-8.07],[39.88,-7.96],[39.97,-7.7]]]]},"properties":{"ISO_A2_EH":"TZ"}},
{"type":"Feature","geometry":{"type":"Polygon","coordinates":[[[67.76,37.17],[67.96,36.97],[68.07,36.95],[68.39,37.14],[68.67,37.26],[68.78,37.26],[68.96,37.33],[69.26,37.11],[69.41,37.21],[69.4,37.4],[69.49,37.55],[69.63,37.59],[69.94,37.6],[70.04,37.55],[70.19,37.58],[70.25,37.66],[70.21,37.92],[70.42,38.08],[70.62,38.33],[70.74,38.42],[70.88,38.46],[71.05,38.42],[71.26,38.31],[71.33,38.17],[71.28,37.92],[71.55,37.93],[71.58,37.86],[71.51,37.6],[71.43,37.13],[71.53,36.85],[71.6,36.73],[71.8,36.69],[72.15,36.9],[72.36,36.98],[72.66,37.03],[72.76,37.17],[72.9,37.27],[73.21,37.41],[73.48,37.47],[73.72,37.42],[73.75,37.23],[74.17,37.33],[74.26,37.42],[74.52,37.38],[74.66,37.39],[74.89,37.23],[75.12,37.39],[75.1,37.45],[74.89,37.6],[74.94,37.77],[74.79,38.1],[74.77,38.27],[74.84,38.4],[74.75,38.51],[74.51,38.6],[74.28,38.66],[74.13,38.66],[74.03,38.54],[73.8,38.61],[73.7,38.85],[73.8,39],[73.61,39.23],[73.63,39.45],[73.47,39.46],[73.23,39.37],[72.87,39.36],[72.64,39.39],[72.36,39.34],[72.23,39.21],[72.04,39.35],[71.81,39.28],[71.73,39.42],[71.55,39.45],[71.52,39.55],[71.4,39.6],[71.27,39.54],[71.07,39.49],[71,39.41],[70.73,39.41],[70.61,39.56],[70.39,39.58],[70.24,39.54],[69.6,39.57],[69.3,39.52],[69.23,39.76],[69.31,39.97],[69.43,39.91],[69.53,40.1],[69.97,40.2],[70.45,40.05],[70.52,39.95],[70.64,40.08],[70.95,40.19],[70.96,40.24],[70.65,40.2],[70.53,40.32],[70.4,40.36],[70.38,40.45],[70.71,40.67],[70.75,40.74],[70.44,41.02],[70.29,40.89],[69.71,40.66],[69.41,40.8],[69.31,40.72],[69.31,40.63],[69.21,40.57],[69.3,40.33],[69.23,40.19],[68.95,40.22],[68.65,40.18],[68.8,40.05],[68.87,39.91],[68.64,39.84],[68.59,39.63],[68.46,39.54],[68.08,39.56],[67.72,39.62],[67.54,39.56],[67.43,39.47],[67.35,39.24],[67.62,39.15],[67.68,39.01],[68.1,38.96],[68.15,38.89],[68.05,38.67],[68.09,38.47],[68.14,38.38],[68.33,38.24],[68.29,38.03],[68.09,37.84],[67.81,37.49],[67.8,37.24],[67.76,37.17]]]},"properties":{"ISO_A2_EH":"TJ"}},
{"type":"Feature","geometry":{"type":"MultiPolygon","coordinates":[[[[120.33,24.13],[120.05,23.67],[120.06,23.4],[119.99,23.15],[120.16,22.7],[120.26,22.5],[120.52,22.31],[120.6,22.14],[120.61,22.01],[120.69,21.9],[120.88,21.86],[120.94,22.02],[120.97,22.36],[121.07,22.58],[121.22,22.73],[121.36,22.93],[121.47,23.15],[121.55,23.41],[121.71,24.1],[121.81,24.26],[121.91,24.52],[121.89,24.75],[121.92,24.86],[122.02,24.96],[121.98,25.09],[121.77,25.22],[121.63,25.35],[121.5,25.35],[121.32,25.22],[120.98,25.08],[120.83,24.85],[120.56,24.52],[120.33,24.13]]],[[[118.22,24.42],[118.24,24.39],[118.47,24.35],[118.5,24.52],[118.42,24.55],[118.26,24.5],[118.22,24.42]]]]},"properties":{"ISO_A2_EH":"TW"}},
{"type":"Feature","geometry":{"type":"Polygon","coordinates":[[[35.82,35.96],[35.76,35.88],[35.67,35.56],[35.82,35.39],[35.85,35.22],[35.8,35.07],[35.81,34.84],[35.89,34.62],[36.26,34.63],[36.43,34.61],[36.33,34.51],[36.5,34.43],[36.58,34.22],[36.46,34.06],[36.35,34.01],[36.28,33.89],[36.09,33.83],[35.94,33.67],[36.02,33.56],[35.84,33.42],[35.79,33.29],[35.89,32.94],[35.79,32.73],[35.89,32.71],[36.06,32.53],[36.22,32.5],[36.37,32.39],[36.82,32.32],[38.06,32.99],[38.77,33.37],[39.56,33.77],[40.69,34.33],[40.94,34.39],[40.99,34.43],[41.19,34.77],[41.22,35.29],[41.25,35.43],[41.35,35.64],[41.35,35.81],[41.25,36.07],[41.3,36.38],[41.42,36.51],[41.79,36.6],[42.08,36.83],[42.35,37.06],[42.36,37.11],[42.27,37.28],[42.17,37.29],[42.06,37.21],[41.52,37.09],[41.26,37.07],[40.96,37.11],[40.71,37.1],[40.45,37.01],[40.02,36.83],[39.69,36.74],[39.36,36.68],[38.77,36.69],[38.44,36.86],[38.19,36.9],[37.91,36.79],[37.44,36.64],[37.07,36.65],[36.94,36.76],[36.66,36.8],[36.6,36.7],[36.54,36.46],[36.64,36.26],[36.38,36.17],[36.35,36],[36.2,35.94],[36.13,35.83],[35.82,35.96]]]},"properties":{"ISO_A2_EH":"SY"}},
{"type":"Feature","geometry":{"type":"Polygon","coordinates":[[[9.52,47.52],[9.18,47.67],[8.88,47.66],[8.62,47.77],[8.4,47.69],[8.41,47.59],[8.2,47.61],[7.93,47.56],[7.62,47.59],[7.42,47.46],[7.2,47.43],[7.05,47.49],[6.9,47.39],[7,47.32],[6.62,47],[6.46,46.95],[6.41,46.76],[6.16,46.61],[6.06,46.43],[6.09,46.15],[6.27,46.25],[6.23,46.33],[6.43,46.43],[6.76,46.42],[6.82,46.28],[6.77,46.17],[7.02,45.93],[7.13,45.88],[7.54,45.98],[7.79,45.92],[7.99,46.02],[8.13,46.16],[8.08,46.26],[8.37,46.45],[8.44,46.4],[8.46,46.25],[8.64,46.11],[8.82,46.08],[8.78,46],[8.95,45.83],[9.05,45.88],[9.02,46.05],[9.25,46.29],[9.26,46.48],[9.43,46.48],[9.48,46.35],[9.64,46.3],[9.94,46.36],[10.04,46.24],[10.15,46.25],[10.04,46.48],[10.09,46.6],[10.43,46.55],[10.4,46.67],[10.45,46.86],[10.35,46.98],[10.18,46.86],[10,46.89],[9.85,47.01],[9.58,47.06],[9.49,47.06],[9.53,47.27],[9.63,47.47],[9.52,47.52]]]},"properties":{"ISO_A2_EH":"CH"}},
{"type":"Feature","geometry":{"type":"MultiPolygon","coordinates":[[[[20.62,69.04],[20.12,69.02],[20.34,68.9],[20.32,68.75],[19.97,68.54],[20.24,68.48],[19.97,68.36],[19.05,68.49],[18.38,68.56],[18.16,68.53],[18.18,68.2],[17.92,67.96],[17.32,68.1],[16.78,67.9],[16.59,67.63],[16.19,67.51],[16.13,67.43],[16.43,67.16],[16.4,67.05],[15.42,66.49],[15.48,66.31],[15.15,66.19],[14.54,66.13],[14.64,65.85],[14.55,65.65],[14.48,65.3],[14.12,64.95],[13.65,64.58],[14.08,64.46],[14.14,64.17],[13.96,64.01],[13.3,64.07],[12.99,64.05],[12.66,63.94],[12.18,63.6],[12.21,63.49],[12,63.29],[12.22,63],[12.11,62.92],[12.11,62.59],[12.3,62.29],[12.16,61.72],[12.6,61.54],[12.88,61.35],[12.68,61.05],[12.29,61],[12.31,60.89],[12.59,60.45],[12.49,60.11],[12.17,59.91],[11.93,59.86],[11.83,59.7],[11.68,59.59],[11.8,59.29],[11.64,58.93],[11.47,58.91],[11.34,59.09],[11.04,59.07],[11.13,58.48],[11.11,58.37],[11.3,58.3],[11.31,58.1],[11.45,57.94],[11.57,57.92],[11.6,57.67],[11.75,57.63],[11.83,57.41],[11.95,57.37],[12.02,57.21],[12.31,56.87],[12.46,56.78],[12.62,56.6],[12.76,56.53],[12.54,56.48],[12.34,56.3],[12.43,56.18],[12.62,56.06],[12.66,55.92],[12.85,55.7],[12.77,55.38],[13.32,55.27],[13.81,55.35],[14.24,55.33],[14.48,55.52],[14.33,55.74],[14.37,55.85],[14.57,55.96],[14.86,56],[14.85,56.09],[15.34,56.08],[15.6,56.11],[15.83,56.05],[16.01,56.12],[16.27,56.3],[16.35,56.19],[16.53,56.18],[16.65,56.27],[16.9,56.77],[17.18,57.19],[17.25,57.32],[16.98,57.41],[16.87,57.35],[16.74,57.11],[16.61,57.25],[16.79,57.51],[16.72,57.65],[16.71,57.85],[16.79,57.87],[16.84,58.14],[16.92,58.2],[16.82,58.38],[17.06,58.48],[17.03,58.58],[17.44,58.73],[17.55,58.8],[17.85,58.88],[18.18,59],[18.38,58.94],[18.61,59.07],[18.54,59.22],[18.75,59.3],[18.69,59.41],[18.84,59.49],[18.82,59.61],[19.1,59.71],[19.14,59.83],[19.07,59.97],[18.89,60.14],[18.69,60.18],[18.71,60.28],[18.48,60.4],[18.33,60.42],[18.03,60.65],[17.81,60.65],[17.4,60.73],[17.35,60.96],[17.29,61.56],[17.61,61.66],[17.53,61.86],[17.66,62.14],[17.78,62.26],[17.73,62.38],[17.92,62.43],[18.19,62.58],[18.12,62.68],[18.37,62.8],[18.6,62.85],[18.73,63.11],[19.1,63.16],[19.38,63.31],[19.84,63.4],[20.01,63.55],[20.29,63.6],[20.91,63.83],[21.16,64.14],[21.61,64.34],[21.7,64.48],[21.55,64.58],[21.33,64.82],[21.74,65.11],[21.79,65.31],[21.96,65.36],[22.35,65.54],[22.45,65.72],[22.73,65.75],[23.1,65.66],[23.32,65.72],[23.69,65.75],[23.86,65.71],[24.19,65.73],[23.91,66.15],[23.75,66.19],[23.7,66.48],[23.87,66.58],[23.99,66.81],[23.68,67.07],[23.62,67.18],[23.77,67.33],[23.73,67.42],[23.47,67.45],[23.54,67.59],[23.5,67.88],[23.64,67.95],[23.1,68.26],[22.78,68.39],[22,68.52],[21.47,68.69],[20.62,69.04]]],[[[18.22,56.86],[18.46,56.94],[18.62,57.14],[18.81,57.19],[18.87,57.29],[19.04,57.38],[18.93,57.51],[18.94,57.67],[19.28,57.87],[19.46,57.93],[19.32,58.05],[19.07,58.06],[18.72,57.94],[18.46,57.89],[18,57.58],[18.02,57.35],[17.96,57.27],[18.12,57.08],[18.02,56.95],[18.22,56.86]]]]},"properties":{"ISO_A2_EH":"SE"}},
{"type":"Feature","geometry":{"type":"Polygon","coordinates":[[[31.95,-25.96],[31.87,-25.98],[31.42,-25.75],[31.21,-25.84],[31.09,-25.98],[31.03,-26.1],[30.8,-26.41],[30.79,-26.76],[30.88,-26.79],[31.06,-27.11],[31.27,-27.24],[31.47,-27.3],[31.96,-27.31],[31.95,-27.17],[31.99,-26.82],[32.11,-26.84],[32.11,-26.52],[32.04,-26.28],[32.06,-26.02],[31.95,-25.96]]]},"properties":{"ISO_A2_EH":"SZ"}},
{"type":"Feature","geometry":{"type":"Polygon","coordinates":[[[-54.62,2.33],[-54.54,2.34],[-54.4,2.46],[-54.2,2.82],[-54.17,2.99],[-54.2,3.14],[-54.01,3.45],[-53.99,3.59],[-54.11,3.77],[-54.26,3.9],[-54.35,4.05],[-54.45,4.49],[-54.43,4.58],[-54.47,4.75],[-54.45,5.01],[-54.33,5.19],[-54.1,5.43],[-53.98,5.81],[-54.12,5.92],[-54.34,5.98],[-54.83,6.06],[-55.15,6.07],[-55.38,6.03],[-55.65,6.06],[-55.86,6.03],[-55.99,5.92],[-56.45,6.01],[-56.99,6.07],[-57.11,5.99],[-57.19,5.55],[-57.32,5.34],[-57.21,5.21],[-57.31,5.11],[-57.33,5.02],[-57.71,4.99],[-57.84,4.92],[-57.92,4.82],[-57.85,4.67],[-57.95,4.35],[-58.05,4.17],[-58.03,4],[-57.91,3.86],[-57.83,3.68],[-57.65,3.52],[-57.65,3.39],[-57.55,3.35],[-57.3,3.38],[-57.28,3.16],[-57.23,3.11],[-57.21,2.88],[-57.03,2.64],[-56.93,2.4],[-56.84,2.28],[-56.7,2.04],[-56.56,2.01],[-56.48,1.94],[-56.02,1.84],[-55.93,1.89],[-55.92,2.04],[-56.13,2.3],[-55.94,2.52],[-55.73,2.41],[-55.39,2.44],[-55.34,2.49],[-55.01,2.59],[-54.85,2.44],[-54.72,2.44],[-54.62,2.33]]]},"properties":{"ISO_A2_EH":"SR"}},
{"type":"Feature","geometry":{"type":"Polygon","coordinates":[[[33.98,4.22],[34.38,4.62],[35.27,5.49],[35.08,5.67],[34.98,5.86],[34.96,6.05],[34.84,6.3],[34.71,6.66],[34.56,6.78],[34.48,6.9],[34.28,7],[34.06,7.23],[34.02,7.37],[33.9,7.51],[33.67,7.67],[33.23,7.76],[33.01,7.87],[33.01,7.95],[33.23,8.4],[33.41,8.45],[33.79,8.43],[33.95,8.44],[34.09,8.58],[34.1,8.75],[34.08,9.46],[33.89,9.46],[33.87,9.55],[33.89,9.72],[33.96,9.85],[33.96,10.05],[33.89,10.2],[33.46,10.55],[33.36,10.66],[33.14,10.74],[33.17,10.85],[33.07,11.59],[33.12,11.69],[33.14,11.94],[33.2,12.22],[32.72,12.22],[32.74,12.01],[32.07,12.01],[32.34,11.72],[32.35,11.25],[32.43,11.11],[32.4,11.06],[31.93,10.66],[31.85,10.48],[31.65,10.22],[31.22,9.8],[31.15,9.77],[30.74,9.74],[30.47,9.98],[30,10.28],[29.61,10.07],[29.6,9.92],[29.47,9.77],[29.24,9.72],[29,9.61],[28.84,9.46],[28.84,9.33],[28.05,9.33],[28,9.38],[27.89,9.6],[27.8,9.59],[27.07,9.61],[26.76,9.5],[26.55,9.53],[26.17,9.97],[25.89,10.2],[25.89,10.35],[25.8,10.42],[25.29,10.32],[25.07,10.29],[25.02,10.24],[25,10.06],[24.79,9.77],[24.78,9.53],[24.66,9.34],[24.65,9.18],[24.55,9.01],[24.53,8.89],[24.21,8.77],[24.15,8.67],[24.22,8.61],[24.18,8.46],[24.29,8.29],[24.46,8.24],[24.74,8.19],[24.85,8.14],[25.01,7.96],[25.2,7.81],[25.25,7.72],[25.19,7.52],[25.38,7.33],[25.89,7.06],[26.04,6.96],[26.17,6.78],[26.36,6.64],[26.31,6.46],[26.42,6.27],[26.51,6.07],[26.73,6],[27.08,5.78],[27.21,5.62],[27.26,5.29],[27.4,5.11],[27.49,4.97],[27.66,4.85],[27.79,4.64],[27.98,4.53],[28.19,4.35],[28.43,4.32],[28.73,4.5],[28.94,4.49],[29.15,4.39],[29.22,4.39],[29.38,4.5],[29.47,4.61],[29.55,4.64],[29.68,4.59],[29.78,4.48],[29.87,4.33],[30.19,3.98],[30.51,3.84],[30.56,3.65],[30.76,3.62],[30.84,3.49],[30.93,3.63],[31.15,3.79],[31.22,3.79],[31.48,3.68],[31.63,3.7],[31.8,3.8],[31.94,3.61],[32.1,3.53],[32.34,3.71],[32.84,3.8],[33,3.88],[33.15,3.77],[33.49,3.76],[33.57,3.81],[33.98,4.22]]]},"properties":{"ISO_A2_EH":"SS"}},
{"type":"Feature","geometry":{"type":"Polygon","coordinates":[[[34.08,9.46],[34.12,9.73],[34.19,9.92],[34.29,10.12],[34.31,10.25],[34.28,10.53],[34.43,10.79],[34.57,10.88],[34.77,10.75],[34.93,10.86],[34.97,11.16],[34.96,11.28],[35.11,11.82],[35.25,11.96],[35.6,12.54],[35.67,12.62],[35.82,12.68],[36.11,12.73],[36.14,12.81],[36.16,13.09],[36.21,13.27],[36.39,13.63],[36.45,13.84],[36.44,13.99],[36.52,14.26],[36.43,15.13],[36.52,15.25],[36.68,15.73],[36.81,15.99],[36.91,16.3],[36.89,16.62],[36.98,16.8],[37.01,17.06],[37.17,17.04],[37.41,17.06],[37.51,17.29],[37.78,17.46],[38.03,17.54],[38.25,17.58],[38.37,17.72],[38.52,17.94],[38.68,18.04],[38.63,18.12],[38.39,18.27],[38.29,18.36],[38.23,18.33],[37.97,18.61],[37.76,18.76],[37.63,18.79],[37.54,18.86],[37.43,19.11],[37.33,19.59],[37.34,19.8],[37.27,20.13],[37.26,20.39],[37.31,20.56],[37.25,20.75],[37.23,20.91],[37.34,21.07],[37.27,21.23],[37.14,21.37],[37,21.61],[36.96,21.78],[36.95,22],[35.89,22],[34.57,22],[33.92,22],[32.61,22],[31.43,22],[31.49,22.15],[31.36,22.19],[31.26,22],[31.21,21.99],[30.33,22],[29.56,22],[28.8,22],[28.04,22],[27.27,22],[26.13,22],[24.98,22],[24.98,21],[24.98,20],[24.97,20],[23.98,20],[23.98,19.5],[23.98,18.16],[23.98,17.27],[23.98,16.37],[23.98,15.78],[23.95,15.7],[23.71,15.74],[23.24,15.7],[23.11,15.7],[22.93,15.53],[22.97,15.31],[22.93,15.16],[22.76,15],[22.68,14.85],[22.67,14.72],[22.47,14.63],[22.38,14.55],[22.45,14.28],[22.53,14.2],[22.51,14.13],[22.17,13.91],[22.11,13.73],[22.2,13.54],[22.23,13.33],[22.16,13.22],[21.99,13.11],[21.91,13],[21.83,12.79],[21.88,12.7],[22,12.67],[22.23,12.71],[22.35,12.66],[22.41,12.55],[22.39,12.46],[22.49,12.04],[22.58,11.99],[22.56,11.67],[22.64,11.52],[22.92,11.34],[22.94,11.19],[22.86,10.92],[22.96,10.75],[23.31,10.39],[23.55,10.03],[23.65,9.82],[23.66,9.71],[23.62,9.34],[23.6,9.26],[23.47,9.11],[23.49,8.99],[23.55,8.94],[23.54,8.82],[23.68,8.73],[24.15,8.67],[24.21,8.77],[24.53,8.89],[24.55,9.01],[24.65,9.18],[24.66,9.34],[24.78,9.53],[24.79,9.77],[25,10.06],[25.02,10.24],[25.07,10.29],[25.29,10.32],[25.8,10.42],[25.89,10.35],[25.89,10.2],[26.17,9.97],[26.55,9.53],[26.76,9.5],[27.07,9.61],[27.8,9.59],[27.89,9.6],[28,9.38],[28.05,9.33],[28.84,9.33],[28.84,9.46],[29,9.61],[29.24,9.72],[29.47,9.77],[29.6,9.92],[29.61,10.07],[30,10.28],[30.47,9.98],[30.74,9.74],[31.15,9.77],[31.22,9.8],[31.65,10.22],[31.85,10.48],[31.93,10.66],[32.4,11.06],[32.43,11.11],[32.35,11.25],[32.34,11.72],[32.07,12.01],[32.74,12.01],[32.72,12.22],[33.2,12.22],[33.14,11.94],[33.12,11.69],[33.07,11.59],[33.17,10.85],[33.14,10.74],[33.36,10.66],[33.46,10.55],[33.89,10.2],[33.96,10.05],[33.96,9.85],[33.89,9.72],[33.87,9.55],[33.89,9.46],[34.08,9.46]]]},"properties":{"ISO_A2_EH":"SD"}},
{"type":"Feature","geometry":{"type":"Polygon","coordinates":[[[79.78,9.67],[79.87,9.54],[80.03,9.58],[80.05,9.33],[80,9.13],[79.77,9.17],[79.68,9.13],[79.71,9.02],[79.86,8.92],[79.87,8.7],[79.78,8.43],[79.64,8.2],[79.63,8.06],[79.72,7.58],[79.79,6.81],[79.94,6.34],[80.04,6.11],[80.23,5.94],[80.49,5.88],[80.74,5.91],[81,6.02],[81.42,6.18],[81.69,6.37],[81.83,6.59],[81.93,6.89],[81.95,7.3],[81.9,7.47],[81.75,7.72],[81.73,7.81],[81.5,8.15],[81.44,8.47],[81.29,8.56],[81.26,8.7],[80.96,9.12],[80.77,9.41],[80.43,9.69],[80.29,9.86],[79.95,9.89],[79.8,9.78],[79.78,9.67]]]},"properties":{"ISO_A2_EH":"LK"}},
{"type":"Feature","geometry":{"type":"MultiPolygon","coordinates":[[[[1.43,42.6],[1.35,42.69],[0.7,42.85],[0.63,42.69],[-0.04,42.69],[-0.3,42.83],[-0.59,42.8],[-0.76,42.94],[-0.93,42.95],[-1.29,43.06],[-1.43,43.04],[-1.41,43.24],[-1.75,43.32],[-1.82,43.48],[-2.02,43.41],[-2.31,43.4],[-2.58,43.48],[-2.88,43.53],[-3.07,43.45],[-3.61,43.59],[-3.78,43.55],[-3.9,43.57],[-4.32,43.49],[-4.51,43.49],[-5.08,43.57],[-5.29,43.62],[-5.64,43.65],[-5.84,43.72],[-6.09,43.67],[-6.48,43.65],[-6.92,43.66],[-7.06,43.63],[-7.21,43.66],[-7.49,43.82],[-7.7,43.85],[-7.88,43.78],[-8.04,43.76],[-8.33,43.63],[-8.35,43.48],[-8.67,43.39],[-8.91,43.41],[-9.26,43.22],[-9.33,42.96],[-9.2,42.81],[-9.11,42.55],[-8.91,42.53],[-8.91,42.29],[-8.87,42.23],[-8.99,42.13],[-8.94,41.89],[-8.84,41.91],[-8.54,42.07],[-8.21,42.13],[-8.13,42.02],[-8.22,41.9],[-8.15,41.81],[-7.92,41.88],[-7.69,41.89],[-7.4,41.83],[-7.21,41.9],[-7.15,41.98],[-7.03,41.95],[-6.62,41.94],[-6.56,41.87],[-6.54,41.67],[-6.39,41.67],[-6.24,41.6],[-6.21,41.53],[-6.4,41.38],[-6.69,41.21],[-6.78,41.11],[-6.93,41.01],[-6.86,40.88],[-6.82,40.65],[-6.85,40.41],[-6.81,40.34],[-7.01,40.21],[-7.03,40.14],[-6.9,40.02],[-7.04,39.71],[-7.12,39.68],[-7.45,39.68],[-7.45,39.54],[-7.34,39.47],[-7.31,39.34],[-7.17,39.14],[-7,39.06],[-7.05,38.91],[-7.28,38.71],[-7.34,38.46],[-7.11,38.18],[-6.97,38.19],[-7.02,38.04],[-7.19,38.01],[-7.44,37.73],[-7.5,37.59],[-7.39,37.11],[-6.92,37.14],[-6.56,36.91],[-6.46,36.59],[-6.35,36.55],[-6.25,36.3],[-6.09,36.12],[-5.63,35.95],[-5.52,35.97],[-5.3,36.08],[-5.25,36.21],[-5.12,36.36],[-4.92,36.43],[-4.64,36.44],[-4.35,36.65],[-3.83,36.68],[-3.43,36.63],[-3.24,36.68],[-2.92,36.67],[-2.79,36.64],[-2.55,36.74],[-2.34,36.75],[-2.2,36.66],[-2.05,36.72],[-1.86,36.91],[-1.72,37.2],[-1.58,37.33],[-1.3,37.49],[-0.8,37.51],[-0.63,37.63],[-0.73,37.74],[-0.59,37.97],[-0.56,38.11],[-0.47,38.16],[-0.44,38.28],[-0.32,38.38],[0,38.53],[0.2,38.65],[0.29,38.75],[0.22,38.88],[0.02,38.95],[-0.12,39.09],[-0.24,39.43],[-0.23,39.5],[0.01,39.84],[0.45,40.28],[0.65,40.54],[0.92,40.63],[0.99,40.73],[0.88,40.84],[1.08,41],[1.59,41.13],[2.12,41.22],[2.37,41.41],[3.06,41.71],[3.35,41.92],[3.33,42.1],[3.25,42.19],[3.39,42.26],[3.3,42.45],[3.21,42.43],[2.97,42.47],[2.57,42.35],[2.2,42.42],[2.03,42.35],[1.93,42.43],[1.71,42.5],[1.49,42.43],[1.43,42.6]]],[[[1.32,38.75],[1.34,38.62],[1.59,38.58],[1.69,38.64],[1.66,38.75],[1.48,38.82],[1.72,39.02],[1.7,39.12],[1.59,39.2],[1.29,39.14],[1.19,39.03],[1.12,38.88],[1.32,38.75]]],[[[2.52,39.79],[2.28,39.65],[2.34,39.48],[2.49,39.41],[2.65,39.48],[2.75,39.32],[3.07,39.22],[3.32,39.34],[3.56,39.69],[3.53,39.81],[3.34,39.86],[3.29,39.98],[3.16,40.05],[2.87,39.97],[2.52,39.79]]],[[[4.17,40.12],[3.85,40.13],[3.75,40.05],[3.75,39.95],[4.29,39.75],[4.42,39.89],[4.29,40.09],[4.17,40.12]]],[[[-16.58,27.95],[-16.44,28.01],[-16.34,28.12],[-16.26,28.34],[-16.03,28.5],[-16.07,28.63],[-16.35,28.63],[-16.56,28.48],[-16.86,28.45],[-16.99,28.35],[-16.86,28.11],[-16.69,27.93],[-16.58,27.95]]],[[[-13.92,28.96],[-13.93,28.83],[-14.08,28.75],[-14.11,28.64],[-14.3,28.26],[-14.51,28.17],[-14.57,28.09],[-14.51,28.02],[-14.31,27.98],[-14.15,28.11],[-13.86,28.2],[-13.78,28.39],[-13.75,28.58],[-13.76,28.76],[-13.67,28.85],[-13.4,28.97],[-13.34,29.2],[-13.46,29.31],[-13.59,29.21],[-13.84,29.11],[-13.92,28.96]]],[[[-15.62,27.68],[-15.54,27.67],[-15.38,27.76],[-15.31,27.85],[-15.32,28.18],[-15.48,28.21],[-15.73,28.21],[-15.89,28.03],[-15.89,27.86],[-15.76,27.73],[-15.62,27.68]]],[[[-17.19,27.95],[-17.02,28.05],[-17.07,28.21],[-17.29,28.28],[-17.42,28.12],[-17.33,27.99],[-17.19,27.95]]],[[[-18.09,27.61],[-17.96,27.58],[-17.79,27.82],[-17.91,27.92],[-18.07,27.84],[-18.22,27.81],[-18.2,27.68],[-18.09,27.61]]],[[[-17.73,28.48],[-17.68,28.53],[-17.64,28.71],[-17.76,28.92],[-17.97,28.92],[-18.1,28.76],[-17.9,28.42],[-17.73,28.48]]]]},"properties":{"ISO_A2_EH":"ES"}},
{"type":"Feature","geometry":{"type":"MultiPolygon","coordinates":[[[[128.45,38.66],[128.34,38.61],[128.17,38.36],[128.04,38.31],[127.75,38.32],[127.17,38.3],[127.01,38.24],[126.75,37.98],[126.67,37.92],[126.66,37.8],[126.58,37.77],[126.39,37.84],[126.28,37.77],[126.36,37.57],[126.56,37.53],[126.56,37.42],[126.69,37.29],[126.6,37.1],[126.31,37.03],[126.14,36.92],[126.07,36.78],[126.12,36.64],[126.25,36.61],[126.25,36.43],[126.45,36.34],[126.45,36.15],[126.59,36.01],[126.57,35.89],[126.64,35.82],[126.4,35.69],[126.43,35.56],[126.28,35.25],[126.19,35.17],[126.31,34.91],[126.09,34.99],[125.92,34.87],[126.06,34.65],[126.2,34.62],[126.04,34.48],[126.03,34.37],[126.14,34.27],[126.4,34.38],[126.48,34.24],[126.76,34.23],[126.85,34.27],[127.09,34.52],[127.33,34.39],[127.46,34.46],[127.57,34.62],[127.72,34.54],[127.84,34.52],[127.89,34.61],[128.12,34.66],[128.15,34.81],[128.26,34.84],[128.45,34.77],[128.65,34.66],[128.83,34.77],[128.81,35.02],[129.11,35.06],[129.28,35.13],[129.5,35.47],[129.65,35.94],[129.63,36.11],[129.49,36.1],[129.48,36.31],[129.53,36.47],[129.52,36.63],[129.57,36.74],[129.51,37.07],[129.42,37.3],[129.12,37.72],[128.93,37.93],[128.7,38.21],[128.45,38.66]]],[[[130.95,37.41],[131.04,37.55],[130.93,37.64],[130.71,37.53],[130.73,37.44],[130.87,37.38],[130.95,37.41]]],[[[126.49,33.57],[126.3,33.53],[126.13,33.41],[126.07,33.32],[126.19,33.15],[126.6,33.17],[126.93,33.29],[127.02,33.44],[126.97,33.57],[126.77,33.63],[126.49,33.57]]]]},"properties":{"ISO_A2_EH":"KR"}},
{"type":"Feature","geometry":{"type":"MultiPolygon","coordinates":[[[[29.36,-22.19],[29.13,-22.21],[29.01,-22.28],[28.95,-22.4],[28.84,-22.48],[28.54,-22.57],[28.38,-22.59],[28.21,-22.69],[28.03,-22.87],[27.89,-23.07],[27.72,-23.22],[27.59,-23.25],[27.5,-23.37],[27.4,-23.38],[27.15,-23.52],[26.99,-23.7],[26.84,-24.24],[26.62,-24.4],[26.4,-24.61],[26.13,-24.67],[25.91,-24.75],[25.85,-24.94],[25.58,-25.61],[25.44,-25.71],[25.21,-25.76],[25,-25.75],[24.87,-25.81],[24.75,-25.82],[24.33,-25.74],[24.19,-25.63],[23.89,-25.6],[23.52,-25.34],[23.27,-25.27],[23.02,-25.32],[22.88,-25.46],[22.64,-26.07],[22.55,-26.18],[22.22,-26.39],[22.09,-26.58],[21.83,-26.68],[21.74,-26.81],[21.65,-26.85],[21.45,-26.83],[21.07,-26.85],[20.87,-26.81],[20.74,-26.85],[20.64,-26.74],[20.63,-26.44],[20.82,-26.16],[20.79,-25.92],[20.61,-25.49],[20.47,-25.22],[20.35,-25.03],[19.98,-24.78],[19.98,-25.64],[19.98,-26.53],[19.98,-27.87],[19.98,-28.45],[19.67,-28.5],[19.54,-28.57],[19.48,-28.66],[19.27,-28.78],[19.25,-28.9],[19.03,-28.93],[18.84,-28.87],[18.6,-28.86],[18.31,-28.89],[18.1,-28.87],[17.98,-28.81],[17.7,-28.77],[17.45,-28.7],[17.35,-28.5],[17.39,-28.35],[17.31,-28.23],[17.2,-28.2],[17.15,-28.08],[17.06,-28.03],[16.93,-28.07],[16.81,-28.26],[16.76,-28.45],[16.49,-28.57],[16.4,-28.67],[16.67,-29.04],[16.87,-29.43],[17.11,-30.13],[17.27,-30.48],[17.61,-31.06],[18.13,-31.77],[18.23,-32.13],[18.24,-32.49],[18.18,-32.61],[18.08,-32.69],[17.97,-32.64],[17.83,-32.7],[17.76,-32.82],[17.8,-32.99],[17.92,-33.19],[18,-33.25],[18.09,-33.41],[18.19,-33.47],[18.35,-33.74],[18.37,-33.85],[18.27,-33.89],[18.25,-34.07],[18.34,-34.33],[18.46,-34.42],[18.55,-34.35],[18.57,-34.15],[18.73,-34.15],[18.77,-34.42],[19.05,-34.42],[19.1,-34.49],[19.24,-34.51],[19.21,-34.63],[19.37,-34.68],[19.61,-34.82],[19.84,-34.83],[20.05,-34.86],[20.56,-34.53],[20.8,-34.51],[21.05,-34.44],[21.24,-34.48],[21.56,-34.44],[21.82,-34.44],[22.28,-34.14],[22.57,-34.08],[22.72,-34.08],[22.91,-34.13],[23.27,-34.15],[23.6,-34.06],[24.16,-34.13],[24.58,-34.25],[24.88,-34.24],[25.04,-34.04],[25.16,-34.03],[25.59,-34.11],[25.72,-34.06],[25.74,-33.88],[25.84,-33.8],[25.99,-33.78],[26.44,-33.83],[26.65,-33.77],[27.12,-33.58],[27.41,-33.42],[27.81,-33.16],[27.91,-33.11],[28.27,-32.82],[28.5,-32.68],[28.92,-32.35],[29.19,-32.05],[29.54,-31.73],[29.79,-31.53],[30.03,-31.37],[30.36,-31.01],[30.73,-30.48],[30.95,-30.11],[31.1,-29.94],[31.24,-29.62],[31.4,-29.42],[31.82,-29],[32.08,-28.9],[32.35,-28.67],[32.45,-28.53],[32.61,-28.22],[32.74,-27.62],[32.93,-27.1],[32.97,-26.86],[32.89,-26.85],[32.35,-26.86],[32.11,-26.84],[31.99,-26.82],[31.95,-27.17],[31.96,-27.31],[31.47,-27.3],[31.27,-27.24],[31.06,-27.11],[30.88,-26.79],[30.79,-26.76],[30.8,-26.41],[31.03,-26.1],[31.09,-25.98],[31.21,-25.84],[31.42,-25.75],[31.87,-25.98],[31.95,-25.96],[31.92,-25.77],[31.98,-25.63],[31.99,-24.46],[31.8,-23.89],[31.55,-23.48],[31.53,-23.28],[31.42,-22.83],[31.29,-22.4],[31.07,-22.31],[30.71,-22.3],[30.46,-22.33],[30.19,-22.29],[29.9,-22.18],[29.66,-22.15],[29.36,-22.19]],[[28.74,-30.1],[28.39,-30.15],[28.14,-30.45],[28.13,-30.53],[28.02,-30.64],[27.75,-30.6],[27.49,-30.36],[27.39,-30.32],[27.36,-30.16],[27.13,-29.84],[27.05,-29.66],[27.1,-29.6],[27.29,-29.52],[27.53,-29.24],[27.74,-28.94],[27.96,-28.87],[28.23,-28.7],[28.63,-28.58],[28.95,-28.88],[29.18,-29.04],[29.3,-29.09],[29.39,-29.27],[29.29,-29.57],[29.14,-29.7],[29.1,-29.92],[28.9,-30.04],[28.74,-30.1]]],[[[37.89,-47.01],[38.01,-46.9],[37.84,-46.77],[37.65,-46.75],[37.47,-46.9],[37.54,-47.01],[37.89,-47.01]]]]},"properties":{"ISO_A2_EH":"ZA"}},
{"type":"Feature","geometry":{"type":"Polygon","coordinates":[[[41.88,3.98],[41.34,3.2],[40.96,2.81],[40.97,2.22],[40.97,1.38],[40.97,0.54],[40.98,-0.31],[40.98,-0.87],[41.58,-1.64],[41.59,-1.74],[41.79,-1.47],[42.04,-1.02],[42.27,-0.79],[42.62,-0.37],[42.76,-0.23],[43.52,0.57],[43.76,0.8],[44.08,1.05],[44.38,1.34],[44.96,1.75],[45.87,2.25],[46.1,2.42],[46.93,3.24],[47.57,3.92],[48.03,4.46],[48.29,4.91],[48.71,5.45],[49.12,6.15],[49.16,6.39],[49.3,6.75],[49.41,6.95],[49.63,7.26],[49.83,7.63],[49.92,7.92],[50.16,8.15],[50.35,8.48],[50.49,8.81],[50.7,9.07],[50.75,9.21],[50.9,9.4],[50.91,9.7],[50.95,9.92],[50.99,10.28],[51.2,10.35],[51.37,10.32],[51.47,10.43],[51.42,10.53],[51.21,10.65],[51.2,11.09],[51.16,11.33],[51.29,11.64],[51.32,11.87],[50.8,12.06],[50.6,12.01],[50.41,11.78],[50.09,11.6],[49.62,11.52],[49.37,11.41],[48.93,11.33],[48.94,10.71],[48.94,9.45],[48.62,8.96],[47.98,8],[47.45,7.49],[46.97,7.03],[46.42,6.5],[45.93,6],[45.44,5.46],[44.94,4.91],[44.91,4.9],[44.03,4.95],[43.54,4.84],[43.13,4.64],[43.02,4.56],[42.89,4.36],[42.79,4.29],[42.23,4.2],[42.02,4.14],[41.88,3.98]]]},"properties":{"ISO_A2_EH":"SO"}},
{"type":"Feature","geometry":{"type":"Polygon","coordinates":[[[48.93,11.33],[48.68,11.39],[48.42,11.36],[48,11.21],[47.72,11.18],[47.48,11.25],[47.39,11.25],[47.19,11.16],[46.94,10.99],[46.55,10.82],[46.03,10.87],[45.81,10.91],[45.67,10.87],[45.31,10.71],[44.92,10.51],[44.4,10.5],[44.2,10.61],[43.9,10.84],[43.69,11.08],[43.5,11.39],[43.29,11.56],[42.92,11],[42.66,10.62],[42.78,10.37],[42.84,10.2],[43.07,9.93],[43.18,9.88],[43.3,9.61],[43.48,9.38],[43.62,9.34],[44.02,8.99],[44.89,8.7],[45.56,8.48],[46.3,8.23],[46.92,8.03],[46.98,8],[47.98,8],[48.62,8.96],[48.94,9.45],[48.94,10.71],[48.93,11.33]]]},"properties":{"ISO_A2_EH":"-99"}},
{"type":"Feature","geometry":{"type":"MultiPolygon","coordinates":[[[[159.48,-8.41],[159.46,-8.47],[159.63,-8.6],[159.73,-8.55],[159.84,-8.62],[159.95,-8.52],[159.88,-8.4],[159.91,-8.31],[159.47,-7.97],[159.22,-7.84],[159.13,-7.83],[158.77,-7.54],[158.47,-7.47],[158.39,-7.53],[158.5,-7.69],[158.53,-7.8],[158.9,-8.1],[159.06,-8.17],[159.48,-8.41]]],[[[166.72,-11.67],[166.76,-11.74],[166.94,-11.74],[167,-11.65],[166.91,-11.51],[166.78,-11.5],[166.68,-11.57],[166.72,-11.67]]],[[[165.96,-10.6],[165.74,-10.7],[165.72,-10.8],[165.78,-10.91],[165.93,-10.93],[166.01,-10.85],[166.2,-10.8],[166.23,-10.67],[166.15,-10.61],[165.96,-10.6]]],[[[160.3,-11.53],[160.11,-11.43],[159.97,-11.41],[159.9,-11.55],[159.96,-11.64],[160.3,-11.76],[160.34,-11.84],[160.51,-11.91],[160.65,-11.81],[160.59,-11.7],[160.3,-11.53]]],[[[161.54,-9.46],[161.46,-9.31],[161.33,-9.29],[161.22,-8.92],[161.02,-8.77],[161.08,-8.59],[160.78,-8.24],[160.55,-8.27],[160.51,-8.39],[160.63,-8.54],[160.58,-8.61],[160.7,-8.99],[160.82,-9.2],[160.99,-9.36],[161.14,-9.45],[161.27,-9.65],[161.39,-9.77],[161.55,-9.84],[161.63,-9.73],[161.62,-9.6],[161.54,-9.46]]],[[[159,-9],[158.96,-9.08],[159.04,-9.18],[159.17,-9.2],[159.31,-9.13],[159.28,-8.98],[159.12,-8.91],[159,-9]]],[[[160.41,-9.05],[160.28,-8.93],[160.16,-8.92],[160.03,-9],[160.06,-9.14],[160.16,-9.16],[160.26,-9.25],[160.4,-9.26],[160.48,-9.14],[160.41,-9.05]]],[[[157.93,-8.39],[157.81,-8.18],[157.68,-8.14],[157.67,-7.95],[157.49,-7.89],[157.39,-7.92],[157.28,-8.06],[157.25,-7.91],[157.12,-7.78],[156.99,-7.8],[156.89,-7.91],[156.89,-8.04],[157,-8.19],[157.16,-8.2],[157.18,-8.47],[157.13,-8.58],[157.29,-8.76],[157.56,-8.85],[157.69,-8.85],[157.72,-8.73],[157.61,-8.63],[157.44,-8.6],[157.49,-8.47],[157.71,-8.59],[157.89,-8.8],[158.15,-8.89],[158.32,-8.82],[158.28,-8.66],[158.14,-8.47],[157.93,-8.39]]],[[[156.48,-7.56],[156.43,-7.62],[156.44,-7.74],[156.54,-7.84],[156.49,-7.93],[156.47,-8.09],[156.52,-8.22],[156.62,-8.26],[156.67,-8.19],[156.66,-8],[156.75,-7.97],[156.85,-7.81],[156.87,-7.69],[156.68,-7.55],[156.55,-7.5],[156.48,-7.56]]],[[[155.69,-6.93],[155.61,-7.12],[155.73,-7.2],[155.89,-7.16],[155.93,-7.02],[155.78,-6.91],[155.69,-6.93]]],[[[159.59,-9.62],[159.7,-9.78],[159.83,-9.86],[160,-9.88],[160.3,-9.89],[160.46,-9.96],[160.65,-10],[160.84,-9.94],[160.9,-9.89],[160.86,-9.73],[160.73,-9.63],[160.68,-9.54],[160.38,-9.35],[159.99,-9.36],[159.78,-9.2],[159.67,-9.2],[159.53,-9.34],[159.55,-9.56],[159.59,-9.62]]],[[[157.52,-7.45],[157.59,-7.37],[157.53,-7.27],[157.37,-7.22],[157.21,-7.08],[157.17,-6.92],[157.07,-6.83],[156.8,-6.7],[156.64,-6.58],[156.46,-6.53],[156.38,-6.61],[156.39,-6.74],[156.64,-6.96],[156.85,-7.23],[157.07,-7.39],[157.24,-7.43],[157.46,-7.51],[157.52,-7.45]]],[[[161.22,-10.23],[161.25,-10.38],[161.42,-10.42],[161.46,-10.61],[161.75,-10.78],[162.11,-10.9],[162.3,-10.91],[162.43,-10.86],[162.44,-10.81],[162.21,-10.46],[162.13,-10.37],[162.03,-10.4],[161.85,-10.37],[161.51,-10.17],[161.4,-10.13],[161.26,-10.15],[161.22,-10.23]]]]},"properties":{"ISO_A2_EH":"SB"}},
{"type":"Feature","geometry":{"type":"Polygon","coordinates":[[[22.54,49.07],[22.02,49.21],[21.89,49.34],[21.64,49.41],[21.08,49.42],[20.95,49.32],[20.62,49.39],[20.36,49.39],[20.16,49.32],[20.06,49.18],[19.8,49.19],[19.77,49.37],[19.66,49.4],[19.44,49.6],[19.25,49.51],[19.15,49.4],[18.97,49.4],[18.83,49.51],[18.6,49.49],[18.36,49.34],[18.16,49.26],[18.09,49.07],[17.76,48.89],[17.48,48.83],[17.19,48.86],[17.06,48.78],[16.95,48.6],[16.87,48.39],[16.97,48.2],[17.15,48.01],[17.32,47.99],[17.64,47.81],[17.76,47.77],[18.15,47.76],[18.72,47.79],[18.79,48],[18.91,48.05],[19.27,48.07],[19.47,48.11],[19.63,48.22],[19.9,48.13],[20.33,48.3],[20.49,48.53],[20.87,48.55],[21.07,48.51],[21.45,48.55],[21.77,48.34],[22.13,48.41],[22.14,48.57],[22.3,48.69],[22.39,48.87],[22.54,49.07]]]},"properties":{"ISO_A2_EH":"SK"}},
{"type":"Feature","geometry":{"type":"Polygon","coordinates":[[[16.52,46.5],[16.38,46.64],[16.28,46.86],[16.09,46.86],[15.98,46.8],[15.96,46.68],[15.77,46.71],[15.44,46.63],[15,46.63],[14.84,46.58],[14.76,46.5],[14.5,46.42],[13.7,46.52],[13.68,46.46],[13.4,46.32],[13.4,46.22],[13.63,46.18],[13.49,46.04],[13.61,45.96],[13.57,45.83],[13.83,45.68],[13.64,45.64],[13.52,45.57],[13.62,45.48],[13.88,45.43],[13.99,45.51],[14.09,45.48],[14.37,45.48],[14.53,45.65],[14.73,45.51],[14.95,45.5],[15.11,45.45],[15.34,45.47],[15.28,45.73],[15.62,45.83],[15.67,46.05],[15.64,46.2],[16,46.31],[16.07,46.37],[16.23,46.37],[16.32,46.53],[16.52,46.5]]]},"properties":{"ISO_A2_EH":"SI"}},
{"type":"Feature","geometry":{"type":"Polygon","coordinates":[[[104.06,1.36],[104.03,1.41],[103.81,1.46],[103.69,1.42],[103.61,1.29],[103.82,1.19],[104.02,1.27],[104.06,1.36]]]},"properties":{"ISO_A2_EH":"SG"}},
{"type":"Feature","geometry":{"type":"Polygon","coordinates":[[[-10.28,8.49],[-10.39,8.48],[-10.56,8.32],[-10.71,8.34],[-10.63,8.53],[-10.5,8.69],[-10.61,8.87],[-10.62,9.06],[-10.75,9.12],[-10.69,9.31],[-10.86,9.52],[-11.05,9.79],[-11.21,9.98],[-11.27,10],[-11.91,9.99],[-11.92,9.92],[-12.14,9.88],[-12.28,9.93],[-12.5,9.86],[-12.56,9.7],[-12.76,9.37],[-12.83,9.3],[-12.96,9.26],[-13.03,9.1],[-13.13,9.05],[-13.23,9.07],[-13.36,9.03],[-13.26,8.89],[-13.31,8.54],[-13.35,8.41],[-13.2,8.15],[-13.05,8.13],[-13,8.04],[-12.95,7.83],[-12.82,7.73],[-12.99,7.63],[-13.02,7.54],[-12.64,7.41],[-12.59,7.36],[-11.96,7.12],[-11.77,7.03],[-11.56,6.86],[-11.45,6.95],[-11.27,7.23],[-11.09,7.4],[-10.88,7.54],[-10.65,7.76],[-10.57,8.07],[-10.39,8.16],[-10.31,8.31],[-10.28,8.49]]]},"properties":{"ISO_A2_EH":"SL"}},
{"type":"Feature","geometry":{"type":"Polygon","coordinates":[[[55.56,-4.59],[55.47,-4.49],[55.31,-4.6],[55.43,-4.8],[55.6,-4.83],[55.61,-4.67],[55.56,-4.59]]]},"properties":{"ISO_A2_EH":"SC"}},
{"type":"Feature","geometry":{"type":"Polygon","coordinates":[[[22.71,44.24],[22.49,44.44],[22.55,44.54],[22.72,44.61],[22.5,44.71],[22.35,44.68],[22.2,44.56],[22.09,44.54],[21.91,44.67],[21.64,44.71],[21.38,44.87],[21.36,44.99],[21.49,45.12],[21.43,45.19],[21.23,45.24],[20.94,45.37],[20.77,45.48],[20.78,45.75],[20.36,45.98],[20.24,46.11],[20.16,46.14],[19.53,46.16],[19.39,46.05],[19.21,45.98],[19.09,46.02],[18.91,45.93],[18.84,45.84],[19.06,45.53],[19,45.4],[19.09,45.34],[19.33,45.27],[19.39,45.17],[19.06,45.14],[19.1,44.97],[19.01,44.87],[19.24,44.91],[19.36,44.86],[19.29,44.7],[19.15,44.53],[19.15,44.3],[19.34,44.23],[19.58,44.04],[19.55,43.99],[19.31,43.99],[19.26,43.94],[19.49,43.7],[19.45,43.56],[19.25,43.58],[19.19,43.53],[19.22,43.45],[19.41,43.34],[19.55,43.21],[19.78,43.11],[19.94,43.08],[20.34,42.89],[20.34,42.83],[20.47,42.86],[20.48,42.95],[20.62,43.03],[20.62,43.2],[20.76,43.26],[20.84,43.17],[21.06,43.09],[21.24,42.91],[21.4,42.83],[21.39,42.75],[21.75,42.67],[21.56,42.25],[21.9,42.32],[22.05,42.3],[22.24,42.36],[22.34,42.31],[22.52,42.44],[22.44,42.63],[22.47,42.84],[22.71,42.88],[22.94,43.1],[22.98,43.19],[22.77,43.35],[22.55,43.45],[22.39,43.71],[22.37,43.86],[22.42,44.01],[22.6,44.08],[22.71,44.24]]]},"properties":{"ISO_A2_EH":"RS"}},
{"type":"Feature","geometry":{"type":"Polygon","coordinates":[[[-12.28,14.81],[-12.41,14.89],[-12.54,15.04],[-12.66,15.08],[-12.86,15.24],[-12.86,15.34],[-12.99,15.5],[-13.08,15.51],[-13.26,15.7],[-13.3,15.85],[-13.41,16.06],[-13.56,16.14],[-13.68,16.13],[-13.76,16.17],[-13.87,16.15],[-13.98,16.31],[-14.3,16.58],[-14.53,16.66],[-15.11,16.64],[-15.21,16.58],[-15.38,16.58],[-15.62,16.51],[-15.96,16.49],[-16.17,16.55],[-16.3,16.45],[-16.36,16.31],[-16.44,16.2],[-16.5,15.92],[-16.61,15.85],[-16.64,15.76],[-16.9,15.33],[-17.2,14.98],[-17.56,14.82],[-17.61,14.76],[-17.5,14.6],[-17.36,14.66],[-17.22,14.59],[-17.14,14.44],[-17.03,14.36],[-16.87,14.07],[-16.81,13.8],[-16.7,13.72],[-16.63,13.57],[-16.31,13.6],[-15.51,13.59],[-15.43,13.73],[-15.27,13.79],[-15.11,13.81],[-14.94,13.79],[-14.77,13.67],[-14.57,13.62],[-14.41,13.5],[-14.33,13.49],[-14.15,13.54],[-13.98,13.54],[-13.85,13.48],[-13.85,13.34],[-14.25,13.24],[-14.44,13.27],[-14.67,13.35],[-15.15,13.56],[-15.29,13.4],[-15.81,13.33],[-15.83,13.16],[-16.65,13.15],[-16.84,13.06],[-16.82,12.57],[-16.87,12.47],[-16.76,12.3],[-16.66,12.36],[-16.42,12.37],[-16.14,12.46],[-15.84,12.44],[-15.57,12.49],[-15.2,12.68],[-14.35,12.68],[-13.73,12.67],[-13.08,12.63],[-13.06,12.49],[-12.93,12.53],[-12.8,12.45],[-12.4,12.34],[-12.29,12.33],[-12.04,12.4],[-11.81,12.39],[-11.57,12.43],[-11.39,12.4],[-11.45,12.53],[-11.39,12.94],[-11.55,13.17],[-11.63,13.37],[-11.76,13.39],[-11.83,13.32],[-11.89,13.44],[-12.05,13.63],[-12.04,13.73],[-11.96,13.88],[-12.02,13.97],[-12.02,14.21],[-12.23,14.46],[-12.19,14.65],[-12.28,14.81]]]},"properties":{"ISO_A2_EH":"SN"}},
{"type":"Feature","geometry":{"type":"MultiPolygon","coordinates":[[[[51.98,19],[52.81,19.27],[53.67,19.56],[54.98,20],[55.39,21.24],[55.64,22],[55.19,22.7],[55.1,22.62],[53.83,22.78],[52.56,22.93],[51.9,23.71],[51.59,24.08],[51.53,24.37],[51.42,24.39],[51.5,24.51],[51.47,24.61],[51.29,24.61],[51.09,24.56],[50.97,24.57],[50.86,24.68],[50.74,24.99],[50.63,25.12],[50.58,25.33],[50.52,25.47],[50.34,25.61],[50.14,26.03],[50.2,26.04],[50.3,26.31],[50.26,26.45],[50.1,26.56],[50.23,26.66],[50.04,26.89],[49.77,27.01],[49.58,27.22],[49.45,27.25],[49.28,27.43],[49.32,27.5],[49.19,27.59],[48.95,27.69],[48.89,27.92],[48.7,28.17],[48.51,28.58],[48.44,28.54],[47.67,28.53],[47.58,28.63],[47.52,28.84],[47.43,28.99],[46.53,29.1],[46.36,29.06],[45.5,29.13],[44.69,29.2],[44.1,29.62],[43.44,30.08],[42.86,30.5],[42.07,31.08],[40.81,31.73],[40.37,31.94],[39.15,32.12],[38.96,31.99],[37.77,31.7],[36.96,31.49],[37.48,31.01],[37.98,30.5],[37.63,30.31],[37.47,30],[36.76,29.87],[36.7,29.83],[36.48,29.5],[36.07,29.2],[36.02,29.19],[34.95,29.35],[34.87,29.35],[34.85,29.3],[34.72,28.74],[34.7,28.52],[34.53,28.16],[34.54,28.06],[34.62,27.99],[34.74,28.05],[35.05,28.02],[35.12,27.98],[35.35,27.7],[35.51,27.39],[35.69,27.22],[35.78,27.03],[35.96,26.84],[36.02,26.73],[36.18,26.56],[36.46,26.05],[36.6,25.99],[36.47,25.84],[36.41,25.65],[36.47,25.54],[36.68,25.47],[36.84,25.31],[37.01,25.37],[37.14,25.13],[37.18,24.97],[37.1,24.82],[37.49,24.23],[37.68,24.2],[37.79,24.12],[37.88,24.11],[38.23,23.86],[38.4,23.67],[38.64,23.27],[38.72,23.02],[38.99,22.57],[39.02,22.4],[38.96,22.22],[38.91,21.88],[39.07,21.51],[39.01,21.31],[39.21,20.93],[39.43,20.7],[39.55,20.48],[39.68,20.34],[39.86,20.22],[40.05,20.2],[40.43,19.94],[40.57,19.77],[40.7,19.7],[40.72,19.62],[40.85,19.45],[41.04,19.06],[41.15,18.75],[41.16,18.65],[41.37,18.42],[41.44,18.23],[41.7,17.84],[42,17.62],[42.22,17.4],[42.32,17.08],[42.47,16.93],[42.48,16.83],[42.59,16.75],[42.72,16.36],[42.8,16.37],[43.03,16.55],[43.17,16.69],[43.18,16.81],[43.12,16.94],[43.16,17.21],[43.24,17.27],[43.19,17.36],[43.42,17.52],[43.6,17.47],[43.71,17.37],[43.92,17.32],[44.16,17.4],[44.55,17.4],[44.75,17.43],[45.15,17.43],[45.41,17.32],[46.31,17.23],[46.68,17.27],[46.78,17.21],[46.98,16.95],[47.14,16.95],[47.44,17.11],[47.58,17.45],[48.17,18.16],[49.04,18.58],[49.19,18.62],[50.36,18.78],[51.26,18.9],[51.98,19]]],[[[42.24,16.65],[42.25,16.74],[42.05,16.87],[41.97,17.06],[41.87,17.07],[41.8,16.95],[41.71,16.88],[41.74,16.74],[41.85,16.63],[42.04,16.59],[42.18,16.5],[42.24,16.65]]]]},"properties":{"ISO_A2_EH":"SA"}},
{"type":"Feature","geometry":{"type":"MultiPolygon","coordinates":[[[[7.45,1.5],[7.53,1.62],[7.49,1.73],[7.34,1.73],[7.25,1.62],[7.28,1.51],[7.45,1.5]]],[[[6.65,0.03],[6.82,0.22],[6.82,0.35],[6.72,0.48],[6.6,0.47],[6.48,0.4],[6.39,0.22],[6.46,0.01],[6.56,-0.04],[6.65,0.03]]]]},"properties":{"ISO_A2_EH":"ST"}},
{"type":"Feature","geometry":{"type":"Polygon","coordinates":[[[12.49,43.9],[12.51,43.95],[12.44,43.98],[12.4,43.93],[12.49,43.9]]]},"properties":{"ISO_A2_EH":"SM"}},
{"type":"Feature","geometry":{"type":"MultiPolygon","coordinates":[[[[-172.23,-13.46],[-172.31,-13.39],[-172.77,-13.45],[-172.85,-13.5],[-172.8,-13.63],[-172.58,-13.86],[-172.34,-13.85],[-172.19,-13.87],[-172.1,-13.69],[-172.16,-13.52],[-172.23,-13.46]]],[[[-172.05,-13.78],[-172.12,-13.83],[-172.09,-13.95],[-171.94,-14.07],[-171.74,-14.12],[-171.45,-14.12],[-171.37,-14.02],[-171.4,-13.93],[-171.55,-13.82],[-171.85,-13.73],[-172.05,-13.78]]]]},"properties":{"ISO_A2_EH":"WS"}},
{"type":"Feature","geometry":{"type":"MultiPolygon","coordinates":[[[[-61.15,13.09],[-61.06,13.17],[-61.05,13.3],[-61.09,13.42],[-61.21,13.43],[-61.34,13.32],[-61.35,13.18],[-61.26,13.1],[-61.35,12.99],[-61.25,12.9],[-61.18,12.93],[-61.15,13.09]]],[[[-61.33,12.81],[-61.42,12.68],[-61.3,12.62],[-61.24,12.7],[-61.33,12.81]]]]},"properties":{"ISO_A2_EH":"VC"}},
{"type":"Feature","geometry":{"type":"Polygon","coordinates":[[[-60.86,13.74],[-60.82,13.8],[-60.81,14.02],[-60.88,14.16],[-60.99,14.13],[-61.13,13.94],[-61.13,13.74],[-60.93,13.65],[-60.86,13.74]]]},"properties":{"ISO_A2_EH":"LC"}},
{"type":"Feature","geometry":{"type":"Polygon","coordinates":[[[-62.53,17.05],[-62.46,17.21],[-62.66,17.4],[-62.79,17.49],[-62.88,17.44],[-62.91,17.29],[-62.75,17.22],[-62.71,17.1],[-62.59,17.02],[-62.53,17.05]]]},"properties":{"ISO_A2_EH":"KN"}},
{"type":"Feature","geometry":{"type":"Polygon","coordinates":[[[29.58,-1.39],[29.35,-1.52],[29.2,-1.72],[29.13,-1.86],[29.15,-2.13],[29.11,-2.23],[28.88,-2.4],[28.86,-2.45],[28.92,-2.68],[29.01,-2.72],[29.06,-2.6],[29.3,-2.67],[29.39,-2.81],[29.7,-2.79],[29.87,-2.72],[29.91,-2.55],[29.93,-2.34],[30.14,-2.41],[30.23,-2.35],[30.41,-2.31],[30.55,-2.4],[30.83,-2.34],[30.88,-2.14],[30.82,-1.97],[30.81,-1.56],[30.71,-1.4],[30.63,-1.37],[30.47,-1.13],[30.51,-1.07],[30.36,-1.07],[30.1,-1.37],[29.99,-1.45],[29.88,-1.45],[29.83,-1.34],[29.58,-1.39]]]},"properties":{"ISO_A2_EH":"RW"}},
{"type":"Feature","geometry":{"type":"MultiPolygon","coordinates":[[[[33.54,46.01],[33.55,45.98],[33.25,45.83],[33.1,45.82],[32.77,45.65],[32.44,45.46],[32.48,45.3],[32.6,45.25],[32.88,45.28],[33.13,45.13],[33.37,45.11],[33.47,45.06],[33.51,44.91],[33.34,44.53],[33.6,44.37],[33.92,44.31],[34.12,44.36],[34.36,44.49],[34.54,44.66],[34.75,44.74],[35.13,44.74],[35.23,44.84],[35.43,44.92],[35.54,45.04],[35.64,45.03],[35.85,44.93],[36.24,44.95],[36.59,45.06],[36.91,45],[37.14,44.92],[37.34,44.68],[37.55,44.6],[37.82,44.61],[38.12,44.36],[38.28,44.31],[38.66,44.23],[39.26,43.85],[39.44,43.68],[39.81,43.42],[39.92,43.36],[40.08,43.55],[40.15,43.57],[40.52,43.51],[40.65,43.53],[41.08,43.37],[41.36,43.33],[41.58,43.22],[42.05,43.19],[42.42,43.22],[42.57,43.16],[42.76,43.17],[42.99,43.09],[43.09,42.99],[43.56,42.84],[43.78,42.75],[43.74,42.62],[43.96,42.57],[44.51,42.75],[44.64,42.73],[44.77,42.62],[44.87,42.76],[45.21,42.65],[45.34,42.53],[45.56,42.54],[45.73,42.48],[45.64,42.21],[45.95,42.04],[46.21,41.99],[46.43,41.89],[46.55,41.81],[46.75,41.81],[47.01,41.59],[47.21,41.46],[47.26,41.32],[47.52,41.23],[47.86,41.21],[48.06,41.46],[48.39,41.6],[48.64,41.9],[48.46,42],[48.31,42.22],[47.89,42.66],[47.71,42.95],[47.57,43.05],[47.61,43.21],[47.61,43.5],[47.72,43.79],[47.73,43.93],[47.5,43.89],[47.4,44.14],[47.31,44.24],[47.09,44.4],[46.82,44.48],[46.85,44.62],[47.12,44.75],[47.31,44.99],[47.49,45.28],[47.51,45.37],[47.73,45.6],[47.82,45.59],[47.87,45.45],[48,45.4],[48.08,45.47],[48.06,45.64],[48.32,45.72],[48.54,45.87],[48.68,45.81],[48.87,45.92],[48.83,46.03],[49.15,46.13],[49.33,46.25],[49.33,46.33],[49.18,46.35],[48.61,46.57],[48.51,46.65],[48.61,46.77],[48.78,46.71],[48.96,46.77],[48.55,47.32],[48.11,47.75],[47.48,47.8],[47.29,47.74],[47.09,47.95],[47.12,48.13],[47,48.28],[46.66,48.41],[46.61,48.57],[46.7,48.81],[47.01,49.1],[47.02,49.2],[46.8,49.37],[46.89,49.7],[46.99,49.85],[47.3,50.06],[47.33,50.27],[47.5,50.4],[47.71,50.38],[47.85,50.28],[48.22,49.93],[48.43,49.83],[48.76,49.93],[48.84,50.01],[48.7,50.35],[48.66,50.62],[48.81,50.6],[49.32,50.85],[49.5,51.08],[49.82,51.13],[49.93,51.2],[50.25,51.29],[50.76,51.68],[50.79,51.73],[51.16,51.65],[51.34,51.48],[51.61,51.48],[52.01,51.67],[52.22,51.71],[52.33,51.68],[52.57,51.48],[52.82,51.49],[53.04,51.46],[53.34,51.48],[53.53,51.4],[53.69,51.25],[54.04,51.12],[54.3,50.91],[54.42,50.78],[54.47,50.58],[54.65,50.66],[54.61,50.88],[54.73,51],[55.01,50.87],[55.2,50.74],[55.54,50.6],[55.8,50.6],[56.05,50.71],[56.14,50.84],[56.49,51.02],[56.62,50.98],[57.01,51.07],[57.18,51.04],[57.44,50.89],[57.65,50.93],[57.84,51.09],[58.36,51.06],[58.55,50.97],[58.88,50.69],[59.45,50.62],[59.52,50.49],[59.81,50.58],[59.96,50.8],[60.11,50.83],[60.29,50.7],[60.64,50.66],[60.94,50.7],[61.23,50.77],[61.39,50.86],[61.59,51.23],[61.55,51.32],[61.36,51.44],[61.01,51.49],[60.97,51.54],[60.46,51.65],[60.39,51.77],[60.07,51.89],[60.07,51.98],[60.43,52.13],[60.67,52.15],[60.94,52.28],[60.98,52.39],[60.82,52.57],[60.8,52.74],[61.05,52.97],[61.4,53],[61.97,52.94],[62.08,53.01],[62.01,53.11],[61.66,53.23],[61.2,53.29],[61.25,53.55],[60.98,53.62],[61.11,53.75],[61.14,53.96],[61.33,54.05],[61.93,53.95],[62.04,54],[62.5,54.01],[62.63,54.07],[63.07,54.11],[63.19,54.17],[63.41,54.18],[63.72,54.25],[64,54.27],[64.2,54.35],[64.46,54.38],[64.65,54.35],[64.93,54.4],[65.16,54.36],[65.24,54.52],[65.48,54.62],[65.71,54.62],[66.22,54.67],[67.1,54.79],[67.26,54.83],[67.69,54.87],[67.83,54.94],[68.07,54.96],[68.24,55.05],[68.21,55.16],[68.52,55.2],[68.71,55.31],[68.98,55.39],[69.49,55.36],[69.74,55.31],[69.98,55.2],[70.18,55.16],[70.49,55.28],[70.74,55.31],[70.91,55.13],[71.19,54.6],[71.09,54.21],[71.34,54.16],[72,54.21],[72.11,54.31],[72.27,54.27],[72.39,54.12],[72.4,53.96],[72.59,54],[72.62,54.13],[72.91,54.11],[73.12,53.98],[73.38,53.96],[73.62,54.07],[73.68,53.93],[73.4,53.81],[73.29,53.6],[73.47,53.47],[73.64,53.58],[73.86,53.62],[74.07,53.61],[74.4,53.5],[74.45,53.65],[74.83,53.83],[75.05,53.83],[75.38,53.97],[75.44,54.09],[75.66,54.11],[76.27,54.31],[76.5,54.34],[76.76,54.44],[76.79,54.32],[76.65,54.15],[76.42,54.11],[76.58,53.94],[77.7,53.38],[77.86,53.27],[78.48,52.64],[79.47,51.49],[79.99,50.77],[80.22,50.91],[80.42,50.95],[80.45,51.18],[80.65,51.28],[80.88,51.28],[80.97,51.19],[81.13,51.19],[81.08,51.01],[81.12,50.95],[81.39,50.96],[81.47,50.74],[81.93,50.77],[82.1,50.71],[82.49,50.73],[82.76,50.89],[83.02,50.9],[83.16,50.99],[83.36,50.99],[83.72,50.89],[83.95,50.77],[84.18,50.52],[84.26,50.29],[84.32,50.24],[84.61,50.2],[84.84,50.09],[84.99,50.06],[85,49.89],[85.21,49.66],[85.37,49.62],[85.93,49.55],[86.18,49.5],[86.61,49.77],[86.73,49.7],[86.61,49.61],[86.81,49.49],[86.95,49.32],[87.23,49.22],[87.32,49.09],[87.81,49.16],[87.93,49.16],[88.12,49.26],[88.19,49.45],[88.63,49.49],[88.83,49.45],[89.18,49.53],[89.24,49.63],[89.4,49.61],[89.65,49.72],[89.64,49.9],[89.98,49.98],[90,50.07],[90.52,50.21],[90.66,50.22],[90.76,50.31],[91.02,50.42],[91.34,50.47],[91.8,50.69],[92.19,50.7],[92.35,50.86],[92.63,50.69],[92.78,50.78],[92.94,50.78],[93.1,50.6],[93.27,50.62],[93.63,50.59],[94.25,50.56],[94.35,50.22],[94.61,50.02],[94.93,50.04],[95.04,49.96],[95.52,49.91],[95.85,50.01],[96.07,50],[96.32,49.9],[96.51,49.92],[96.99,49.88],[97.21,49.73],[97.36,49.74],[97.59,49.91],[97.85,49.95],[98.1,50.08],[98.25,50.3],[98.28,50.53],[98.03,50.64],[97.95,50.86],[97.83,50.99],[97.91,51.17],[97.95,51.35],[98.04,51.45],[98.22,51.51],[98.35,51.72],[98.64,51.8],[98.8,51.96],[98.85,52.07],[99.41,51.92],[99.72,51.87],[99.92,51.76],[100.54,51.71],[101.22,51.51],[101.38,51.45],[101.57,51.47],[102.11,51.35],[102.22,50.83],[102.32,50.72],[102.29,50.59],[102.47,50.53],[102.68,50.39],[102.86,50.33],[103.16,50.29],[103.3,50.2],[103.63,50.14],[103.8,50.18],[104.18,50.17],[104.47,50.31],[105.09,50.39],[105.38,50.47],[105.88,50.41],[106.22,50.3],[106.57,50.33],[106.71,50.31],[106.94,50.2],[107.04,50.09],[107.23,49.99],[107.63,49.98],[107.95,49.92],[107.94,49.69],[108.03,49.59],[108.21,49.52],[108.41,49.4],[108.61,49.32],[109.24,49.33],[109.53,49.27],[110.2,49.17],[110.43,49.22],[110.63,49.14],[110.83,49.17],[111.34,49.36],[111.43,49.34],[111.74,49.4],[112.08,49.42],[112.49,49.53],[112.81,49.52],[113.06,49.62],[113.16,49.8],[113.57,50.01],[113.88,50.1],[114.07,50.2],[114.3,50.27],[114.74,50.23],[115,50.14],[115.27,49.95],[115.43,49.9],[115.72,49.88],[116.13,50.01],[116.55,49.92],[116.68,49.82],[117.25,49.62],[117.48,49.61],[117.87,49.51],[118.45,49.84],[118.76,49.96],[118.98,49.98],[119.26,50.07],[119.35,50.28],[119.19,50.38],[119.28,50.56],[119.45,50.7],[119.57,50.95],[119.75,51.11],[119.81,51.27],[119.97,51.42],[120.07,51.6],[120.24,51.72],[120.51,51.85],[120.68,51.97],[120.75,52.1],[120.67,52.3],[120.7,52.49],[120.66,52.57],[120.36,52.63],[120.07,52.63],[120.09,52.79],[120.42,52.97],[120.7,53.17],[120.99,53.28],[121.41,53.32],[122.09,53.45],[122.34,53.49],[122.74,53.47],[123.15,53.54],[123.61,53.55],[123.99,53.41],[124.29,53.34],[124.47,53.23],[124.64,53.21],[124.81,53.13],[124.97,53.2],[125.23,53.17],[125.42,53.08],[125.65,53.04],[125.73,52.89],[125.87,52.87],[126.05,52.74],[126.02,52.61],[126.16,52.55],[126.31,52.4],[126.46,52.13],[126.51,51.93],[126.7,51.7],[126.71,51.57],[126.81,51.51],[126.83,51.31],[126.92,51.1],[127.31,50.71],[127.35,50.55],[127.31,50.45],[127.4,50.3],[127.59,50.21],[127.51,50.07],[127.5,49.87],[127.71,49.67],[128,49.57],[128.24,49.56],[128.7,49.6],[128.82,49.46],[129.12,49.36],[129.5,49.39],[129.53,49.32],[129.79,49.2],[130.04,48.97],[130.2,48.89],[130.55,48.86],[130.62,48.77],[130.55,48.6],[130.8,48.34],[130.71,48.13],[130.73,48.02],[130.85,47.93],[131,47.69],[131.32,47.73],[131.56,47.68],[131.79,47.68],[132.38,47.73],[132.56,47.77],[132.71,47.95],[132.88,47.98],[133.14,48.11],[133.47,48.1],[133.84,48.27],[134.29,48.37],[134.56,48.32],[134.67,48.25],[134.67,48.15],[134.57,48.02],[134.75,47.72],[134.6,47.52],[134.48,47.45],[134.29,47.41],[134.17,47.3],[134.2,47.13],[134.04,46.86],[134.02,46.71],[133.87,46.5],[133.9,46.37],[133.86,46.25],[133.7,46.14],[133.69,46.01],[133.51,45.88],[133.44,45.6],[133.19,45.49],[133.11,45.32],[133.11,45.13],[132.94,45.03],[131.98,45.24],[131.85,45.33],[131.65,45.21],[131.58,45.08],[131.45,44.98],[131.08,44.91],[130.97,44.8],[131.06,44.66],[131.26,44.07],[131.21,44],[131.17,43.7],[131.18,43.51],[131.26,43.43],[131.18,43.14],[131.09,43.04],[131.07,42.9],[130.58,42.81],[130.42,42.73],[130.58,42.62],[130.53,42.54],[130.74,42.24],[130.81,42.28],[130.94,42.53],[131.19,42.55],[131.37,42.72],[131.47,42.77],[131.6,42.96],[131.79,43.05],[131.97,43.02],[132.23,43.15],[132.21,42.89],[132.24,42.83],[132.47,42.83],[132.68,42.8],[132.84,42.72],[133.17,42.62],[133.6,42.76],[133.73,42.76],[134.07,42.89],[134.22,42.98],[134.75,43.23],[135.21,43.47],[135.34,43.64],[135.58,43.8],[135.62,43.94],[135.95,44.33],[136.21,44.43],[136.34,44.63],[136.54,44.78],[136.89,45.13],[137.23,45.35],[137.5,45.59],[137.77,45.78],[137.86,45.89],[138.2,46.22],[138.3,46.42],[138.43,46.51],[138.49,46.72],[138.68,47.02],[139.09,47.35],[139.26,47.6],[139.46,47.84],[139.76,48.05],[139.84,48.13],[140.08,48.28],[140.28,48.51],[140.33,48.75],[140.47,48.93],[140.42,49.06],[140.54,49.31],[140.63,49.59],[140.57,49.89],[140.72,50.02],[140.64,50.16],[140.59,50.55],[140.63,50.78],[140.76,50.97],[140.8,51.21],[140.95,51.39],[141.03,51.58],[141.22,51.68],[141.35,51.81],[141.55,51.92],[141.68,51.64],[141.99,51.4],[142.09,51.21],[142.09,51.01],[141.99,50.79],[141.96,50.51],[142.04,50.21],[142.03,49.58],[141.91,49.09],[141.76,48.76],[141.8,48.63],[142.03,48.27],[142.07,48.02],[141.86,47.6],[141.88,47.34],[141.93,47.14],[141.76,46.71],[141.72,46.45],[141.87,45.98],[142.09,45.85],[142.31,46.07],[142.5,46.52],[142.63,46.64],[142.79,46.54],[143.22,46.5],[143.32,46.21],[143.33,46.03],[143.45,45.96],[143.56,46.04],[143.69,46.35],[143.58,46.78],[143.51,46.85],[143.27,46.87],[143.03,47.36],[142.77,47.57],[142.66,47.75],[142.68,48.06],[143.19,49.15],[143.4,49.22],[143.73,49.24],[144.05,49.16],[144.52,48.78],[144.57,48.65],[144.79,48.59],[144.81,48.83],[144.78,48.9],[144.52,49.09],[144.38,49.33],[144.31,49.57],[144.15,49.93],[143.92,50.3],[143.85,50.52],[143.64,51.28],[143.57,51.49],[143.42,51.62],[143.41,51.76],[143.27,52.09],[143.29,52.34],[143.44,52.61],[143.44,52.97],[143.34,53.32],[143.05,53.78],[143.03,53.88],[143.1,54.16],[142.85,54.45],[142.64,54.48],[142.52,54.35],[142.34,54.35],[142.21,54.29],[142.58,53.89],[142.53,53.76],[142.37,53.57],[142.15,53.57],[141.9,53.52],[141.7,53.35],[141.75,53.03],[141.69,52.57],[141.57,52.38],[141.41,52.33],[141.26,52.43],[141.36,52.53],[141.37,52.88],[141.22,52.94],[141.43,53.05],[141.53,53.17],[141.48,53.34],[141.29,53.39],[141.12,53.54],[140.76,53.65],[140.45,53.85],[140.27,54.1],[139.71,54.35],[139.31,54.27],[139.14,54.29],[138.67,54.4],[138.54,54.31],[138.6,54.04],[138.28,53.96],[138.15,53.77],[137.9,53.67],[137.61,53.66],[137.74,53.81],[137.87,53.85],[137.93,53.99],[137.67,54.04],[137.6,54.11],[137.77,54.24],[137.75,54.33],[137.33,54.35],[137.05,54.23],[136.96,54.12],[137.08,54.01],[137.03,53.92],[136.83,53.91],[136.95,54.57],[136.88,54.68],[136.71,54.7],[135.87,54.66],[135.37,54.78],[135.37,54.9],[135.61,55.05],[135.81,55.1],[136.27,55.3],[136.54,55.52],[136.87,55.64],[137.48,55.92],[137.77,56.08],[138.19,56.4],[138.33,56.59],[138.76,56.91],[139.06,57.04],[139.27,57.21],[139.52,57.27],[139.72,57.4],[139.89,57.46],[140.1,57.63],[140.55,57.76],[140.63,57.84],[140.81,58.18],[141.08,58.36],[141.43,58.47],[141.87,58.71],[142.14,58.96],[142.65,59.18],[143.21,59.3],[143.54,59.27],[143.89,59.34],[144.48,59.3],[145.53,59.34],[145.71,59.29],[145.82,59.15],[146.05,59.09],[146.38,59.17],[146.55,59.37],[146.76,59.3],[147.01,59.29],[147.5,59.19],[147.76,59.23],[147.94,59.32],[148.2,59.34],[148.42,59.19],[148.74,59.19],[149.03,59.22],[149.1,59.39],[149.33,59.45],[149.24,59.61],[149.62,59.7],[150.37,59.53],[150.4,59.44],[150.86,59.38],[151.07,59.51],[151.39,59.47],[151.7,59.27],[151.07,59.15],[150.99,59.11],[151.24,58.81],[151.72,58.79],[152.19,58.85],[152.35,58.96],[152.51,58.89],[152.83,58.85],[152.97,58.88],[153.16,59.02],[153.35,59.03],[153.46,59.15],[153.64,59.15],[153.99,59],[154.33,59.05],[154.47,59.13],[154.71,59.07],[154.88,59.12],[155.26,59.14],[155.31,59.39],[155.05,59.51],[154.41,59.64],[154.43,59.8],[154.55,59.82],[154.71,60.06],[155.08,60.33],[155.53,60.5],[155.99,60.74],[156.18,60.96],[156.77,61.24],[156.82,61.45],[157.18,61.62],[157.54,61.73],[158.07,61.68],[158.37,61.75],[158.56,61.74],[159.19,61.85],[159.5,61.65],[159.8,61.7],[160.17,61.81],[160.02,61.57],[159.72,61.31],[159.79,61.14],[159.66,60.92],[159.93,60.86],[160.03,60.64],[160.14,60.57],[160.53,60.67],[160.86,60.69],[161.15,60.91],[162.32,61.51],[162.47,61.6],[162.78,61.57],[162.95,61.48],[163.13,61.49],[163.43,61.7],[163.17,61.83],[163.29,62.04],[163.31,62.24],[163.47,62.37],[163.44,62.49],[164.29,62.63],[164.53,62.54],[164.06,62.32],[163.92,62.06],[163.88,61.74],[163.75,61.68],[163.66,61.47],[163.84,61.37],[163.77,61.28],[163.5,61.16],[163.39,61.01],[163.5,60.94],[163.29,60.87],[162.91,60.85],[162.62,60.72],[162.19,60.6],[161.88,60.46],[161.64,60.2],[161.34,60.08],[161.1,59.89],[160.77,59.69],[160.45,59.6],[160.24,59.44],[159.73,59.17],[159.47,58.84],[158.94,58.48],[158.35,58.21],[158.19,58.1],[157.97,58.06],[157.61,58.08],[157.36,57.86],[156.99,57.91],[156.79,57.86],[156.66,57.74],[156.82,57.6],[156.84,57.48],[156.62,57.19],[156.43,57.07],[155.97,56.83],[155.86,56.72],[155.59,56.1],[155.43,55.36],[155.49,54.87],[155.58,54.54],[155.78,53.92],[155.98,53],[155.99,52.86],[156.12,52.59],[156.25,52.48],[156.37,51.91],[156.38,51.48],[156.44,51.28],[156.57,51.19],[156.64,50.96],[156.7,50.9],[156.92,50.95],[157.29,51.16],[157.59,51.37],[157.63,51.44],[157.9,51.55],[158.2,51.77],[158.44,52.07],[158.58,52.29],[158.6,52.61],[158.76,52.84],[159.03,52.99],[159.61,53.16],[159.72,53.16],[159.9,53.05],[160.12,53.08],[160.12,53.3],[160.02,53.4],[160.08,53.55],[159.97,53.78],[160.04,53.99],[160.17,54.14],[160.6,54.38],[160.83,54.48],[161.1,54.52],[161.25,54.45],[161.64,54.44],[161.79,54.47],[162.24,54.72],[162.2,54.91],[161.94,55.17],[161.86,55.37],[161.9,55.63],[162.2,56.05],[162.54,56.18],[162.76,56.01],[162.96,55.96],[163.12,55.98],[163.47,56.21],[163.37,56.57],[163.39,56.72],[162.92,56.88],[162.95,57.02],[162.91,57.33],[163.22,57.52],[163.35,57.68],[163.36,57.82],[163.23,57.9],[162.75,58.02],[162.4,57.95],[162.16,57.95],[162.1,58.08],[162.27,58.42],[162.56,58.66],[162.75,58.75],[163.16,59.01],[163.13,59.06],[163.41,59.29],[163.41,59.52],[163.53,59.8],[163.84,59.97],[164.01,59.85],[164.21,59.85],[164.46,59.99],[164.8,59.77],[165.14,59.81],[165.23,60.05],[165.36,60.07],[166.04,60.3],[166.09,60.2],[165.99,59.98],[166.11,59.79],[166.32,59.79],[166.58,59.91],[167.07,60.26],[167.29,60.34],[168.17,60.5],[168.65,60.49],[169.15,60.52],[169.51,60.39],[169.74,60.2],[169.8,60.07],[170.08,59.92],[170.41,59.9],[170.56,60.03],[170.74,60.39],[171.02,60.46],[171.59,60.67],[172.16,60.86],[172.53,61.04],[172.85,61.22],[173.2,61.34],[173.68,61.63],[173.85,61.6],[174.21,61.73],[174.58,61.75],[174.82,61.86],[175.31,61.98],[175.38,62.05],[176.43,62.29],[176.78,62.44],[177.27,62.5],[177.64,62.51],[177.97,62.48],[178.88,62.29],[179.22,62.27],[179.31,62.43],[179.73,62.67],[179.73,62.78],[179.45,63.24],[179.14,63.34],[178.9,63.63],[178.81,63.98],[178.62,64.04],[178.64,64.14],[178.36,64.41],[178.16,64.43],[178.01,64.33],[177.8,64.36],[177.6,64.47],[177.67,64.65],[178.22,64.6],[178.5,64.52],[178.78,64.57],[179.23,64.72],[179.54,64.76],[180,64.99],[180,69.07],[179.38,69.32],[179.12,69.35],[178.98,69.45],[178.51,69.52],[178.01,69.56],[177.47,69.68],[177.01,69.71],[176.22,69.92],[175.74,69.98],[175.26,69.93],[174.8,69.93],[173.81,69.96],[173.42,70.03],[173.17,69.97],[172.62,70.04],[172.02,70.07],[171.29,70.15],[170.51,70.18],[170.34,70.16],[170.3,69.88],[170.01,69.72],[169.98,69.59],[170.41,69.53],[170.69,69.24],[170.79,69.07],[170.43,68.89],[169.73,68.86],[169.49,69.12],[169.04,69.23],[168.49,69.31],[168.36,69.58],[168.88,69.5],[169.31,69.51],[169.44,69.57],[169.64,69.84],[169.52,69.94],[168.38,70.09],[167.92,70.03],[167.62,69.9],[167.56,69.82],[166.81,69.57],[166.04,69.62],[165.81,69.66],[164.6,69.68],[164.25,69.79],[163.93,69.81],[163.51,69.77],[163.19,69.79],[162.31,69.72],[161.83,69.62],[161.5,69.71],[161.24,69.64],[160.84,69.72],[160.2,69.8],[159.95,69.87],[160.22,70.31],[160.12,70.53],[159.9,70.69],[159.49,70.85],[158.8,71],[158.1,71.11],[157.47,71.15],[155.84,71.17],[155.53,71.11],[154.99,71.11],[154.35,71.04],[153.74,70.95],[152.57,70.91],[152.31,71.01],[151.94,71.26],[151.73,71.34],[151.22,71.44],[150.9,71.45],[150.73,71.59],[150.17,71.58],[150,71.77],[150.26,71.87],[150.18,72.02],[149.63,72.22],[149.05,72.32],[148.45,72.38],[147.42,72.41],[146.96,72.34],[146.43,72.37],[146.5,72.48],[145.59,72.61],[143.58,72.77],[142.12,72.79],[141.66,72.85],[141.44,72.92],[140.56,72.96],[140.39,72.83],[140.73,72.69],[140.74,72.61],[140.41,72.57],[139.52,72.57],[138.9,72.35],[139.02,72.11],[139.52,72.09],[139.14,71.97],[139.49,71.85],[139.46,71.69],[139.67,71.56],[139.33,71.52],[138.89,71.7],[138.56,71.71],[138.01,71.64],[137.21,71.65],[136.86,71.56],[136.16,71.69],[135.44,71.68],[134.92,71.58],[134.56,71.46],[134.14,71.45],[133.58,71.54],[133.02,71.8],[132.87,71.95],[132.62,72],[132.37,71.94],[132.01,71.67],[131.76,71.29],[131.36,70.93],[130.79,71.03],[130.44,71],[129.94,71.17],[129.3,71.66],[129.59,71.68],[129.67,71.77],[129.41,71.95],[129.65,72.15],[129.65,72.33],[129.49,72.48],[129.22,72.56],[129.5,72.67],[129.46,72.8],[129.16,72.94],[129.32,73.15],[128.88,73.29],[128.3,73.41],[127.84,73.55],[126.97,73.63],[126.74,73.57],[126.27,73.62],[125.82,73.57],[124.93,73.77],[124.95,73.87],[124.7,74],[124.08,73.97],[124.13,73.83],[123.7,73.72],[123.18,73.67],[123.05,73.54],[123.14,73.33],[123.31,73.21],[123.07,73.03],[122.63,73.11],[122.03,73.03],[121.32,73.04],[121,73.01],[120.5,73.07],[120.45,73.15],[119.98,73.24],[119.41,73.14],[118.67,73.28],[118.66,73.39],[119.15,73.44],[119.05,73.59],[118.5,73.66],[117.35,73.67],[116.54,73.75],[115.27,73.78],[114.73,73.68],[113.95,73.65],[113.73,73.6],[113.42,73.87],[113.03,74.06],[113.51,74.25],[113.67,74.42],[113.46,74.5],[112,74.63],[111.75,74.56],[111.71,74.44],[111.24,74.37],[111.43,74.23],[112.08,74.08],[112.73,74.02],[112.58,73.96],[112.63,73.81],[112.19,73.78],[111.6,73.88],[111.77,74.07],[111.39,74.12],[110.97,74.11],[110.88,74.03],[110.25,74.1],[109.66,73.97],[109.4,73.81],[109.72,73.54],[109.24,73.55],[108.95,73.44],[108.18,73.38],[107.65,73.24],[106.82,73.26],[107.38,73.55],[107.84,73.55],[108.39,73.64],[109.25,73.98],[109.66,74.03],[110.04,74.13],[110.19,74.27],[110.58,74.42],[111.07,74.49],[111.46,74.6],[112.06,74.69],[112.39,74.8],[113.14,74.97],[113.88,75.27],[114.03,75.47],[113.82,75.53],[114.17,75.86],[113.81,75.97],[113.5,76.32],[113,76.33],[112.93,76.58],[112.63,76.69],[111.95,76.71],[111.23,76.79],[110.45,76.83],[109.96,76.79],[109.38,76.82],[108.61,76.79],[108.17,76.82],[107.77,76.77],[107.55,76.58],[107.1,76.6],[107.79,76.93],[107.52,77.04],[107.01,77.11],[105.96,77.11],[105.62,77.19],[106.36,77.36],[106.29,77.48],[105.87,77.59],[105.21,77.65],[105.06,77.7],[104.27,77.8],[103.88,77.8],[103.45,77.71],[102.95,77.69],[102.38,77.56],[101.26,77.25],[100.7,77.03],[100.61,76.81],[100.78,76.7],[100.64,76.58],[99.58,76.55],[98.74,76.57],[98.44,76.47],[98.65,76.31],[97.42,76.1],[96.86,76.03],[97.36,76.3],[97.22,76.4],[96.82,76.43],[96.08,76.35],[95.31,76.36],[94.67,76.22],[93.68,76.16],[92.82,76.14],[92.56,75.99],[92.62,75.86],[91.72,75.79],[91.38,75.72],[90.96,75.72],[90.05,75.66],[89.51,75.53],[89.24,75.55],[88.54,75.42],[88.3,75.34],[87.64,75.21],[87.17,75.27],[86.78,75.22],[86.6,75.06],[86.11,74.99],[85.53,74.66],[85.98,74.48],[85.74,74.3],[86.41,74.18],[86.57,73.97],[85.43,73.88],[85.28,73.8],[84.74,73.84],[84.34,73.79],[83.47,73.74],[81.79,73.73],[80.39,73.61],[80.14,73.37],[80.28,73.05],[80.59,72.95],[80.41,72.71],[80.61,72.45],[80.94,72.33],[81.68,72.26],[81.98,72.19],[82.11,72.04],[82.5,71.83],[82.05,71.78],[81.66,71.8],[81.08,72],[80.94,72.14],[80.09,72.28],[79.52,72.45],[78.62,72.46],[78.46,72.61],[77.8,72.7],[77.47,72.7],[76.97,72.49],[76.69,72.4],[76.75,72.23],[77.25,72.21],[77.16,72.09],[76.32,72.07],[75.82,71.94],[76.11,71.56],[76.75,71.39],[77.38,71.24],[76.16,71.29],[75.52,71.39],[75.69,71.52],[75.74,71.67],[75.48,71.83],[75.77,72.15],[75.99,72.29],[75.83,72.46],[75.84,72.6],[75.58,72.84],[74.93,72.98],[75.2,73.08],[74.84,73.17],[74.39,73.2],[74.02,73.17],[73.84,73.01],[73.98,72.93],[74.54,72.81],[74.78,72.6],[74.86,72.42],[74.78,72.18],[74.2,72.02],[73.48,71.89],[72.84,71.45],[72.95,71.35],[73.37,71.19],[73.5,71.06],[74.1,70.63],[74.01,70.47],[73.63,70.2],[73.37,69.82],[73.35,69.7],[73.68,69.42],[73.56,69.19],[73.67,69.09],[73.95,69.04],[74.35,69.07],[74.81,69.02],[75.16,69.05],[75.52,69.17],[75.94,69.17],[76.54,69.06],[77.48,68.83],[77.79,68.3],[77.49,68.23],[77.43,68.49],[77.28,68.63],[76.91,68.81],[76.58,69.04],[76.32,69.07],[75.05,68.93],[74.42,68.8],[74.29,68.68],[74.19,68.41],[74.45,68.19],[74.6,67.9],[74.52,67.73],[73.91,67.45],[73.81,67.35],[73.63,67.03],[73.23,66.86],[72.26,66.61],[72.15,66.37],[71.96,66.32],[71.64,66.4],[71.15,66.44],[71.04,66.49],[71.4,66.61],[71.66,66.63],[71.73,66.86],[72.01,66.97],[72.74,67.54],[73.09,67.65],[73.34,67.85],[73.33,68.17],[73.63,68.39],[73.8,68.46],[73.73,68.61],[72.95,68.87],[72.73,69.09],[72.82,69.48],[72.8,69.82],[72.69,70.27],[72.91,70.45],[72.95,70.84],[72.78,71.19],[72.27,71.35],[72.1,71.47],[72.5,71.67],[72.86,72.07],[72.99,72.35],[73.05,72.72],[72.57,72.85],[72,72.9],[71.53,72.99],[70.65,72.96],[70.78,73.03],[71.81,73.13],[71.82,73.31],[71.44,73.49],[70.97,73.59],[70.26,73.55],[69.96,73.5],[69.74,73.38],[69.67,73.06],[69.2,73.01],[68.81,72.7],[68.38,72.03],[68.07,71.72],[67.39,71.47],[66.73,71.33],[66.39,71.09],[66.56,70.99],[66.18,70.74],[66.19,70.61],[66.34,70.47],[66.73,70.46],[66.68,70.71],[67.06,70.73],[66.93,70.21],[66.63,69.86],[66.6,69.65],[66.7,69.53],[67,69.38],[67.38,69.38],[67.54,69.51],[67.84,69.43],[67.92,69.22],[68.17,69.04],[68.56,68.86],[68.8,68.84],[68.65,68.59],[68.38,68.42],[67.88,68.56],[67.32,68.8],[67.14,68.94],[66.52,69.01],[65.89,69.18],[65.42,69.27],[64.72,69.49],[64.29,69.6],[63.43,69.74],[62.66,69.81],[61.81,69.83],[60.65,69.96],[59.79,70.25],[59.19,70.52],[58.64,70.49],[58.25,70.27],[58.49,70.02],[58.8,69.84],[59.33,69.82],[59.37,69.71],[59.94,69.6],[60.47,69.09],[60.73,69],[60.38,68.79],[59.77,68.76],[59.65,68.42],[59.3,68.49],[59.31,68.6],[59.61,68.73],[59.29,68.93],[59.19,69.06],[58.87,69.08],[58.18,68.95],[57.08,68.63],[56.67,68.69],[56.05,68.72],[55.61,68.65],[55.34,68.64],[54.74,68.4],[54.33,68.34],[54.13,68.41],[54.11,68.56],[53.98,68.64],[54.2,68.85],[54.63,68.94],[54.51,69.06],[53.74,69.07],[52.57,68.79],[52.2,68.66],[51.52,68.54],[51.24,68.47],[50.77,68.42],[49.81,68.12],[49.08,67.94],[48.74,67.97],[48.51,67.88],[48.63,67.77],[47.71,67.62],[47.72,67.46],[47.59,67.29],[47.53,67.06],[47.41,66.99],[46.65,66.9],[46.11,66.92],[45.92,67.02],[45.71,67.24],[45.11,67.39],[45.11,67.45],[45.63,67.69],[46.46,67.75],[46.84,67.81],[46.87,67.99],[46.33,68.33],[46.03,68.53],[45.58,68.62],[45.09,68.65],[44.12,68.62],[43.53,68.75],[43.16,68.71],[43.24,68.57],[43.99,68.29],[44.03,68],[43.85,67.69],[43.68,67.47],[43.59,67.24],[43.72,67.13],[43.99,67.1],[44.23,66.98],[44.3,66.68],[43.91,66.24],[43.68,66.37],[43.3,66.49],[42.69,66.49],[42.37,66.58],[42.14,66.6],[41.94,66.51],[41.64,66.3],[41.36,66.18],[41,66.09],[40.56,66.01],[40.21,65.8],[39.66,65.64],[39.57,65.45],[39.63,65.33],[40.21,64.86],[39.98,64.84],[39.69,64.73],[39.61,64.64],[39.13,64.78],[38.65,64.86],[38.5,64.92],[38.12,64.94],[37.63,65.17],[37.19,65.27],[36.74,65.23],[36.63,65.02],[36.42,64.99],[36.36,64.84],[37.07,64.36],[37.23,64.31],[37.7,64.32],[37.79,64.29],[37.9,64.08],[37.86,64.01],[37.4,63.89],[37.03,63.98],[36.46,64.06],[36.28,64.23],[35.67,64.46],[35.42,64.42],[35.16,64.49],[35.04,64.58],[35.12,64.76],[35,64.83],[34.97,65],[34.83,65.2],[34.61,65.38],[34.78,65.48],[34.95,65.75],[34.96,65.88],[34.53,66.18],[34.21,66.29],[33.77,66.36],[33.83,66.47],[33.39,66.57],[33.43,66.69],[34.22,66.61],[34.41,66.49],[34.81,66.52],[35.44,66.33],[36.34,66.23],[36.74,66.22],[37.21,66.16],[37.55,66.06],[38.39,65.99],[38.68,66],[39.35,66.06],[40.21,66.24],[40.66,66.4],[41.36,66.8],[41.54,67.12],[41.51,67.25],[41.32,67.3],[41.14,67.77],[40.53,67.88],[39.93,68.21],[39.58,68.16],[38.93,68.39],[38.52,68.45],[37.86,68.75],[36.69,69.07],[35.95,69.26],[35.28,69.35],[34.92,69.3],[34.25,69.39],[33.67,69.38],[33.65,69.47],[33.41,69.52],[33.19,69.5],[33.21,69.75],[32.09,70.02],[31.84,70],[31.48,69.77],[30.92,69.85],[30.86,69.54],[30.62,69.53],[30.23,69.63],[30.13,69.46],[29.99,69.39],[29.39,69.3],[29.21,69.1],[28.97,69.02],[28.57,68.93],[28.75,68.77],[28.47,68.49],[28.69,68.19],[29.34,68.06],[29.82,67.75],[29.98,67.69],[29.94,67.55],[29.57,67.32],[29.09,66.97],[29.09,66.85],[29.46,66.53],[29.67,66.28],[29.9,66.09],[30.09,65.79],[30.1,65.68],[29.72,65.62],[29.73,65.47],[29.63,65.22],[29.81,65.11],[29.6,64.97],[29.78,64.8],[30.07,64.77],[30.12,64.64],[29.99,64.56],[30.11,64.37],[30.49,64.24],[30.5,64.02],[30.06,63.69],[30.42,63.5],[31.18,63.21],[31.51,62.96],[31.53,62.89],[31.29,62.57],[30.94,62.32],[30.57,62.13],[29.69,61.55],[29.25,61.29],[28.41,60.9],[27.8,60.54],[27.82,60.47],[28.24,60.5],[28.39,60.46],[28.54,60.32],[28.72,60.27],[29,60.12],[29.38,60.1],[29.66,60.13],[29.7,60.03],[29.09,60.08],[28.85,59.89],[28.5,59.92],[28.32,59.85],[27.96,59.85],[27.87,59.73],[27.88,59.51],[28.15,59.37],[27.9,59.28],[27.76,59.05],[27.46,58.84],[27.43,58.73],[27.53,58.44],[27.49,58.27],[27.75,57.84],[27.54,57.8],[27.4,57.67],[27.35,57.53],[27.8,57.32],[27.81,57.17],[27.72,57.05],[27.64,56.85],[27.81,56.87],[28.01,56.6],[28.1,56.55],[28.2,56.26],[28.15,56.14],[28.28,56.06],[28.56,56.09],[28.79,55.94],[29.09,56.02],[29.38,55.94],[29.35,55.78],[29.48,55.68],[29.94,55.85],[30.23,55.85],[30.46,55.79],[30.63,55.67],[30.91,55.57],[30.9,55.4],[30.81,55.28],[30.98,55.05],[30.83,54.91],[30.8,54.78],[31.12,54.65],[31.07,54.49],[31.18,54.45],[31.4,54.2],[31.79,54.06],[31.84,54],[31.75,53.81],[32.2,53.78],[32.45,53.69],[32.47,53.55],[32.69,53.45],[32.7,53.34],[32.47,53.27],[32.43,53.21],[32.14,53.09],[31.85,53.11],[31.67,53.2],[31.42,53.2],[31.26,53.02],[31.54,52.8],[31.53,52.63],[31.59,52.53],[31.58,52.31],[31.76,52.1],[31.97,52.05],[32.28,52.11],[32.36,52.27],[32.51,52.31],[32.9,52.26],[33.15,52.34],[33.74,52.34],[33.92,52.25],[34.11,51.98],[34.4,51.78],[34.38,51.72],[34.12,51.68],[34.2,51.55],[34.21,51.42],[34.28,51.31],[34.71,51.17],[35.06,51.2],[35.16,51.06],[35.31,51.04],[35.44,50.73],[35.41,50.54],[35.67,50.35],[35.89,50.44],[36.12,50.41],[36.31,50.28],[36.5,50.28],[36.62,50.21],[36.76,50.29],[37.42,50.41],[37.58,50.29],[37.7,50.11],[38.05,49.92],[38.26,50.05],[38.45,49.96],[38.65,49.95],[38.92,49.82],[39.17,49.86],[39.3,49.74],[39.46,49.73],[39.78,49.57],[40.03,49.6],[40.06,49.43],[40.13,49.37],[40.07,49.2],[39.89,49.06],[39.69,49.01],[39.79,48.81],[39.7,48.74],[39.64,48.59],[39.84,48.54],[39.96,48.24],[39.89,48.17],[39.74,47.84],[39.39,47.83],[38.9,47.86],[38.72,47.71],[38.29,47.56],[38.2,47.32],[38.26,47.03],[38.49,47.1],[38.67,47.07],[38.76,46.97],[38.4,46.88],[38.23,46.78],[37.95,46.69],[37.68,46.68],[37.71,46.5],[37.84,46.35],[38.04,46.32],[38.24,46.19],[37.84,46.04],[37.75,45.83],[37.58,45.69],[37.51,45.46],[37.16,45.36],[36.88,45.51],[36.66,45.43],[36.46,45.5],[36.15,45.52],[35.98,45.45],[35.71,45.46],[35.53,45.38],[35.34,45.49],[35.1,45.76],[34.95,45.73],[34.8,45.79],[34.79,45.89],[34.69,45.98],[34.45,45.97],[34.35,46.06],[34.03,46.11],[33.81,46.21],[33.65,46.15],[33.54,46.01]],[[83.16,71.41],[82.92,71.1],[82.94,71.02],[82.46,71],[82.54,71.22],[83.16,71.41]],[[83.26,70.85],[83.52,70.54],[83.36,70.41],[83.12,70.39],[83.25,70.57],[83.26,70.85]]],[[[21.07,55.24],[20.79,55.32],[20.58,55.15],[20.36,55.02],[20.08,55.03],[19.86,54.97],[19.82,54.77],[19.66,54.59],[19.52,54.51],[19.64,54.45],[20.21,54.42],[22.17,54.36],[22.77,54.36],[22.68,54.49],[22.71,54.63],[22.83,54.84],[22.63,54.97],[22.57,55.06],[22.07,55.06],[21.55,55.2],[21.39,55.28],[21.11,55.26],[21.07,54.99],[20.8,55.02],[21.07,55.24]]],[[[145.91,43.36],[146.09,43.34],[146.2,43.44],[146.1,43.52],[145.85,43.53],[145.78,43.46],[145.91,43.36]]],[[[146.37,43.55],[146.43,43.7],[146.29,43.73],[146.18,43.61],[146.37,43.55]]],[[[137.13,54.86],[137.14,54.74],[137.43,54.77],[137.61,54.59],[137.78,54.6],[138.06,54.74],[138.19,54.94],[138.33,55.02],[138.23,55.14],[137.54,55.27],[137.3,55.12],[137.17,55.19],[136.96,55.17],[136.71,55.06],[136.59,54.94],[136.76,54.87],[137.13,54.86]]],[[[150.76,59.01],[150.84,59.15],[150.62,59.23],[150.33,59.09],[150.47,58.94],[150.76,59.01]]],[[[105.86,78.15],[106.11,78.1],[107.45,77.99],[107.9,78.04],[108.07,78.13],[107.82,78.25],[107.01,78.25],[106.87,78.4],[106.26,78.4],[105.81,78.32],[105.86,78.15]]],[[[107.37,77.17],[107.96,77.23],[107.98,77.32],[107.59,77.42],[107.18,77.41],[106.93,77.3],[107.37,77.17]]],[[[97.8,76.55],[97.95,76.59],[97.44,76.78],[96.98,76.72],[97.22,76.53],[97.8,76.55]]],[[[100.41,79.74],[100.17,79.94],[99.6,80.07],[98.29,80.13],[97.69,80.24],[97.54,80.59],[98.16,80.65],[98.32,80.77],[97.98,80.89],[97.17,80.99],[96.89,81.13],[96.01,81.36],[94.84,81.32],[94.42,81.18],[93.11,81.09],[92.67,81.03],[92.17,80.83],[92.54,80.71],[92.24,80.58],[91.6,80.54],[91.07,80.37],[91.26,80.22],[90.64,80],[90.73,79.88],[91.93,79.62],[92.97,79.63],[92.68,79.48],[93.13,79.38],[93.87,79.36],[94.3,79.1],[94.86,78.98],[95.72,78.93],[96.55,78.92],[97.44,78.75],[98.43,78.71],[99.61,78.77],[100.32,78.94],[100.16,79.13],[99.77,79.21],[100.06,79.3],[100.16,79.55],[100.68,79.69],[100.41,79.74]]],[[[76.76,73.37],[77.01,73.46],[76.33,73.63],[75.94,73.65],[75.43,73.6],[75.14,73.51],[75.28,73.36],[76.09,73.41],[76.76,73.37]]],[[[82.87,74.03],[83.59,73.98],[83.88,74.09],[83.66,74.19],[82.55,74.24],[82.02,74.14],[82.49,73.99],[82.87,74.03]]],[[[84.29,74.53],[84.23,74.37],[84.83,74.34],[85.11,74.48],[85.04,74.57],[84.6,74.58],[84.29,74.53]]],[[[59.38,81.23],[59.89,81.32],[59.69,81.41],[58.79,81.52],[58.46,81.65],[59.75,81.72],[59.94,81.84],[59.49,81.93],[57.84,81.89],[57.4,81.72],[57.76,81.63],[56.88,81.61],[56.32,81.47],[55.05,81.35],[55.12,81.21],[54.26,81.17],[53.94,80.96],[53.58,80.9],[53.63,80.77],[54.43,80.68],[55.01,80.68],[55.38,80.58],[56.41,80.56],[57.94,80.71],[58.93,80.71],[58.61,80.54],[56.88,80.56],[56.4,80.41],[55.14,80.4],[54.51,80.26],[54.76,80.16],[55.36,80.15],[55.59,80.02],[57.2,80],[57.84,80.02],[58.65,80.15],[58.71,80.25],[59.33,80.27],[59.56,80.36],[60.11,80.38],[61.23,80.35],[62.06,80.54],[63.1,80.62],[64.77,80.69],[65.35,80.77],[65.93,80.92],[65.56,81.18],[64.97,81.27],[63.91,81.22],[63.71,81.05],[62.84,81.03],[62.39,80.92],[61.71,81.16],[60.37,81.16],[59.65,81.03],[58.36,81.17],[58.49,81.25],[59.38,81.23]]],[[[-172.13,64.98],[-172.04,65.02],[-172.14,65.25],[-172.03,65.43],[-171.46,65.46],[-170.99,65.45],[-170.86,65.55],[-170.62,65.54],[-170.4,65.62],[-170.39,65.82],[-170.07,65.95],[-169.77,65.93],[-169.54,66.04],[-169.63,66.19],[-170.03,66.24],[-170.81,66.59],[-171.22,66.72],[-171.68,66.99],[-172,67.05],[-172.25,67.04],[-172.96,67.13],[-173.1,67.12],[-173.69,67.22],[-173.93,67.18],[-174.75,67.19],[-174.66,67.36],[-174.76,67.45],[-175.05,67.53],[-175.17,67.72],[-177.18,68.28],[-178.15,68.6],[-178.43,68.63],[-178.75,68.81],[-179.16,68.88],[-179.35,68.97],[-180,69.05],[-180,65],[-179.56,65.14],[-179.18,65.5],[-179.2,65.67],[-179.57,65.84],[-179.58,66.07],[-179.09,66.07],[-179.05,65.91],[-178.67,65.7],[-178.67,65.5],[-178.33,65.41],[-177.42,65.44],[-177.1,65.54],[-176.21,65.41],[-176.08,65.33],[-176,65.11],[-176.02,64.98],[-175.46,64.73],[-175.06,64.74],[-174.43,64.59],[-174.13,64.4],[-173.8,64.3],[-173.5,64.31],[-173.38,64.22],[-172.91,64.24],[-172.76,64.34],[-172.3,64.34],[-172.21,64.42],[-172.37,64.6],[-172.7,64.67],[-172.62,64.82],[-172.13,64.98]],[[-174.7,67.02],[-174.27,66.92],[-174.23,66.72],[-174.49,66.64],[-174.6,66.93],[-174.7,67.02]]],[[[46.54,80.39],[46.15,80.32],[46.71,80.11],[47.17,80.11],[47.57,80.02],[48.39,80.02],[49.21,80.1],[50.31,79.85],[51.68,79.86],[51.85,79.94],[51.68,80.08],[50.72,80.2],[50.58,80.28],[49.82,80.31],[50.39,80.46],[51.25,80.47],[52.22,80.67],[51.15,80.99],[51.45,81.1],[51.29,81.19],[50.38,81.24],[49.99,81.16],[49.97,80.99],[48.82,80.86],[47.19,80.92],[46.51,80.82],[44.87,80.71],[44.54,80.57],[45.65,80.45],[45.94,80.38],[46.54,80.39]]],[[[68.84,76.95],[68.13,77.06],[67.67,77.08],[66.66,76.99],[65.79,76.79],[65.59,76.65],[64.78,76.55],[64.31,76.44],[63.42,76.38],[62.92,76.31],[62.47,76.3],[61.56,76.37],[61.07,76.35],[60.73,76.26],[60.73,76.18],[60.16,76.16],[59.78,76.03],[58.68,75.91],[58.24,75.78],[57.75,75.7],[57.78,75.61],[57.41,75.44],[57.07,75.46],[56.61,75.4],[56.57,75.25],[55.96,75.27],[55.52,75.14],[55.85,74.93],[55.29,74.64],[55.44,74.51],[55.12,74.46],[54.43,74.01],[54.26,74],[53.48,73.78],[53.92,73.53],[53.89,73.37],[53.21,73.29],[52.95,73.17],[52.98,72.99],[52.37,72.83],[52.27,72.72],[52.57,72.62],[52.41,72.33],[52.12,72.2],[51.88,72.23],[51.37,72.11],[51.21,71.95],[51.21,71.77],[51.38,71.54],[51.91,71.4],[52.03,71.26],[52.54,71.15],[52.91,70.91],[53.63,70.75],[54.21,70.68],[54.51,70.62],[55.5,70.61],[55.74,70.54],[56.16,70.55],[56.36,70.49],[56.74,70.56],[57.16,70.51],[57.44,70.56],[57.84,70.72],[57.62,70.85],[57.06,70.98],[56.64,71.15],[56.24,71.38],[55.56,71.95],[55.76,72.23],[55.6,72.45],[55.81,72.55],[55.96,72.72],[56.22,72.72],[56.44,72.91],[56.43,73.01],[56.69,73.23],[57.18,73.32],[57.36,73.47],[57.68,73.57],[58.09,73.78],[58.05,73.98],[58.65,74.08],[58.87,74.21],[58.98,74.38],[59.42,74.54],[59.79,74.53],[60.05,74.67],[60.45,74.76],[60.8,74.9],[60.93,75.02],[61.48,75.24],[61.76,75.26],[62.24,75.37],[63.77,75.6],[64.4,75.66],[66.45,75.92],[67.32,76.05],[68.4,76.23],[69.23,76.56],[69.17,76.82],[68.84,76.95]]],[[[105.65,78.71],[105.47,78.86],[104.89,78.93],[103.97,79.22],[103.58,79.22],[103.39,79.37],[102.48,79.51],[101.4,79.42],[100.66,79.14],[100.5,78.87],[99.92,78.7],[99.68,78.37],[98.88,78.04],[99.31,77.91],[100.25,77.91],[101.39,78.12],[102.46,78.14],[102.97,78.11],[103.2,78.18],[103.83,78.19],[104.45,78.27],[105.09,78.3],[105.67,78.48],[105.65,78.71]]],[[[142.66,74.76],[142.98,74.82],[143.58,75.01],[144.01,74.97],[144.62,75.05],[145.19,75.26],[145.05,75.38],[145.63,75.5],[145.47,75.64],[143.76,75.94],[143.19,75.89],[142.67,75.95],[141.91,76.17],[141.4,76.21],[140.78,76.03],[140.63,75.84],[140.23,75.9],[139.97,76],[139.37,76.15],[139.1,76.26],[138.73,76.27],[138.03,76.18],[137.39,76.04],[136.98,75.77],[136.97,75.43],[136.66,75.33],[136.98,75.09],[137.45,74.97],[137.91,74.74],[139.04,74.58],[139.55,74.64],[139.82,74.84],[140.2,74.77],[141.4,74.86],[141.86,74.91],[142.07,74.81],[142.66,74.76]]],[[[150.22,74.77],[150.91,74.92],[151.1,75.14],[150.75,75.24],[150.26,75.28],[149.01,75.34],[148.59,75.48],[147.04,75.54],[146.56,75.65],[146.19,75.6],[145.98,75.42],[145.85,75.16],[146.54,75.06],[146.97,74.94],[147.49,74.89],[147.93,74.77],[149.03,74.7],[149.64,74.7],[150.22,74.77]]],[[[178.51,70.89],[178.68,70.76],[179.75,70.83],[180,70.91],[180,71.59],[179.42,71.51],[178.7,71.27],[178.4,71.05],[178.51,70.89]]],[[[-177.29,71.18],[-177.33,71.3],[-178.22,71.59],[-179.16,71.67],[-180,71.61],[-180,70.93],[-179.59,70.85],[-179.08,70.87],[-178.47,70.95],[-177.7,71],[-177.29,71.18]]],[[[35.38,65.11],[35.75,64.91],[36.03,64.98],[35.95,65.24],[35.7,65.28],[35.37,65.18],[35.38,65.11]]],[[[42.82,66.64],[42.92,66.68],[42.76,66.84],[42.31,66.84],[42.31,66.69],[42.58,66.63],[42.82,66.64]]],[[[167.8,54.55],[168,54.46],[168.19,54.48],[168.15,54.6],[167.97,54.74],[167.67,54.86],[167.57,54.93],[167.34,54.89],[167.38,54.75],[167.8,54.55]]],[[[160.82,70.76],[160.93,70.8],[160.7,70.99],[160.34,71],[160.22,70.83],[160.37,70.76],[160.82,70.76]]],[[[153.08,76.06],[153.1,76.22],[152.43,76.23],[152.26,76.14],[152.57,76.04],[153.08,76.06]]],[[[148.13,76.69],[148.22,76.59],[149.32,76.59],[149.72,76.79],[149.59,76.84],[148.55,76.81],[148.13,76.69]]],[[[96.88,77.14],[96.55,77.28],[95.23,77.12],[95,76.98],[95.82,76.89],[96.54,76.98],[96.88,77.14]]],[[[89.44,77.11],[89.72,77.12],[90.01,77.29],[89.78,77.37],[89.08,77.37],[88.79,77.22],[89.44,77.11]]],[[[54.74,80.42],[54.81,80.58],[54.11,80.67],[53.56,80.65],[53.24,80.49],[52.55,80.47],[52.29,80.36],[51.72,80.27],[52.03,80.16],[52.85,80.1],[53.78,80.12],[54.11,80.17],[54.39,80.35],[54.74,80.42]]],[[[60.26,80.05],[59.56,80.19],[58.54,80.07],[58.49,79.95],[59.35,79.84],[60.36,79.97],[60.26,80.05]]],[[[48.18,69.34],[48.08,69.04],[48.27,68.76],[48.6,68.66],[48.96,68.67],[49.76,68.8],[50.08,68.97],[50.37,69],[50.49,69.07],[50.33,69.3],[49.29,69.58],[48.91,69.58],[48.49,69.49],[48.18,69.34]]],[[[64.16,81.6],[64.08,81.75],[62.81,81.79],[62.04,81.77],[61.69,81.64],[62.73,81.54],[63.66,81.52],[64.16,81.6]]],[[[91.78,81.06],[92.08,81.13],[91.84,81.24],[89.82,81.29],[89.42,81.19],[89.59,81.05],[91.11,80.99],[91.78,81.06]]],[[[140.8,73.88],[140.22,73.54],[139.46,73.46],[139.65,73.3],[140.13,73.29],[140.67,73.38],[141.5,73.24],[142.29,73.18],[143.18,73.15],[143.74,73.22],[143.71,73.47],[143.56,73.61],[142.81,73.86],[142.29,73.96],[141.95,73.99],[141.24,73.95],[141.36,74.17],[141.27,74.28],[140.89,74.35],[140.36,74.34],[139.98,74.28],[139.83,74.2],[139.93,73.98],[140.27,73.85],[140.8,73.88]]],[[[135.37,75.82],[135.23,75.34],[135.8,75.31],[136.15,75.36],[136.5,75.61],[136.16,75.73],[135.97,75.88],[135.56,75.91],[135.37,75.82]]],[[[136.03,74.2],[135.79,74.28],[135.32,74.32],[135.14,74.18],[136.01,73.82],[136.44,73.88],[136.54,74],[136.03,74.2]]],[[[164.78,59.05],[164.69,59.28],[164.48,59.3],[164.13,59.16],[163.64,59.05],[163.59,58.82],[163.47,58.69],[163.28,58.61],[163.37,58.46],[163.47,58.44],[164.04,58.68],[164.33,58.77],[164.73,58.83],[164.78,59.05]]],[[[166.07,54.94],[166.23,54.81],[166.56,54.64],[166.73,54.64],[166.78,54.86],[166.51,55.05],[166.37,55.19],[166.39,55.34],[166.24,55.39],[165.9,55.43],[165.64,55.33],[165.63,55.28],[165.9,55.14],[166.07,54.94]]],[[[154.5,49.34],[154.52,49.25],[154.73,49.19],[154.9,49.27],[154.92,49.46],[154.99,49.67],[154.78,49.71],[154.5,49.4],[154.5,49.34]]],[[[156.46,50.59],[156.6,50.73],[156.6,50.88],[156.34,50.94],[156.12,50.83],[155.94,50.82],[155.79,50.72],[155.61,50.47],[155.38,50.43],[155.16,50.36],[155.07,50.26],[155.13,50.07],[155.23,50],[155.43,49.96],[155.6,50.09],[155.85,50.14],[156.02,50.26],[156.21,50.54],[156.46,50.59]]],[[[154.27,48.96],[154.06,48.96],[153.87,48.79],[153.91,48.71],[154.07,48.67],[154.29,48.81],[154.27,48.96]]],[[[155.62,50.75],[155.74,50.76],[155.74,50.96],[155.58,51.01],[155.37,50.95],[155.38,50.84],[155.51,50.73],[155.62,50.75]]],[[[153.17,47.7],[153.22,47.76],[153.12,47.88],[152.97,47.85],[152.88,47.72],[152.95,47.65],[153.17,47.7]]],[[[152.23,46.97],[152.37,47.1],[152.36,47.19],[152.2,47.22],[152.1,47.16],[151.81,46.94],[151.63,46.89],[151.69,46.72],[151.85,46.71],[152.08,46.85],[152.23,46.97]]],[[[149.49,45.52],[149.75,45.58],[149.95,45.73],[150.28,45.89],[150.32,45.97],[150.62,46.15],[150.63,46.26],[150.33,46.29],[149.89,46.08],[149.73,45.94],[149.6,45.9],[149.36,45.63],[149.49,45.52]]],[[[148.84,45.58],[148.67,45.59],[148.55,45.54],[148.27,45.35],[148.12,45.33],[148.03,45.44],[147.88,45.45],[147.59,45.15],[147.18,44.91],[147.06,44.79],[147.04,44.7],[146.9,44.61],[146.8,44.42],[146.89,44.33],[147.15,44.47],[147.27,44.49],[147.39,44.63],[147.71,44.86],[147.97,44.93],[148.31,45.15],[148.63,45.25],[148.84,45.25],[148.96,45.35],[148.93,45.5],[148.84,45.58]]],[[[146.69,43.91],[146.55,43.87],[146.52,43.7],[146.64,43.65],[146.94,43.74],[146.96,43.88],[146.84,43.94],[146.69,43.91]]],[[[145.33,43.76],[145.49,43.61],[145.62,43.61],[145.68,43.81],[145.84,43.89],[146,44.06],[146.17,44.19],[146.34,44.21],[146.48,44.3],[146.57,44.3],[146.66,44.41],[146.63,44.5],[146.38,44.5],[146.24,44.57],[146.05,44.57],[145.86,44.32],[145.59,44.05],[145.38,43.91],[145.33,43.76]]],[[[77.95,79.53],[77.58,79.62],[76.11,79.74],[75.62,79.67],[75.82,79.53],[76.8,79.42],[77.62,79.43],[77.95,79.53]]],[[[79.67,80.76],[80.71,80.81],[80.92,80.95],[79.84,81.05],[78.9,81.03],[78.5,80.85],[78.93,80.75],[79.67,80.76]]],[[[78.62,72.72],[79.46,72.63],[79.71,72.67],[79.78,72.94],[79.57,73.08],[79.15,73.17],[78.43,72.92],[78.38,72.84],[78.62,72.72]]],[[[81.82,75.57],[81.19,75.38],[81.53,75.22],[82.16,75.19],[82.52,75.33],[82.36,75.57],[81.82,75.57]]]]},"properties":{"ISO_A2_EH":"RU"}},
{"type":"Feature","geometry":{"type":"Polygon","coordinates":[[[28.21,45.45],[28.07,45.6],[28.16,45.65],[28.1,45.97],[28.12,46.14],[28.24,46.45],[28.24,46.64],[28.07,46.98],[27.85,47.11],[27.61,47.34],[27.45,47.55],[27.34,47.64],[27.15,47.96],[26.98,48.16],[26.79,48.26],[26.62,48.26],[26.31,48.2],[26.16,47.99],[25.46,47.91],[25.17,47.82],[25.07,47.75],[24.89,47.72],[24.58,47.93],[24.48,47.95],[24.18,47.91],[23.63,48],[23.41,47.99],[23.2,48.08],[22.88,47.95],[22.68,47.8],[22.29,47.73],[22,47.51],[22,47.4],[21.87,47.3],[21.79,47.14],[21.66,47.04],[21.65,46.96],[21.49,46.79],[21.5,46.7],[21.32,46.61],[21.15,46.3],[21.04,46.24],[20.84,46.26],[20.61,46.13],[20.51,46.17],[20.24,46.11],[20.36,45.98],[20.78,45.75],[20.77,45.48],[20.94,45.37],[21.23,45.24],[21.43,45.19],[21.49,45.12],[21.36,44.99],[21.38,44.87],[21.64,44.71],[21.91,44.67],[22.09,44.54],[22.2,44.56],[22.35,44.68],[22.5,44.71],[22.72,44.61],[22.55,44.54],[22.49,44.44],[22.71,44.24],[23.03,44.08],[22.87,43.95],[22.92,43.83],[23.22,43.87],[23.53,43.85],[23.95,43.79],[24.23,43.76],[24.43,43.79],[25.16,43.69],[25.5,43.67],[25.82,43.77],[25.93,43.87],[26.22,44.01],[26.49,44.08],[27.09,44.17],[27.43,44.02],[27.88,43.99],[28.05,43.82],[28.42,43.74],[28.68,43.74],[28.76,43.98],[28.75,44.28],[28.94,44.47],[29,44.7],[29.63,44.78],[29.74,44.96],[29.81,45.25],[29.57,45.37],[29.4,45.42],[29.22,45.4],[28.76,45.23],[28.45,45.29],[28.21,45.45]]]},"properties":{"ISO_A2_EH":"RO"}},
{"type":"Feature","geometry":{"type":"Polygon","coordinates":[[[51.47,24.61],[51.66,24.94],[51.68,25.16],[51.57,25.53],[51.66,25.77],[51.61,25.94],[51.45,26.06],[51.28,26.22],[51.06,26.14],[50.93,26.02],[50.79,25.64],[50.69,25.47],[50.7,25.17],[50.74,24.99],[50.86,24.68],[50.97,24.57],[51.09,24.56],[51.29,24.61],[51.47,24.61]]]},"properties":{"ISO_A2_EH":"QA"}},
{"type":"Feature","geometry":{"type":"MultiPolygon","coordinates":[[[[-8.94,41.89],[-8.99,41.75],[-8.91,41.64],[-8.83,41.27],[-8.75,41.03],[-8.78,40.77],[-8.86,40.63],[-8.99,40.15],[-8.94,40.12],[-9.23,39.58],[-9.48,39.36],[-9.45,39.26],[-9.51,39.13],[-9.57,38.87],[-9.56,38.68],[-9.32,38.63],[-9.29,38.41],[-9.2,38.36],[-8.96,38.42],[-8.89,38.19],[-8.98,37.95],[-8.88,37.73],[-8.9,37.44],[-9.08,37.06],[-9.08,37],[-8.92,36.94],[-8.82,37],[-8.59,37.05],[-8.16,37.01],[-7.96,36.93],[-7.81,36.93],[-7.46,37.1],[-7.39,37.11],[-7.5,37.59],[-7.44,37.73],[-7.19,38.01],[-7.02,38.04],[-6.97,38.19],[-7.11,38.18],[-7.34,38.46],[-7.28,38.71],[-7.05,38.91],[-7,39.06],[-7.17,39.14],[-7.31,39.34],[-7.34,39.47],[-7.45,39.54],[-7.45,39.68],[-7.12,39.68],[-7.04,39.71],[-6.9,40.02],[-7.03,40.14],[-7.01,40.21],[-6.81,40.34],[-6.85,40.41],[-6.82,40.65],[-6.86,40.88],[-6.93,41.01],[-6.78,41.11],[-6.69,41.21],[-6.4,41.38],[-6.21,41.53],[-6.24,41.6],[-6.39,41.67],[-6.54,41.67],[-6.56,41.87],[-6.62,41.94],[-7.03,41.95],[-7.15,41.98],[-7.21,41.9],[-7.4,41.83],[-7.69,41.89],[-7.92,41.88],[-8.15,41.81],[-8.22,41.9],[-8.13,42.02],[-8.21,42.13],[-8.54,42.07],[-8.84,41.91],[-8.94,41.89]]],[[[-17.26,32.69],[-17.04,32.59],[-16.81,32.57],[-16.64,32.7],[-16.62,32.8],[-16.92,32.92],[-17.05,32.89],[-17.21,32.94],[-17.34,32.82],[-17.26,32.69]]],[[[-25.13,37.09],[-25.29,37.01],[-25.21,36.87],[-24.98,36.88],[-24.97,37.04],[-25.13,37.09]]],[[[-31.08,39.34],[-31.05,39.51],[-31.19,39.59],[-31.35,39.54],[-31.38,39.37],[-31.15,39.29],[-31.08,39.34]]],[[[-27.04,38.58],[-26.95,38.66],[-26.95,38.78],[-27.09,38.86],[-27.39,38.86],[-27.49,38.79],[-27.44,38.66],[-27.34,38.59],[-27.04,38.58]]],[[[-27.77,38.48],[-27.69,38.58],[-27.92,38.7],[-28.28,38.81],[-28.4,38.73],[-28.24,38.6],[-27.83,38.47],[-27.77,38.48]]],[[[-28.69,38.45],[-28.49,38.34],[-28.22,38.31],[-27.99,38.37],[-28.1,38.52],[-28.38,38.63],[-28.55,38.62],[-28.68,38.72],[-28.87,38.67],[-28.93,38.59],[-28.78,38.45],[-28.69,38.45]]],[[[-25.6,37.67],[-25.44,37.64],[-25.22,37.67],[-25.1,37.72],[-25.11,37.88],[-25.26,37.92],[-25.62,37.91],[-25.77,37.99],[-25.93,37.95],[-25.91,37.79],[-25.77,37.7],[-25.6,37.67]]]]},"properties":{"ISO_A2_EH":"PT"}},
{"type":"Feature","geometry":{"type":"Polygon","coordinates":[[[23.61,51.52],[23.54,51.71],[23.63,51.81],[23.65,52.04],[23.46,52.17],[23.2,52.26],[23.2,52.34],[23.48,52.55],[23.84,52.66],[23.92,52.77],[23.89,53.03],[23.79,53.27],[23.6,53.6],[23.48,53.94],[23.45,54.14],[23.02,54.35],[22.77,54.36],[22.17,54.36],[20.21,54.42],[19.64,54.45],[19.52,54.51],[19.37,54.46],[18.98,54.42],[18.7,54.54],[18.91,54.61],[18.86,54.73],[18.35,54.91],[17.82,54.89],[17.22,54.8],[16.83,54.66],[16.49,54.62],[16.11,54.35],[15.87,54.32],[14.29,54.01],[14.2,53.92],[14.27,53.8],[14.3,53.56],[14.41,53.28],[14.37,53.11],[14.19,52.98],[14.13,52.88],[14.51,52.65],[14.62,52.53],[14.55,52.36],[14.71,52.21],[14.75,52.08],[14.6,51.83],[14.74,51.63],[14.72,51.52],[14.91,51.46],[15.02,51.25],[14.96,51.1],[14.81,50.86],[14.98,50.89],[14.99,51.01],[15.26,50.96],[15.35,50.81],[15.73,50.74],[16.01,50.61],[16.28,50.66],[16.42,50.57],[16.21,50.42],[16.68,50.1],[16.99,50.26],[16.87,50.41],[17.15,50.38],[17.42,50.25],[17.72,50.3],[17.71,50.19],[17.59,50.16],[17.87,49.97],[18.03,50.04],[18.31,49.91],[18.56,49.88],[18.59,49.76],[18.81,49.61],[18.83,49.51],[18.97,49.4],[19.15,49.4],[19.25,49.51],[19.44,49.6],[19.66,49.4],[19.77,49.37],[19.8,49.19],[20.06,49.18],[20.16,49.32],[20.36,49.39],[20.62,49.39],[20.95,49.32],[21.08,49.42],[21.64,49.41],[21.89,49.34],[22.02,49.21],[22.54,49.07],[22.81,49.02],[22.85,49.08],[22.71,49.17],[22.73,49.3],[22.65,49.54],[23.04,49.9],[23.71,50.38],[23.97,50.41],[24.09,50.53],[24.09,50.62],[23.98,50.79],[24.11,50.84],[23.94,50.99],[23.86,51.13],[23.66,51.31],[23.61,51.52]]]},"properties":{"ISO_A2_EH":"PL"}},
{"type":"Feature","geometry":{"type":"MultiPolygon","coordinates":[[[[122.94,14.27],[122.89,14.31],[122.64,14.39],[122.47,14.39],[122.13,14.18],[121.95,14.3],[121.84,14.2],[121.72,14.5],[121.7,14.65],[121.77,14.72],[121.72,14.83],[121.5,15.25],[121.48,15.34],[121.68,15.65],[121.66,15.89],[121.82,16.01],[122,16.09],[122.19,16.12],[122.3,16.41],[122.5,16.8],[122.59,17.15],[122.47,17.23],[122.42,17.4],[122.32,17.45],[122.25,17.6],[122.23,17.75],[122.25,18.05],[122.36,18.2],[122.37,18.43],[122.25,18.58],[122.1,18.55],[122.01,18.41],[121.93,18.36],[121.63,18.44],[121.29,18.63],[121.11,18.69],[120.93,18.66],[120.8,18.68],[120.53,18.56],[120.51,18.38],[120.43,18.19],[120.28,17.64],[120.35,17.42],[120.33,16.97],[120.25,16.78],[120.23,16.52],[120.31,16.21],[120.29,16.13],[120.17,16.12],[120.09,16.24],[119.84,16.41],[119.73,16.35],[119.7,16.27],[119.7,15.98],[119.82,15.83],[119.86,15.42],[119.96,15.1],[120.02,14.81],[120.3,14.57],[120.33,14.46],[120.4,14.39],[120.59,14.37],[120.66,14.46],[120.63,14.74],[120.78,14.69],[120.87,14.62],[120.86,14.54],[120.58,14.28],[120.54,14.2],[120.56,13.8],[120.64,13.73],[120.8,13.82],[120.89,13.69],[121.19,13.57],[121.37,13.58],[121.52,13.67],[121.52,13.76],[121.75,13.87],[122.03,13.73],[122.15,13.6],[122.35,13.45],[122.43,13.33],[122.44,13.22],[122.6,13.12],[122.75,13.22],[122.74,13.41],[122.66,13.6],[122.58,13.69],[122.57,13.84],[122.72,13.69],[122.81,13.57],[123.11,13.39],[123.22,13.2],[123.26,12.98],[123.38,12.96],[123.6,12.84],[123.82,12.84],[123.8,12.67],[123.92,12.53],[124.09,12.5],[124.21,12.78],[124.22,13.03],[123.89,13.19],[123.89,13.29],[123.64,13.64],[123.85,13.65],[123.93,13.81],[123.75,13.95],[123.48,14.03],[123.31,14.13],[123.15,13.98],[123.08,14.12],[122.94,14.27]]],[[[119.69,10.4],[119.95,10.42],[120.08,10.58],[119.98,10.67],[119.83,10.72],[119.73,10.62],[119.6,10.95],[119.62,11.36],[119.49,11.42],[119.4,11.33],[119.24,11],[119.18,10.84],[119.24,10.69],[119.22,10.6],[119.11,10.47],[118.98,10.41],[118.79,10.18],[118.68,10.09],[118.48,9.84],[118.06,9.4],[117.99,9.33],[117.85,9.31],[117.54,9.02],[117.29,8.76],[117.19,8.57],[117.15,8.38],[117.21,8.3],[117.25,8.13],[117.41,8.17],[117.43,8.32],[117.36,8.38],[117.57,8.49],[117.62,8.58],[117.93,8.74],[118.04,8.83],[118.19,9.05],[118.48,9.2],[118.63,9.38],[118.85,9.75],[118.83,9.85],[118.97,9.93],[119.24,10],[119.34,10.21],[119.45,10.29],[119.57,10.31],[119.69,10.4]]],[[[123.2,11.3],[123.23,11.44],[123.21,11.58],[123.09,11.62],[122.98,11.56],[122.87,11.66],[122.72,11.68],[122.61,11.64],[122.33,11.84],[122.05,11.97],[121.94,11.97],[121.85,11.9],[121.82,11.77],[122.03,11.65],[121.99,11.33],[121.98,11.11],[121.89,10.89],[121.88,10.75],[121.91,10.65],[121.86,10.5],[121.93,10.38],[122.03,10.4],[122.22,10.55],[122.46,10.61],[122.44,10.49],[122.51,10.36],[122.69,10.41],[122.78,10.38],[122.79,10.13],[122.69,10.06],[122.43,10.02],[122.33,9.83],[122.34,9.67],[122.51,9.43],[122.63,9.35],[122.81,9.27],[122.88,9.07],[122.96,8.99],[123.07,8.98],[123.23,9.03],[123.39,9.26],[123.38,9.37],[123.56,9.55],[123.71,9.9],[123.71,10],[123.83,10.16],[124.01,10.27],[124.07,10.37],[124.13,10.58],[124.1,10.77],[124.13,10.92],[124.11,11.1],[124.13,11.22],[124.03,11.34],[123.9,11.21],[123.89,11.15],[123.88,11.11],[123.85,11.06],[123.86,10.98],[123.77,10.76],[123.66,10.59],[123.64,10.5],[123.53,10.34],[123.41,10.3],[123.56,10.55],[123.64,10.77],[123.56,10.98],[123.26,11.07],[122.92,10.93],[122.89,10.72],[122.8,10.74],[122.88,10.96],[123.07,11.07],[123.2,11.3]]],[[[125.2,10.7],[125.09,10.8],[125.12,11.14],[125.19,11.07],[125.43,11.04],[125.62,11.06],[125.74,10.98],[125.83,11.07],[125.76,11.21],[125.67,11.29],[125.66,11.41],[125.57,11.57],[125.53,11.94],[125.59,12.04],[125.61,12.2],[125.53,12.31],[125.43,12.35],[125.38,12.48],[125.29,12.59],[125.16,12.65],[124.83,12.61],[124.57,12.6],[124.31,12.64],[124.24,12.62],[124.25,12.39],[124.32,12.21],[124.49,12.02],[124.63,11.96],[124.74,11.85],[124.67,11.75],[124.72,11.54],[124.54,11.76],[124.43,11.77],[124.29,11.69],[124.31,11.6],[124.23,11.49],[124.3,11.34],[124.38,10.87],[124.51,10.83],[124.63,10.89],[124.73,10.69],[124.66,10.43],[124.72,10.31],[124.7,10.14],[124.77,10.07],[125.04,9.96],[125.09,10.03],[125.24,9.88],[125.34,9.89],[125.35,10],[125.29,10.16],[125.34,10.3],[125.27,10.48],[125.26,10.6],[125.2,10.7]]],[[[120.33,13.55],[120.28,13.37],[120.38,13.33],[120.45,13.21],[120.6,13.11],[120.69,12.95],[120.7,12.77],[120.85,12.57],[120.9,12.4],[121.04,12.28],[121.05,12.2],[121.26,12.14],[121.34,12.22],[121.43,12.24],[121.49,12.41],[121.62,12.64],[121.55,12.85],[121.56,12.99],[121.62,13.08],[121.58,13.18],[121.41,13.31],[121.34,13.42],[121.2,13.5],[121.12,13.47],[121.02,13.55],[120.92,13.57],[120.75,13.54],[120.47,13.59],[120.33,13.55]]],[[[125.59,5.72],[125.74,5.96],[125.74,6.24],[125.65,6.5],[125.46,6.7],[125.53,6.87],[125.64,7.01],[125.7,6.88],[125.8,6.84],[125.92,6.92],[126.01,6.72],[126.04,6.47],[126.13,6.28],[126.23,6.25],[126.29,6.47],[126.32,6.81],[126.49,6.97],[126.65,7.23],[126.67,7.55],[126.64,7.7],[126.51,7.86],[126.53,8.22],[126.45,8.35],[126.43,8.52],[126.31,8.61],[126.39,8.83],[126.37,8.98],[126.26,9.14],[126.24,9.33],[126.11,9.34],[125.98,9.51],[126.07,9.69],[126.17,9.7],[126.25,9.79],[126.14,10.09],[126.05,10.13],[125.93,9.95],[125.85,9.62],[125.69,9.71],[125.55,9.83],[125.43,9.83],[125.34,9.68],[125.46,9.14],[125.38,9.07],[125.17,9.09],[125.11,8.95],[124.85,9.05],[124.75,8.97],[124.67,8.62],[124.46,8.68],[124.37,8.67],[124.26,8.54],[124.13,8.27],[123.95,8.22],[123.92,8.46],[123.84,8.6],[123.71,8.69],[123.41,8.77],[123.29,8.63],[123.12,8.58],[122.96,8.44],[122.93,8.26],[122.8,8.21],[122.66,8.2],[122.3,8.09],[122.07,7.84],[121.98,7.39],[121.86,7.23],[121.83,7.06],[121.91,6.92],[122.12,6.84],[122.24,6.97],[122.39,7.31],[122.55,7.62],[122.64,7.69],[122.73,7.68],[122.75,7.53],[122.72,7.41],[122.76,7.26],[122.85,7.24],[123.01,7.31],[123,7.45],[123.12,7.48],[123.36,7.34],[123.42,7.34],[123.55,7.65],[123.64,7.75],[123.73,7.68],[123.93,7.6],[124.12,7.4],[124.14,7.34],[123.99,7.16],[123.91,7.01],[123.92,6.85],[123.98,6.66],[124.01,6.37],[124.16,6.18],[124.61,5.93],[124.91,5.81],[125.07,5.8],[125.13,5.86],[125.23,5.58],[125.35,5.52],[125.51,5.61],[125.59,5.72]]],[[[121.89,19.07],[121.83,19.05],[121.75,18.82],[121.87,18.75],[122.04,18.91],[122,19.05],[121.89,19.07]]],[[[121.6,19.32],[121.59,19.42],[121.37,19.47],[121.3,19.41],[121.32,19.28],[121.45,19.2],[121.59,19.22],[121.6,19.32]]],[[[121.99,20.3],[122.1,20.5],[121.98,20.56],[121.88,20.5],[121.85,20.32],[121.99,20.3]]],[[[121.92,20.71],[121.96,20.77],[121.92,20.89],[121.81,20.9],[121.72,20.77],[121.73,20.65],[121.87,20.63],[121.92,20.71]]],[[[120.93,6.11],[120.84,6.06],[120.79,5.94],[120.91,5.81],[121.08,5.82],[121.2,5.86],[121.29,5.8],[121.48,5.9],[121.44,6.07],[121.2,6.14],[121.02,6.17],[120.93,6.11]]],[[[117.11,7.81],[117.15,7.86],[117.12,8.13],[116.94,8.11],[116.9,8.04],[116.9,7.87],[117.03,7.74],[117.11,7.81]]],[[[119.83,12.35],[119.79,12.16],[119.89,12.05],[119.79,11.98],[119.88,11.66],[119.95,11.6],[120.1,11.65],[120.18,11.95],[120.37,11.95],[120.41,12.1],[120.26,12.28],[120.15,12.23],[119.94,12.4],[119.83,12.35]]],[[[123.79,9.69],[123.91,9.56],[124.12,9.53],[124.38,9.56],[124.52,9.68],[124.63,9.69],[124.67,9.79],[124.63,9.89],[124.64,10.06],[124.37,10.24],[124.14,10.2],[124.01,10.05],[123.87,9.98],[123.74,9.83],[123.79,9.69]]],[[[119.75,5.11],[119.76,5.03],[119.88,4.99],[120,5.02],[120.05,5.09],[120.21,5.09],[120.33,5.27],[120.24,5.4],[120.13,5.4],[119.76,5.18],[119.75,5.11]]],[[[122.05,6.35],[122.25,6.43],[122.4,6.61],[122.33,6.7],[122.06,6.82],[121.78,6.73],[121.74,6.6],[121.92,6.35],[122.05,6.35]]],[[[125.5,10.39],[125.45,10.34],[125.42,10.1],[125.64,9.82],[125.76,9.89],[125.78,10.08],[125.72,10.25],[125.76,10.4],[125.7,10.5],[125.61,10.5],[125.5,10.39]]],[[[120.35,13.72],[120.26,13.88],[120.11,13.94],[120.03,13.88],[120.04,13.74],[120.23,13.62],[120.35,13.72]]],[[[121.8,13.26],[122.01,13.13],[122.11,13.19],[122.2,13.35],[122.19,13.5],[122,13.63],[121.84,13.63],[121.74,13.43],[121.8,13.26]]],[[[122.12,12.21],[122.2,12.44],[122.38,12.38],[122.59,12.21],[122.71,12.26],[122.76,12.38],[122.74,12.46],[122.63,12.56],[122.45,12.56],[122.34,12.64],[122.08,12.72],[121.93,12.64],[121.92,12.47],[121.85,12.33],[121.88,12.18],[121.95,12.07],[122.05,12.04],[122.12,12.21]]],[[[122.98,13.18],[122.91,13.16],[122.87,13.03],[123.01,12.94],[123.31,12.65],[123.44,12.68],[123.34,12.9],[123.26,12.96],[123.08,13.18],[122.98,13.18]]],[[[123.85,12.41],[123.77,12.66],[123.61,12.75],[123.5,12.64],[123.49,12.57],[123.26,12.65],[123.18,12.63],[123.19,12.4],[123.14,12.13],[123.08,11.98],[123.15,11.85],[123.35,11.99],[123.46,12.14],[123.65,11.97],[123.73,11.87],[123.82,11.85],[124.04,11.68],[124.13,11.81],[124.11,11.99],[123.96,12.22],[123.83,12.32],[123.85,12.41]]],[[[124.12,14.09],[124.05,14],[124.05,13.81],[123.96,13.67],[123.99,13.56],[124.18,13.46],[124.35,13.5],[124.48,13.65],[124.5,13.9],[124.36,14],[124.25,14.15],[124.12,14.09]]],[[[121.9,15.11],[121.79,15.09],[121.74,14.94],[121.85,14.77],[121.84,14.64],[121.92,14.58],[122.05,14.6],[122.1,14.76],[122.05,14.88],[122.12,14.95],[122.09,15.05],[121.99,15.12],[121.9,15.11]]],[[[124.31,10.53],[124.45,10.58],[124.46,10.71],[124.31,10.77],[124.22,10.63],[124.31,10.53]]],[[[124.86,9.08],[124.85,9.23],[124.77,9.32],[124.59,9.28],[124.56,9.16],[124.62,9.08],[124.8,9.02],[124.86,9.08]]],[[[121.33,19.04],[121.32,19.17],[121.23,19.25],[121.12,19.16],[121.13,19.01],[121.3,18.96],[121.33,19.04]]],[[[119.94,11.41],[119.96,11.47],[119.89,11.59],[119.67,11.52],[119.66,11.38],[119.82,11.3],[119.94,11.41]]],[[[123.85,11.25],[123.79,11.35],[123.62,11.27],[123.69,11.09],[123.81,11.08],[123.86,11.09],[123.89,11.13],[123.85,11.25]]],[[[123.68,9.05],[123.77,9.09],[123.77,9.27],[123.67,9.36],[123.44,9.27],[123.42,9.17],[123.5,9.07],[123.68,9.05]]]]},"properties":{"ISO_A2_EH":"PH"}},
{"type":"Feature","geometry":{"type":"Polygon","coordinates":[[[-69.97,-4.24],[-70.17,-4.05],[-70.24,-3.88],[-70.34,-3.81],[-70.53,-3.87],[-70.74,-3.78],[-70.07,-2.75],[-70.1,-2.66],[-70.58,-2.42],[-70.91,-2.22],[-71.11,-2.25],[-71.2,-2.31],[-71.4,-2.33],[-71.56,-2.22],[-71.75,-2.15],[-71.98,-2.33],[-72.14,-2.38],[-72.4,-2.43],[-72.63,-2.35],[-72.89,-2.41],[-73.15,-2.28],[-73.13,-2.08],[-73.2,-1.83],[-73.35,-1.78],[-73.5,-1.69],[-73.49,-1.54],[-73.66,-1.25],[-73.86,-1.2],[-74.05,-1.03],[-74.25,-0.97],[-74.33,-0.85],[-74.42,-0.58],[-74.62,-0.37],[-74.76,-0.3],[-74.8,-0.2],[-74.95,-0.19],[-75.14,-0.05],[-75.28,-0.11],[-75.48,-0.16],[-75.49,-0.25],[-75.42,-0.41],[-75.26,-0.56],[-75.28,-0.71],[-75.25,-0.95],[-75.42,-0.96],[-75.57,-1.53],[-76.09,-2.13],[-76.68,-2.56],[-77.36,-2.81],[-77.86,-2.98],[-77.94,-3.05],[-78.18,-3.35],[-78.23,-3.49],[-78.35,-3.43],[-78.4,-3.59],[-78.42,-3.78],[-78.55,-3.99],[-78.68,-4.33],[-78.65,-4.46],[-78.69,-4.56],[-78.86,-4.67],[-78.98,-4.87],[-79.08,-4.99],[-79.33,-4.93],[-79.5,-4.67],[-79.52,-4.54],[-79.64,-4.45],[-79.8,-4.48],[-80.14,-4.3],[-80.38,-4.46],[-80.49,-4.39],[-80.35,-4.21],[-80.45,-4.21],[-80.51,-4.07],[-80.44,-3.98],[-80.3,-4.01],[-80.18,-3.88],[-80.22,-3.79],[-80.22,-3.61],[-80.27,-3.42],[-80.36,-3.33],[-80.55,-3.44],[-80.7,-3.58],[-80.85,-3.68],[-80.95,-3.84],[-81.29,-4.19],[-81.35,-4.3],[-81.41,-4.68],[-81.19,-5.03],[-81.25,-5.18],[-81.01,-5.51],[-80.95,-5.65],[-80.99,-5.78],[-81.1,-5.73],[-81.23,-5.84],[-81.26,-5.95],[-81.2,-6.1],[-81.1,-6.19],[-80.85,-6.35],[-80.15,-6.71],[-80.05,-6.81],[-79.82,-7.11],[-79.69,-7.32],[-79.66,-7.44],[-79.44,-7.87],[-79.37,-7.97],[-79.07,-8.25],[-78.99,-8.44],[-78.83,-8.64],[-78.83,-8.76],[-78.64,-9.19],[-78.51,-9.4],[-78.42,-9.68],[-78.34,-9.84],[-78.25,-10.12],[-78.16,-10.3],[-77.8,-10.87],[-77.74,-11.04],[-77.7,-11.32],[-77.36,-11.58],[-77.29,-11.69],[-77.23,-11.93],[-77.22,-12.1],[-77.12,-12.16],[-77.04,-12.27],[-76.89,-12.39],[-76.82,-12.56],[-76.62,-12.86],[-76.49,-13.15],[-76.29,-13.4],[-76.26,-13.52],[-76.32,-13.75],[-76.45,-13.86],[-76.37,-13.98],[-76.36,-14.17],[-76.24,-14.27],[-75.99,-14.68],[-75.78,-14.84],[-75.59,-14.95],[-75.45,-15.14],[-75.33,-15.23],[-75.15,-15.47],[-74.6,-15.76],[-74.41,-15.9],[-74.18,-15.98],[-73.87,-16.21],[-73.76,-16.27],[-73.43,-16.37],[-73.3,-16.45],[-72.99,-16.58],[-72.82,-16.68],[-72.5,-16.77],[-72.15,-17.06],[-72.01,-17.12],[-71.91,-17.21],[-71.57,-17.36],[-71.47,-17.45],[-71.4,-17.73],[-71.1,-17.94],[-70.99,-17.99],[-70.87,-18.11],[-70.47,-18.4],[-70.38,-18.33],[-70.18,-18.33],[-69.93,-18.21],[-69.84,-18.09],[-69.8,-17.9],[-69.85,-17.7],[-69.68,-17.65],[-69.51,-17.51],[-69.52,-17.39],[-69.63,-17.29],[-69.62,-17.2],[-69.44,-17.09],[-69.2,-16.77],[-69.02,-16.64],[-69.01,-16.43],[-68.86,-16.35],[-68.91,-16.26],[-69.13,-16.22],[-69.22,-16.15],[-69.39,-15.74],[-69.42,-15.6],[-69.3,-15.4],[-69.17,-15.24],[-69.37,-14.96],[-69.36,-14.8],[-69.28,-14.75],[-69.23,-14.6],[-69.01,-14.38],[-69,-14.27],[-68.88,-14.2],[-68.89,-14.09],[-68.97,-13.98],[-69.07,-13.68],[-68.98,-13.5],[-68.97,-13.38],[-68.98,-12.88],[-68.87,-12.76],[-68.76,-12.69],[-68.76,-12.61],[-68.69,-12.5],[-69.05,-11.88],[-69.58,-10.95],[-69.96,-10.93],[-70.22,-11.05],[-70.39,-11.06],[-70.53,-10.95],[-70.64,-11.01],[-70.64,-9.82],[-70.57,-9.7],[-70.64,-9.48],[-70.88,-9.67],[-70.97,-9.77],[-71.12,-9.85],[-71.24,-9.97],[-71.61,-10.01],[-72.18,-10],[-72.17,-9.84],[-72.26,-9.77],[-72.32,-9.56],[-72.38,-9.51],[-72.81,-9.41],[-73.21,-9.41],[-72.97,-9.12],[-72.97,-8.99],[-73.2,-8.72],[-73.3,-8.65],[-73.36,-8.48],[-73.55,-8.35],[-73.61,-8.15],[-73.78,-7.94],[-73.72,-7.78],[-73.82,-7.74],[-74,-7.56],[-73.96,-7.38],[-73.75,-7.34],[-73.72,-7.26],[-73.8,-7.08],[-73.76,-6.91],[-73.5,-6.68],[-73.33,-6.57],[-73.24,-6.56],[-73.14,-6.47],[-73.14,-6.34],[-73.24,-6.1],[-73.16,-5.93],[-72.98,-5.63],[-72.89,-5.12],[-72.7,-5.07],[-72.47,-4.9],[-72.35,-4.79],[-72.26,-4.75],[-71.84,-4.5],[-71.52,-4.47],[-70.97,-4.35],[-70.8,-4.17],[-70.4,-4.15],[-70.24,-4.3],[-70.13,-4.29],[-70.05,-4.33],[-69.97,-4.24]]]},"properties":{"ISO_A2_EH":"PE"}},
{"type":"Feature","geometry":{"type":"Polygon","coordinates":[[[-58.16,-20.16],[-58.14,-20],[-58.18,-19.82],[-59.09,-19.29],[-60.01,-19.3],[-60.89,-19.48],[-61.51,-19.61],[-61.76,-19.65],[-61.92,-20.06],[-62.28,-20.56],[-62.28,-21.07],[-62.65,-22.23],[-62.63,-22.29],[-62.37,-22.44],[-62.21,-22.61],[-62.07,-22.87],[-61.93,-23.06],[-61.8,-23.18],[-61.57,-23.32],[-61.51,-23.39],[-61.21,-23.56],[-61.08,-23.66],[-61.03,-23.76],[-60.84,-23.86],[-60.51,-23.96],[-60.26,-24.01],[-60.11,-24.01],[-59.89,-24.09],[-59.61,-24.27],[-59.37,-24.45],[-59.19,-24.56],[-58.72,-24.79],[-58.52,-24.84],[-58.37,-24.96],[-58.14,-24.98],[-57.82,-25.14],[-57.59,-25.41],[-57.57,-25.53],[-57.75,-25.7],[-57.89,-26.01],[-58.08,-26.14],[-58.2,-26.38],[-58.19,-26.63],[-58.32,-26.8],[-58.32,-26.86],[-58.49,-26.97],[-58.64,-27.2],[-58.6,-27.31],[-58.17,-27.27],[-57.81,-27.32],[-57.39,-27.43],[-57.11,-27.47],[-56.87,-27.44],[-56.72,-27.49],[-56.6,-27.47],[-56.44,-27.55],[-56.16,-27.32],[-55.95,-27.33],[-55.79,-27.42],[-55.63,-27.36],[-55.6,-27.21],[-55.43,-27.01],[-55.14,-26.93],[-54.93,-26.7],[-54.83,-26.65],[-54.76,-26.53],[-54.68,-26.31],[-54.63,-26.01],[-54.62,-25.58],[-54.61,-25.43],[-54.47,-25.22],[-54.41,-24.87],[-54.31,-24.53],[-54.28,-24.31],[-54.32,-24.13],[-54.24,-24.05],[-54.44,-23.9],[-54.63,-23.81],[-54.98,-23.97],[-55.19,-24.02],[-55.37,-23.99],[-55.44,-23.87],[-55.46,-23.69],[-55.54,-23.58],[-55.52,-23.42],[-55.56,-23.15],[-55.6,-23.09],[-55.65,-22.81],[-55.62,-22.67],[-55.75,-22.51],[-55.75,-22.41],[-55.85,-22.31],[-56.19,-22.28],[-56.35,-22.18],[-56.39,-22.09],[-56.52,-22.1],[-56.63,-22.23],[-56.94,-22.27],[-57.24,-22.2],[-57.33,-22.22],[-57.57,-22.18],[-57.72,-22.1],[-57.82,-22.14],[-57.96,-22.11],[-57.99,-22.05],[-57.93,-21.91],[-57.92,-21.7],[-57.95,-21.49],[-57.87,-21.36],[-57.89,-21.27],[-57.83,-21.13],[-57.83,-21],[-57.91,-20.78],[-57.98,-20.66],[-58,-20.47],[-58.12,-20.29],[-58.16,-20.16]]]},"properties":{"ISO_A2_EH":"PY"}},
{"type":"Feature","geometry":{"type":"MultiPolygon","coordinates":[[[[155.78,-6.91],[156,-6.82],[156.03,-6.69],[156,-6.54],[155.88,-6.33],[155.68,-6.16],[155.52,-6.1],[155.43,-5.93],[155.28,-5.81],[155.15,-5.57],[155.03,-5.47],[154.89,-5.45],[154.77,-5.38],[154.8,-5.21],[154.75,-5.02],[154.63,-4.94],[154.47,-5.1],[154.56,-5.46],[154.67,-5.5],[154.64,-5.75],[154.72,-6.01],[154.89,-6.16],[154.96,-6.26],[155.14,-6.36],[155.13,-6.54],[155.29,-6.77],[155.49,-6.9],[155.69,-6.93],[155.78,-6.91]]],[[[140.97,-2.54],[140.97,-3.41],[140.97,-4.23],[140.97,-4.84],[140.97,-5.65],[140.98,-6.35],[140.87,-6.61],[140.86,-6.74],[140.98,-6.91],[140.98,-7.48],[140.98,-8.5],[140.98,-9.19],[140.94,-9.18],[141.11,-9.29],[141.24,-9.28],[141.4,-9.22],[141.61,-9.28],[141.98,-9.27],[142.23,-9.24],[142.4,-9.3],[142.51,-9.37],[142.66,-9.4],[142.89,-9.27],[143.42,-9.01],[143.47,-8.79],[143.68,-8.71],[143.63,-8.54],[143.67,-8.46],[143.63,-8.34],[143.68,-8.23],[143.65,-8.07],[143.77,-8.1],[143.9,-8.09],[144.01,-7.98],[143.91,-7.76],[144.13,-7.83],[144.26,-7.84],[144.36,-7.74],[144.48,-7.73],[144.51,-7.65],[144.81,-7.71],[144.87,-7.83],[144.95,-7.87],[145.27,-7.93],[145.45,-8],[145.72,-8.02],[146,-8.14],[146.19,-8.38],[146.23,-8.49],[146.4,-8.69],[146.57,-8.99],[146.65,-9.09],[146.86,-9.16],[146.85,-9.27],[146.96,-9.44],[147.25,-9.64],[147.43,-9.83],[147.49,-9.96],[147.74,-10.14],[148.04,-10.2],[148.16,-10.18],[148.43,-10.26],[148.69,-10.24],[148.93,-10.33],[149.34,-10.36],[149.54,-10.41],[149.73,-10.42],[149.9,-10.54],[149.97,-10.64],[150.32,-10.73],[150.51,-10.7],[150.67,-10.61],[150.72,-10.51],[150.65,-10.42],[150.88,-10.3],[150.85,-10.16],[150.68,-10.18],[150.56,-10.14],[150.38,-10.12],[149.93,-9.96],[149.85,-9.85],[150.04,-9.79],[150.08,-9.67],[150.01,-9.6],[149.77,-9.54],[149.49,-9.52],[149.31,-9.44],[149.28,-9.39],[149.34,-9.19],[149.32,-9.03],[149.23,-8.97],[149.09,-8.95],[148.78,-9.02],[148.64,-9],[148.51,-8.65],[148.31,-8.51],[148.28,-8.32],[148.18,-8.06],[147.97,-7.91],[147.77,-7.82],[147.25,-7.34],[147.17,-7.14],[147.02,-6.87],[147.14,-6.8],[147.35,-6.81],[147.72,-6.8],[147.85,-6.77],[147.92,-6.69],[147.93,-6.55],[147.86,-6.27],[147.78,-6.21],[147.62,-6],[147.39,-5.88],[147.06,-5.85],[146.43,-5.55],[146.23,-5.48],[145.88,-5.4],[145.83,-5.37],[145.87,-5.18],[145.86,-4.88],[145.83,-4.79],[145.37,-4.31],[145.12,-4.28],[144.89,-4.05],[144.67,-3.93],[144.58,-3.81],[144.37,-3.73],[144.13,-3.74],[144.05,-3.72],[143.84,-3.56],[143.54,-3.37],[143.39,-3.32],[142.92,-3.25],[142.24,-3.02],[142.01,-2.9],[141.87,-2.87],[141.72,-2.78],[141.21,-2.56],[140.97,-2.54]]],[[[152.64,-4.6],[152.83,-4.87],[152.88,-4.9],[153.02,-4.8],[153.09,-4.7],[153.12,-4.5],[153.21,-4.37],[153.19,-4.23],[153.07,-4.06],[152.23,-3.36],[152.07,-3.19],[151.84,-3.11],[151.73,-3.02],[151.51,-2.88],[151.33,-2.8],[150.87,-2.51],[150.76,-2.53],[150.77,-2.66],[150.68,-2.77],[150.83,-2.85],[150.95,-2.85],[151.36,-3.09],[151.54,-3.21],[151.75,-3.39],[151.94,-3.52],[152.16,-3.57],[152.3,-3.71],[152.54,-4.03],[152.62,-4.29],[152.61,-4.51],[152.64,-4.6]]],[[[152.36,-4.93],[152.47,-4.75],[152.44,-4.49],[152.47,-4.3],[152.23,-4.22],[152.12,-4.14],[151.96,-4.24],[151.85,-4.15],[151.56,-4.13],[151.47,-4.29],[151.59,-4.65],[151.6,-4.84],[151.29,-4.9],[151.09,-5.06],[150.9,-5.37],[150.64,-5.45],[150.53,-5.39],[150.22,-5.46],[150.15,-5.3],[150.15,-5.21],[150.24,-5.07],[150.16,-4.95],[149.99,-4.98],[149.94,-5.12],[149.9,-5.4],[149.81,-5.45],[149.62,-5.44],[149.46,-5.5],[149.26,-5.5],[149.01,-5.41],[148.79,-5.44],[148.57,-5.44],[148.41,-5.39],[148.27,-5.51],[148.26,-5.69],[148.35,-5.82],[148.6,-5.9],[148.77,-5.98],[149.12,-6.2],[149.28,-6.15],[149.44,-6.18],[149.63,-6.36],[150.19,-6.36],[150.44,-6.35],[150.74,-6.21],[150.85,-6.13],[151.06,-6.09],[151.27,-5.98],[151.48,-5.79],[151.55,-5.62],[151.87,-5.64],[152.13,-5.51],[152.23,-5.36],[152.06,-5.07],[152.31,-5.01],[152.36,-4.93]]],[[[147.99,-5.49],[147.86,-5.42],[147.75,-5.42],[147.71,-5.65],[147.83,-5.81],[147.95,-5.9],[148.07,-5.89],[148.13,-5.79],[148.15,-5.64],[148.11,-5.56],[147.99,-5.49]]],[[[146.02,-4.81],[146.08,-4.78],[146.13,-4.65],[146.1,-4.53],[146.01,-4.46],[145.84,-4.56],[145.81,-4.67],[145.84,-4.78],[146.02,-4.81]]],[[[152.73,-3.2],[152.75,-3.13],[152.67,-2.98],[152.53,-3],[152.47,-3.09],[152.53,-3.22],[152.69,-3.28],[152.73,-3.2]]],[[[152.16,-2.99],[152.18,-2.93],[152.07,-2.83],[152.07,-2.69],[151.92,-2.64],[151.86,-2.74],[151.91,-2.94],[152.02,-3.06],[152.13,-3.06],[152.16,-2.99]]],[[[149.62,-1.29],[149.48,-1.39],[149.47,-1.5],[149.65,-1.66],[149.81,-1.65],[149.84,-1.54],[149.79,-1.39],[149.62,-1.29]]],[[[151.32,-9.88],[151.27,-9.84],[151.13,-9.91],[150.92,-9.75],[150.97,-9.64],[150.95,-9.48],[150.83,-9.36],[150.68,-9.35],[150.55,-9.28],[150.41,-9.29],[150.38,-9.21],[150.2,-9.12],[150.07,-9.22],[150.03,-9.39],[150.24,-9.56],[150.36,-9.59],[150.38,-9.67],[150.72,-9.73],[150.9,-10.14],[151.26,-10.26],[151.38,-9.93],[151.32,-9.88]]],[[[151.03,-8.38],[150.93,-8.54],[151.01,-8.6],[150.96,-8.75],[151.07,-8.86],[151.18,-8.85],[151.21,-8.56],[151.16,-8.36],[151.03,-8.38]]],[[[153.99,-11.43],[154.02,-11.49],[154.3,-11.48],[154.35,-11.33],[154.26,-11.27],[154.12,-11.24],[153.96,-11.32],[153.99,-11.43]]],[[[147.16,-5.51],[147.3,-5.41],[147.27,-5.21],[147.14,-5.12],[146.95,-5.21],[146.93,-5.32],[147.09,-5.51],[147.16,-5.51]]],[[[146.47,-2.2],[146.59,-2.28],[146.76,-2.23],[146.92,-2.26],[147.14,-2.24],[147.23,-2.26],[147.35,-2.15],[147.49,-2.11],[147.52,-1.98],[147.08,-1.89],[146.85,-1.88],[146.63,-1.9],[146.52,-1.98],[146.47,-2.2]]],[[[150.52,-2.52],[150.48,-2.41],[150.24,-2.31],[150.08,-2.34],[149.93,-2.41],[149.89,-2.49],[150.13,-2.73],[150.23,-2.75],[150.44,-2.73],[150.52,-2.65],[150.52,-2.52]]],[[[153.02,-9.04],[152.85,-8.89],[152.55,-8.9],[152.45,-9.04],[152.6,-9.12],[152.66,-9.23],[152.87,-9.3],[153.02,-9.26],[153.07,-9.15],[153.02,-9.04]]],[[[153.76,-11.67],[153.83,-11.6],[153.74,-11.47],[153.56,-11.41],[153.23,-11.26],[153.14,-11.37],[153.25,-11.58],[153.48,-11.66],[153.53,-11.71],[153.76,-11.67]]],[[[147.92,-2.35],[147.95,-2.27],[147.84,-2.18],[147.67,-2.28],[147.75,-2.4],[147.88,-2.41],[147.92,-2.35]]],[[[150.96,-10.62],[150.89,-10.48],[150.75,-10.5],[150.7,-10.62],[150.76,-10.68],[150.92,-10.7],[150.96,-10.62]]],[[[153.72,-4.14],[153.71,-3.99],[153.6,-3.98],[153.52,-4.11],[153.62,-4.19],[153.72,-4.14]]]]},"properties":{"ISO_A2_EH":"PG"}},
{"type":"Feature","geometry":{"type":"MultiPolygon","coordinates":[[[[-77.95,7.18],[-77.9,7.23],[-77.83,7.44],[-77.74,7.54],[-77.73,7.71],[-77.59,7.54],[-77.35,7.71],[-77.35,7.84],[-77.22,7.93],[-77.21,8.03],[-77.35,8.27],[-77.41,8.43],[-77.48,8.5],[-77.33,8.72],[-77.65,8.94],[-77.78,9.12],[-78.05,9.3],[-78.49,9.48],[-78.69,9.51],[-78.91,9.5],[-78.97,9.57],[-79.1,9.61],[-79.59,9.67],[-79.7,9.62],[-79.89,9.44],[-80.01,9.41],[-80.16,9.27],[-80.57,9.15],[-80.72,9.08],[-80.87,8.95],[-81.08,8.88],[-81.35,8.85],[-81.51,8.89],[-81.66,9.07],[-81.8,9.18],[-81.93,9.2],[-82.06,9.01],[-82.17,9.08],[-82.1,9.2],[-82.18,9.28],[-82.16,9.39],[-82.21,9.5],[-82.33,9.49],[-82.52,9.63],[-82.64,9.51],[-82.8,9.59],[-82.94,9.45],[-82.94,9.06],[-82.74,8.95],[-82.74,8.9],[-82.92,8.74],[-82.86,8.64],[-82.86,8.45],[-83,8.37],[-82.88,8.13],[-82.93,8.02],[-82.78,8.08],[-82.79,8.21],[-82.68,8.25],[-82.29,8.19],[-82.16,8.11],[-81.99,8.14],[-81.78,8.07],[-81.55,7.66],[-81.29,7.56],[-81.18,7.56],[-81.11,7.69],[-80.99,7.42],[-80.97,7.25],[-80.88,7.15],[-80.66,7.15],[-80.41,7.21],[-80.26,7.35],[-80.09,7.36],[-79.93,7.48],[-80.02,7.71],[-80.39,8.11],[-80.34,8.22],[-80.09,8.29],[-79.71,8.54],[-79.71,8.66],[-79.64,8.8],[-79.42,8.94],[-79.11,8.93],[-78.58,8.59],[-78.54,8.42],[-78.44,8.29],[-78.37,8.29],[-78.33,8.15],[-78.48,8.1],[-78.45,7.87],[-78.23,7.5],[-77.95,7.18]]],[[[-78.84,8.52],[-79.03,8.48],[-79.04,8.37],[-79.13,8.37],[-79.21,8.26],[-79.1,8.14],[-79,8.23],[-78.89,8.17],[-78.79,8.26],[-78.76,8.34],[-78.79,8.5],[-78.84,8.52]]],[[[-81.93,7.45],[-81.81,7.31],[-81.67,7.25],[-81.54,7.29],[-81.55,7.43],[-81.69,7.69],[-81.87,7.65],[-81.93,7.45]]]]},"properties":{"ISO_A2_EH":"PA"}},
{"type":"Feature","geometry":{"type":"MultiPolygon","coordinates":[[[[131.17,2.95],[131.26,3.01],[131.17,3.14],[131.07,3.07],[131.08,2.98],[131.17,2.95]]],[[[134.45,7.37],[134.5,7.3],[134.65,7.34],[134.73,7.66],[134.63,7.78],[134.45,7.55],[134.45,7.37]]]]},"properties":{"ISO_A2_EH":"PW"}},
{"type":"Feature","geometry":{"type":"Polygon","coordinates":[[[76.77,35.66],[76.56,35.77],[76.55,35.89],[76.25,35.81],[76.15,35.83],[76.07,35.98],[75.95,36.02],[75.97,36.38],[75.93,36.52],[75.84,36.65],[75.67,36.74],[75.42,36.74],[75.35,36.91],[75.05,36.99],[74.89,36.95],[74.69,37.04],[74.54,37.02],[74,36.82],[73.77,36.89],[73.12,36.87],[72.62,36.83],[72.16,36.7],[72.1,36.63],[71.82,36.49],[71.62,36.44],[71.23,36.12],[71.19,36.04],[71.34,35.94],[71.43,35.83],[71.6,35.41],[71.55,35.29],[71.62,35.18],[71.46,34.97],[71.29,34.87],[70.97,34.53],[71.1,34.37],[71.09,34.12],[71.05,34.05],[70.85,33.98],[70.42,33.95],[69.99,34.05],[69.89,34.01],[69.87,33.9],[70.06,33.72],[70.28,33.37],[70.26,33.29],[69.92,33.11],[69.7,33.09],[69.5,33.02],[69.41,32.68],[69.24,32.43],[69.28,31.94],[69.08,31.74],[68.87,31.63],[68.78,31.65],[68.6,31.8],[68.44,31.75],[68.21,31.81],[68.02,31.68],[67.74,31.55],[67.58,31.51],[67.74,31.34],[67.45,31.23],[67.29,31.22],[66.92,31.31],[66.73,31.19],[66.57,31],[66.4,30.91],[66.29,30.61],[66.31,30.32],[66.25,30.04],[66.31,29.97],[66.18,29.84],[65.1,29.56],[64.52,29.56],[64.27,29.51],[64.1,29.39],[63.97,29.43],[63.57,29.5],[62.48,29.41],[62.37,29.43],[61.22,29.75],[60.84,29.86],[61.32,29.37],[61.34,29.26],[61.51,29.01],[61.62,28.79],[61.89,28.55],[62.03,28.49],[62.35,28.41],[62.56,28.24],[62.72,28.25],[62.76,28.2],[62.74,28],[62.78,27.8],[62.81,27.5],[62.76,27.25],[62.92,27.22],[63.17,27.25],[63.31,27.12],[63.24,27.08],[63.25,26.88],[63.19,26.84],[63.17,26.67],[63.09,26.63],[62.79,26.64],[62.44,26.56],[62.31,26.49],[62.24,26.36],[61.87,26.24],[61.81,26.17],[61.75,25.84],[61.67,25.77],[61.62,25.29],[61.57,25.12],[61.73,25.07],[61.91,25.06],[62.12,25.09],[62.19,25.14],[62.29,25.05],[62.43,25.09],[62.66,25.19],[63.02,25.15],[63.17,25.18],[63.48,25.14],[63.6,25.29],[63.72,25.31],[63.93,25.27],[64.1,25.27],[64.68,25.11],[64.81,25.24],[65.07,25.24],[65.41,25.3],[65.69,25.28],[65.9,25.35],[66.24,25.39],[66.47,25.37],[66.62,25.2],[66.6,24.92],[66.64,24.8],[67.1,24.71],[67.21,24.35],[67.23,24.15],[67.31,24.04],[67.41,23.98],[67.51,23.83],[67.63,23.75],[68.02,23.75],[68.12,23.69],[68.17,23.86],[68.28,23.93],[68.49,23.97],[68.72,23.96],[68.73,24.27],[68.9,24.29],[69.12,24.27],[69.56,24.27],[69.72,24.17],[70.02,24.19],[70.1,24.29],[70.55,24.42],[70.58,24.28],[70.72,24.24],[70.89,24.34],[71.04,24.4],[70.97,24.49],[70.98,24.62],[71.05,24.69],[70.88,25.06],[70.65,25.42],[70.65,25.67],[70.26,25.71],[70.1,25.91],[70.08,26.07],[70.13,26.21],[70.16,26.47],[70.06,26.58],[69.74,26.63],[69.51,26.74],[69.47,26.8],[69.57,27.17],[69.9,27.47],[70.14,27.85],[70.4,28.03],[70.49,28.02],[70.63,27.94],[70.65,27.84],[70.74,27.73],[70.87,27.71],[71.18,27.83],[71.54,27.87],[71.87,27.96],[71.95,28.18],[72.18,28.42],[72.29,28.7],[72.34,28.75],[72.9,29.03],[73.13,29.36],[73.23,29.55],[73.38,29.93],[73.81,30.09],[73.93,30.22],[73.9,30.44],[74.01,30.52],[74.22,30.77],[74.38,30.89],[74.63,31.03],[74.52,31.19],[74.59,31.47],[74.51,31.71],[74.56,31.82],[74.74,31.95],[75.07,32.09],[75.25,32.14],[75.33,32.28],[75.23,32.37],[74.99,32.46],[74.79,32.46],[74.66,32.52],[74.66,32.76],[74.35,32.77],[74.3,32.99],[74.13,33.08],[73.99,33.24],[74.12,33.38],[74.15,33.51],[74,33.63],[74,33.79],[74.22,33.89],[74.25,33.99],[73.95,34.02],[73.9,34.11],[73.98,34.19],[73.92,34.29],[73.81,34.33],[73.81,34.42],[73.96,34.65],[74.3,34.77],[74.95,34.65],[75.19,34.64],[75.45,34.54],[75.71,34.5],[76.04,34.67],[76.17,34.67],[76.46,34.76],[76.59,34.74],[76.78,34.9],[77,34.99],[77.05,35.11],[76.77,35.66]]]},"properties":{"ISO_A2_EH":"PK"}},
{"type":"Feature","geometry":{"type":"MultiPolygon","coordinates":[[[[53.11,16.58],[53.32,16.65],[53.64,16.69],[53.81,16.79],[53.99,16.85],[54.1,16.94],[54.56,16.96],[54.77,16.89],[55.11,16.98],[55.23,17.12],[55.37,17.38],[55.33,17.55],[55.52,17.78],[55.63,17.82],[56,17.86],[56.29,17.88],[56.43,17.93],[56.62,18.13],[56.72,18.55],[56.87,18.7],[57.2,18.83],[57.44,18.87],[57.69,18.89],[57.88,18.99],[57.84,19.26],[57.84,19.44],[57.79,19.62],[57.81,19.78],[57.88,19.93],[57.93,20.21],[58.14,20.39],[58.24,20.33],[58.52,20.34],[58.76,20.77],[58.96,21.07],[59.12,21.23],[59.35,21.38],[59.44,21.46],[59.58,21.75],[59.72,21.92],[59.75,22.02],[59.87,22.19],[59.92,22.42],[59.89,22.56],[59.57,22.64],[59.37,22.83],[59.26,23.02],[59.1,23.17],[58.84,23.56],[58.6,23.71],[58.35,23.69],[58.14,23.79],[57.63,23.87],[57.25,23.99],[56.97,24.2],[56.71,24.51],[56.56,24.75],[56.46,25],[56.39,25.05],[56.27,24.87],[56.06,24.74],[55.92,24.97],[55.8,24.87],[55.8,24.64],[55.77,24.49],[55.81,24.35],[55.76,24.24],[55.93,24.22],[55.99,24.06],[55.55,23.99],[55.47,23.94],[55.53,23.82],[55.51,23.72],[55.2,23.03],[55.19,22.7],[55.64,22],[55.39,21.24],[54.98,20],[53.67,19.56],[52.81,19.27],[51.98,19],[52.46,17.9],[52.73,17.3],[52.8,17.27],[53.11,16.58]]],[[[56.38,25.67],[56.45,25.78],[56.51,26.34],[56.46,26.42],[56.34,26.43],[56.25,26.3],[56.1,26.25],[56.01,26.1],[56.08,26.13],[56.17,26.05],[56.14,25.69],[56.28,25.63],[56.38,25.67]]],[[[58.71,20.14],[58.84,20.23],[58.9,20.38],[59.03,20.5],[58.96,20.71],[58.86,20.75],[58.72,20.54],[58.56,20.36],[58.58,20.17],[58.71,20.14]]]]},"properties":{"ISO_A2_EH":"OM"}},
{"type":"Feature","geometry":{"type":"MultiPolygon","coordinates":[[[[20.62,69.04],[21.13,69.08],[21.05,69.19],[21.27,69.27],[21.62,69.27],[22.3,68.86],[22.41,68.72],[23.32,68.65],[23.71,68.71],[23.85,68.81],[24.94,68.59],[25.36,68.86],[25.58,68.89],[25.75,68.99],[25.75,69.23],[26.01,69.65],[26.53,69.92],[27.11,69.9],[27.59,70.04],[27.89,70.06],[28.41,69.82],[29.14,69.67],[29.33,69.47],[28.85,69.18],[28.97,69.02],[29.21,69.1],[29.39,69.3],[29.99,69.39],[30.13,69.46],[30.23,69.63],[30.62,69.53],[30.86,69.54],[30.92,69.85],[30.16,69.92],[29.94,70.02],[30.37,70.06],[30.6,70.14],[31.15,70.23],[31.12,70.44],[30.47,70.64],[30.14,70.77],[29.52,70.8],[29.18,70.93],[28.76,70.94],[28.23,71.11],[27.52,71.17],[27,70.96],[26.37,71.03],[26.07,71.18],[25.55,71.23],[24.99,71.03],[24.52,71.07],[23.93,70.8],[23.44,70.91],[23.11,70.89],[22.9,70.8],[21.86,70.71],[21.87,70.58],[22.27,70.45],[22.08,70.36],[21.53,70.33],[21.16,70.28],[21.13,70.19],[21.36,70.08],[20.98,70.06],[21.04,70.23],[20.63,70.31],[20.22,70.18],[19.77,70.34],[18.97,70.31],[18.85,70.11],[18.03,69.7],[17.69,69.63],[17.42,69.66],[17.08,69.55],[16.8,69.39],[16.79,69.18],[16.62,69.12],[16.66,69.02],[16.98,68.95],[17.3,68.97],[17.22,68.84],[17.04,68.76],[16.74,68.74],[16.59,68.88],[16.02,69],[16.31,69.2],[16.34,69.3],[15.88,69.37],[15.3,69.07],[14.88,69.04],[14.63,68.9],[14.45,68.88],[14.16,68.73],[14.23,68.62],[14.47,68.56],[14.15,68.32],[13.81,68.35],[13.39,68.3],[13.31,68.23],[12.78,68.05],[12.64,67.84],[12.81,67.75],[13.12,67.83],[13.28,67.93],[13.86,68.03],[14.17,68.14],[14.33,68.1],[14.72,68.13],[14.96,68.22],[15.15,68.12],[14.6,67.83],[14.61,67.55],[13.76,67.03],[13.44,66.92],[13.51,66.85],[13.2,66.76],[13.04,66.67],[12.89,66.44],[12.94,66.22],[12.52,66.28],[12.3,66.22],[12.15,66.05],[12.31,65.85],[12.08,65.77],[11.65,65.73],[11.66,65.55],[12.04,65.51],[11.95,65.37],[12.04,65.21],[11.38,65.03],[10.98,65.05],[10.69,64.98],[10.57,64.85],[10.79,64.77],[11.14,64.75],[10.81,64.63],[10.71,64.54],[10.45,64.47],[10.11,64.22],[9.87,64.12],[9.74,63.97],[9.46,63.82],[9.26,63.65],[8.97,63.7],[8.83,63.87],[8.2,63.75],[8.13,63.69],[8.3,63.59],[7.87,63.52],[7.66,63.44],[7.67,63.35],[8.03,63.27],[8,63.17],[7.49,63.16],[7.3,63.09],[6.8,62.97],[6.56,62.7],[6.14,62.63],[5.98,62.48],[5.65,62.45],[5.4,62.35],[5.35,62.28],[5,62.2],[4.95,61.98],[4.79,61.92],[4.78,61.69],[5.03,61.51],[4.89,61.48],[4.87,61.26],[4.68,61.21],[4.67,61.04],[4.87,61],[4.91,60.69],[5.04,60.52],[4.85,60.51],[4.78,60.42],[4.82,60.22],[5.06,60.12],[5.07,59.97],[4.98,59.85],[4.97,59.65],[5.1,59.57],[4.99,59.22],[5.09,59.1],[5.41,59.1],[5.66,59.23],[5.82,59.17],[5.75,59.06],[5.58,59.08],[5.42,59],[5.38,58.72],[5.61,58.47],[5.96,58.32],[6.34,58.2],[6.5,58.04],[6.97,57.95],[7.2,57.97],[7.47,57.95],[8.22,58.07],[8.62,58.25],[9.03,58.52],[9.41,58.68],[9.5,58.83],[9.77,58.9],[10.23,58.94],[10.36,59.02],[10.57,59.26],[10.73,59.12],[11.04,59.07],[11.34,59.09],[11.47,58.91],[11.64,58.93],[11.8,59.29],[11.68,59.59],[11.83,59.7],[11.93,59.86],[12.17,59.91],[12.49,60.11],[12.59,60.45],[12.31,60.89],[12.29,61],[12.68,61.05],[12.88,61.35],[12.6,61.54],[12.16,61.72],[12.3,62.29],[12.11,62.59],[12.11,62.92],[12.22,63],[12,63.29],[12.21,63.49],[12.18,63.6],[12.66,63.94],[12.99,64.05],[13.3,64.07],[13.96,64.01],[14.14,64.17],[14.08,64.46],[13.65,64.58],[14.12,64.95],[14.48,65.3],[14.55,65.65],[14.64,65.85],[14.54,66.13],[15.15,66.19],[15.48,66.31],[15.42,66.49],[16.4,67.05],[16.43,67.16],[16.13,67.43],[16.19,67.51],[16.59,67.63],[16.78,67.9],[17.32,68.1],[17.92,67.96],[18.18,68.2],[18.16,68.53],[18.38,68.56],[19.05,68.49],[19.97,68.36],[20.24,68.48],[19.97,68.54],[20.32,68.75],[20.34,68.9],[20.12,69.02],[20.62,69.04]]],[[[-7.77,71.07],[-7.88,71.24],[-8.5,71.2],[-8.7,71.08],[-9.12,70.97],[-9.32,70.85],[-9.13,70.75],[-8.84,70.77],[-8.52,70.88],[-7.79,71],[-7.77,71.07]]],[[[19.36,74.33],[19.55,74.46],[19.34,74.59],[18.7,74.58],[18.5,74.49],[18.68,74.37],[19.1,74.28],[19.36,74.33]]],[[[26.3,78.64],[26.55,78.57],[27.11,78.58],[27.36,78.72],[26.78,78.87],[26.24,78.87],[26.03,78.79],[26.3,78.64]]],[[[33.21,80.09],[33.85,80.14],[34.04,80.23],[33.44,80.32],[31.32,80.17],[31.42,80.02],[32.68,80.05],[33.21,80.09]]],[[[23.5,78.26],[23.03,78.33],[22.61,78.31],[22.4,78.59],[21.78,78.73],[21.64,78.83],[20.94,78.98],[21.21,79.06],[20.89,79.16],[19.98,79.21],[19.18,79.28],[19.12,79.51],[20.67,79.33],[22.31,79.32],[22.67,79.16],[24,79.12],[24.43,79.17],[24.86,79.29],[25.43,79.28],[25.96,79.36],[26.37,79.59],[27.61,79.89],[27.55,80.08],[27.1,80.22],[26.03,80.25],[24.82,80.37],[24.06,80.42],[23.09,80.55],[22.05,80.44],[21.76,80.32],[21.16,80.31],[20.67,80.45],[19.65,80.56],[19.13,80.49],[19.25,80.4],[18.12,80.42],[17.8,80.36],[17.5,80.15],[17.81,80.05],[17.12,80.03],[16.57,80.13],[16,80.12],[15.69,80.03],[15.68,79.9],[15.15,79.81],[14.31,79.85],[13.83,79.94],[12.65,79.86],[11.81,79.89],[10.67,79.88],[10.28,79.77],[10.34,79.51],[10.99,78.95],[10.34,78.96],[10.18,78.83],[10.78,78.43],[11.2,78.37],[11.81,78.16],[12.41,78.19],[12.98,78.16],[14.31,78.2],[14.98,78.4],[15.55,78.38],[14.79,78.21],[14.15,78.14],[13.68,78.16],[13.4,78.09],[13.48,77.82],[13.95,77.7],[13.71,77.57],[13.83,77.31],[14.26,77.15],[14.86,77.04],[15.27,76.85],[16.25,76.55],[16.69,76.5],[17.16,76.55],[17.38,76.64],[17.29,76.8],[17.58,76.97],[17.49,77.04],[18.07,77.43],[18.52,77.48],[18.7,77.69],[18.78,77.97],[19.34,78.05],[19.48,78.35],[19.82,78.49],[20.45,78.22],[20.72,78.03],[21.23,77.91],[20.88,77.66],[20.52,77.6],[20.61,77.42],[20.99,77.36],[22.11,77.43],[22.05,77.32],[22.41,77.2],[23,77.21],[23.25,77.31],[23.74,77.35],[24.14,77.47],[24.38,77.61],[25.24,77.75],[24.8,77.89],[24.3,77.98],[23.86,77.94],[23.55,78.01],[23.86,78.15],[23.5,78.26]]],[[[29.72,78.82],[30.06,78.89],[29.79,78.99],[29.04,79.04],[28.1,79.02],[27.52,78.84],[28.02,78.76],[28.59,78.81],[29.37,78.77],[29.72,78.82]]]]},"properties":{"ISO_A2_EH":"NO"}},
{"type":"Feature","geometry":{"type":"Polygon","coordinates":[[[128.45,38.66],[128.31,38.8],[128.04,38.95],[127.85,39.14],[127.48,39.26],[127.64,39.45],[127.64,39.73],[127.93,39.84],[128.02,39.93],[128.34,39.96],[128.69,40.15],[128.77,40.26],[129.18,40.44],[129.39,40.67],[129.79,40.81],[129.84,40.93],[129.81,41.12],[129.86,41.3],[129.78,41.51],[129.84,41.67],[129.96,41.77],[130.13,41.99],[130.31,42.13],[130.49,42.23],[130.65,42.19],[130.74,42.24],[130.53,42.54],[130.36,42.63],[130.25,42.74],[130.24,42.89],[130.08,42.97],[129.9,43],[129.78,42.78],[129.72,42.48],[129.52,42.38],[129.31,42.41],[129.2,42.22],[128.92,42.04],[128.43,42.01],[128.31,42.03],[128.05,41.99],[128.03,41.9],[128.29,41.56],[128.11,41.39],[127.92,41.46],[127.69,41.44],[127.18,41.53],[127.01,41.74],[126.9,41.78],[126.6,41.64],[126.49,41.36],[126.41,41.32],[126.25,41.14],[126.14,41.08],[125.99,40.9],[125.73,40.87],[125.42,40.66],[125.31,40.64],[124.89,40.46],[124.71,40.32],[124.39,40.1],[124.29,39.85],[124.49,39.74],[124.59,39.55],[124.75,39.57],[124.84,39.44],[125.01,39.55],[125.27,39.48],[125.32,39.31],[125.06,38.88],[125.08,38.76],[125.21,38.7],[125.01,38.61],[124.9,38.52],[124.79,38.36],[124.79,38.27],[124.64,38.19],[124.61,38.1],[124.77,38.03],[124.89,38.04],[124.91,37.9],[125.06,37.82],[125.25,37.78],[125.28,37.68],[125.41,37.65],[125.65,37.77],[125.76,37.9],[125.99,37.8],[126.09,37.67],[126.28,37.77],[126.39,37.84],[126.58,37.77],[126.66,37.8],[126.67,37.92],[126.75,37.98],[127.01,38.24],[127.17,38.3],[127.75,38.32],[128.04,38.31],[128.17,38.36],[128.34,38.61],[128.45,38.66]]]},"properties":{"ISO_A2_EH":"KP"}},
{"type":"Feature","geometry":{"type":"Polygon","coordinates":[[[13.61,13.7],[13.32,13.67],[13.19,13.57],[13.05,13.53],[12.65,13.33],[12.51,13.19],[12.46,13.09],[12.32,13.07],[12.12,13.09],[11.99,13.19],[11.69,13.3],[11.41,13.35],[10.96,13.37],[10.48,13.33],[10.18,13.27],[9.93,13.14],[9.62,12.81],[9.2,12.82],[8.75,12.91],[8.46,13.06],[8.1,13.29],[7.79,13.34],[7.36,13.11],[7.17,13.09],[7.06,13],[6.94,13.01],[6.8,13.11],[6.63,13.36],[6.39,13.6],[5.49,13.87],[5.36,13.84],[5.24,13.76],[5.1,13.74],[4.82,13.76],[4.66,13.73],[4.42,13.65],[4.24,13.5],[4.15,13.46],[4.09,13.06],[3.95,12.78],[3.65,12.53],[3.62,11.83],[3.6,11.7],[3.49,11.5],[3.49,11.4],[3.72,11.08],[3.76,10.77],[3.83,10.61],[3.78,10.44],[3.68,10.43],[3.58,10.27],[3.65,10.16],[3.56,9.91],[3.33,9.78],[3.33,9.67],[3.14,9.45],[3.15,9.32],[3.04,9.08],[2.77,9.05],[2.73,8.78],[2.72,8.44],[2.69,7.87],[2.72,7.62],[2.79,7.48],[2.75,7.4],[2.76,7.07],[2.72,6.98],[2.77,6.71],[2.74,6.6],[2.71,6.3],[3.47,6.34],[4.12,6.34],[4.4,6.28],[4.59,6.16],[4.81,5.98],[4.99,5.74],[5.04,5.6],[5.18,5.43],[5.3,5.37],[5.29,5.26],[5.38,4.92],[5.53,4.61],[5.75,4.4],[5.93,4.28],[6.18,4.2],[6.59,4.28],[6.77,4.27],[7.09,4.34],[7.21,4.31],[7.36,4.36],[7.39,4.48],[7.51,4.51],[7.63,4.45],[7.81,4.45],[8.03,4.48],[8.33,4.5],[8.4,4.66],[8.47,4.66],[8.8,5.2],[8.94,5.78],[9.06,6.01],[9.37,6.32],[9.66,6.53],[9.78,6.76],[9.87,6.8],[10.14,7],[10.21,6.89],[10.48,6.89],[10.61,7.06],[10.74,6.99],[11.03,6.7],[11.08,6.51],[11.15,6.44],[11.32,6.48],[11.48,6.6],[11.55,6.7],[11.58,6.89],[11.86,7.12],[11.77,7.27],[12.02,7.59],[12.03,7.73],[12.16,7.94],[12.23,8.28],[12.4,8.6],[12.58,8.62],[12.73,8.75],[12.81,8.89],[12.88,9.3],[12.93,9.43],[13.18,9.54],[13.22,9.65],[13.27,10.04],[13.41,10.17],[13.54,10.61],[13.7,10.87],[13.89,11.14],[14.06,11.25],[14.2,11.27],[14.56,11.49],[14.56,11.73],[14.6,11.83],[14.63,12.11],[14.52,12.3],[14.42,12.34],[14.2,12.38],[14.06,13.08],[13.61,13.7]]]},"properties":{"ISO_A2_EH":"NG"}},
{"type":"Feature","geometry":{"type":"Polygon","coordinates":[[[13.61,13.7],[13.45,14.38],[13.64,14.63],[13.81,14.97],[14.37,15.75],[14.75,16.15],[15.47,16.91],[15.56,17.94],[15.64,18.81],[15.74,19.9],[15.95,20.3],[15.93,20.4],[15.67,20.67],[15.59,20.73],[15.54,20.87],[15.61,20.95],[15.29,21.41],[15.18,21.52],[15.17,21.92],[15.09,22.42],[14.98,23],[14.23,22.62],[14.2,22.62],[13.6,23.12],[13.48,23.18],[12.49,23.4],[11.97,23.52],[10.93,22.91],[10.41,22.6],[9.38,21.99],[8.34,21.38],[7.48,20.87],[6.99,20.47],[6.53,20.07],[5.84,19.48],[5.75,19.43],[4.67,19.23],[4.23,19.14],[4.23,17.83],[4.23,17],[4.2,16.96],[4.18,16.58],[4.12,16.36],[4.01,16.19],[3.88,15.76],[3.82,15.67],[3.71,15.64],[3.52,15.48],[3.5,15.36],[3.06,15.43],[3,15.34],[1.86,15.3],[1.3,15.27],[0.96,14.99],[0.72,14.95],[0.29,14.98],[0.22,14.91],[0.16,14.5],[0.38,14.25],[0.35,14.14],[0.43,13.97],[0.62,13.7],[0.75,13.67],[0.98,13.55],[1.02,13.47],[0.97,13.17],[0.99,13.04],[1.1,13],[1.56,12.64],[1.79,12.61],[1.96,12.71],[2.07,12.71],[2.21,12.54],[2.2,12.41],[2.07,12.38],[2.09,12.28],[2.39,11.9],[2.41,12],[2.37,12.22],[2.65,12.3],[2.81,12.38],[2.88,12.37],[3.15,12.12],[3.36,11.88],[3.45,11.85],[3.6,11.7],[3.62,11.83],[3.65,12.53],[3.95,12.78],[4.09,13.06],[4.15,13.46],[4.24,13.5],[4.42,13.65],[4.66,13.73],[4.82,13.76],[5.1,13.74],[5.24,13.76],[5.36,13.84],[5.49,13.87],[6.39,13.6],[6.63,13.36],[6.8,13.11],[6.94,13.01],[7.06,13],[7.17,13.09],[7.36,13.11],[7.79,13.34],[8.1,13.29],[8.46,13.06],[8.75,12.91],[9.2,12.82],[9.62,12.81],[9.93,13.14],[10.18,13.27],[10.48,13.33],[10.96,13.37],[11.41,13.35],[11.69,13.3],[11.99,13.19],[12.12,13.09],[12.32,13.07],[12.46,13.09],[12.51,13.19],[12.65,13.33],[13.05,13.53],[13.19,13.57],[13.32,13.67],[13.61,13.7]]]},"properties":{"ISO_A2_EH":"NE"}},
{"type":"Feature","geometry":{"type":"Polygon","coordinates":[[[-83.1,15.04],[-83.16,14.99],[-83.42,15.01],[-83.54,14.98],[-83.59,14.91],[-83.87,14.79],[-84.07,14.79],[-84.11,14.73],[-84.39,14.69],[-84.54,14.63],[-84.65,14.66],[-84.79,14.79],[-84.86,14.81],[-84.99,14.75],[-85.04,14.61],[-85.16,14.53],[-85.18,14.34],[-85.37,14.22],[-85.48,14.11],[-85.68,13.98],[-85.79,13.84],[-85.98,13.97],[-86.04,14.05],[-86.15,13.99],[-86.33,13.77],[-86.73,13.76],[-86.77,13.7],[-86.71,13.31],[-86.92,13.22],[-86.96,13.05],[-87.06,12.99],[-87.34,12.98],[-87.41,13],[-87.51,13.11],[-87.61,13.12],[-87.75,13],[-87.74,12.87],[-87.51,12.7],[-87.18,12.38],[-86.9,12.19],[-86.81,12.11],[-86.72,11.94],[-86.52,11.69],[-86.01,11.28],[-85.82,11.06],[-85.7,11.08],[-85.62,11.18],[-85.54,11.17],[-84.91,10.95],[-84.7,11.05],[-84.49,10.99],[-84.35,10.98],[-84.17,10.78],[-83.92,10.74],[-83.81,10.74],[-83.61,10.86],[-83.59,10.97],[-83.67,11],[-83.76,11.15],[-83.79,11.3],[-83.69,11.52],[-83.57,11.61],[-83.64,11.85],[-83.64,11.96],[-83.56,12.32],[-83.45,12.37],[-83.47,12.6],[-83.44,12.95],[-83.49,13.32],[-83.42,13.72],[-83.35,13.96],[-83.14,14.24],[-83.11,14.34],[-83.23,14.76],[-83.1,14.95],[-83.1,15.04]]]},"properties":{"ISO_A2_EH":"NI"}},
{"type":"Feature","geometry":{"type":"MultiPolygon","coordinates":[[[[173.16,-43.9],[173.22,-43.81],[173.13,-43.61],[172.88,-43.56],[172.79,-43.31],[172.95,-43.18],[173.3,-43.02],[173.43,-42.88],[173.63,-42.55],[173.92,-42.32],[174.04,-42.13],[174.29,-41.89],[174.39,-41.73],[174.28,-41.62],[174.18,-41.41],[174.29,-41.38],[174.46,-41.21],[174.47,-41.11],[174.36,-40.96],[174.12,-40.92],[174.06,-40.86],[174.06,-40.72],[173.98,-40.64],[173.73,-40.76],[173.68,-40.93],[173.2,-41.21],[173.14,-40.94],[173.06,-40.79],[172.84,-40.72],[172.81,-40.61],[172.96,-40.59],[173.03,-40.49],[172.84,-40.42],[172.59,-40.46],[172.2,-40.71],[172.05,-40.93],[172,-41.19],[171.92,-41.42],[171.76,-41.61],[171.64,-41.68],[171.49,-41.69],[171.4,-41.76],[171.27,-42.06],[171.14,-42.42],[170.93,-42.68],[170.65,-42.89],[170.24,-43.05],[169.95,-43.3],[169.8,-43.37],[169.74,-43.47],[169.48,-43.56],[169.09,-43.73],[169.04,-43.79],[168.77,-43.92],[168.64,-43.9],[168.3,-44.03],[167.75,-44.48],[167.76,-44.52],[167.36,-44.78],[167.11,-44.92],[167.07,-45.01],[166.81,-45.19],[166.71,-45.34],[166.64,-45.55],[166.49,-45.59],[166.46,-45.75],[166.37,-45.91],[166.43,-46.02],[166.55,-46.05],[166.64,-46.25],[166.8,-46.3],[167.1,-46.32],[167.39,-46.31],[167.54,-46.23],[167.64,-46.27],[167.78,-46.44],[168.15,-46.43],[168.35,-46.69],[168.58,-46.69],[168.77,-46.64],[169.09,-46.7],[169.36,-46.69],[169.74,-46.62],[170,-46.38],[170.26,-46.21],[170.47,-46.01],[170.85,-45.93],[170.89,-45.76],[170.81,-45.7],[170.99,-45.4],[171.04,-45.24],[171.21,-45.07],[171.3,-44.78],[171.33,-44.54],[171.41,-44.32],[171.53,-44.19],[171.68,-44.19],[172.24,-43.95],[172.71,-43.89],[172.91,-43.96],[173.16,-43.9]]],[[[168.13,-46.73],[168.01,-46.62],[167.71,-46.65],[167.66,-46.8],[167.69,-46.89],[167.44,-47.16],[167.43,-47.3],[167.56,-47.34],[167.94,-47.26],[168.06,-47.19],[168.23,-47.17],[168.37,-47.03],[168.25,-46.84],[168.13,-46.73]]],[[[175.64,-36.3],[175.59,-36.14],[175.44,-36],[175.32,-36.02],[175.24,-36.11],[175.26,-36.25],[175.42,-36.37],[175.52,-36.4],[175.64,-36.3]]],[[[173.68,-39.22],[173.67,-39.33],[173.74,-39.47],[173.89,-39.57],[174.29,-39.7],[174.52,-39.88],[174.78,-39.93],[174.94,-40.01],[175.16,-40.3],[175.07,-40.6],[174.93,-40.81],[174.53,-41.28],[174.64,-41.4],[174.78,-41.4],[174.9,-41.51],[175.09,-41.48],[175.14,-41.62],[175.31,-41.69],[175.74,-41.47],[176.06,-41.26],[176.33,-40.91],[176.47,-40.71],[176.69,-40.48],[176.77,-40.33],[176.92,-40.19],[177.19,-39.7],[177.04,-39.56],[177.04,-39.39],[177.18,-39.25],[177.43,-39.15],[177.74,-39.18],[177.8,-39.28],[177.94,-39.31],[178.06,-39.15],[178,-39.02],[178.05,-38.78],[178.25,-38.69],[178.35,-38.59],[178.41,-38.46],[178.48,-37.98],[178.6,-37.78],[178.62,-37.67],[178.3,-37.5],[177.99,-37.48],[177.66,-37.66],[177.49,-37.84],[177.32,-37.92],[177.18,-37.91],[176.8,-37.82],[176.33,-37.62],[176.21,-37.59],[176.2,-37.5],[176.07,-37.4],[175.96,-36.94],[175.83,-36.68],[175.72,-36.67],[175.48,-36.41],[175.32,-36.45],[175.29,-36.58],[175.41,-36.75],[175.37,-36.94],[175.09,-36.85],[174.97,-36.77],[174.85,-36.49],[174.9,-36.3],[174.68,-36.04],[174.56,-35.86],[174.66,-35.82],[174.61,-35.67],[174.64,-35.57],[174.36,-35.18],[174.24,-35.19],[174.17,-35.09],[173.84,-34.95],[173.53,-34.89],[173.45,-34.77],[173.31,-34.85],[173.06,-34.54],[173.1,-34.37],[172.87,-34.36],[172.69,-34.38],[172.62,-34.45],[172.79,-34.68],[172.96,-34.84],[173.1,-35.03],[173.03,-35.21],[173.24,-35.49],[173.34,-35.56],[173.87,-36.21],[173.98,-36.4],[174.1,-36.49],[174.3,-36.76],[174.4,-36.99],[174.48,-37.09],[174.65,-37.39],[174.66,-37.53],[174.81,-37.78],[174.7,-37.88],[174.75,-38.02],[174.63,-38.2],[174.56,-38.42],[174.49,-38.8],[174.36,-38.9],[174.03,-38.97],[173.79,-39.08],[173.68,-39.22]]],[[[169.22,-52.63],[169.35,-52.57],[169.26,-52.44],[169.13,-52.41],[168.91,-52.47],[168.94,-52.57],[169.11,-52.65],[169.22,-52.63]]],[[[166.22,-50.92],[166.33,-50.89],[166.32,-50.64],[166.39,-50.55],[166.26,-50.46],[166.02,-50.49],[165.97,-50.64],[165.82,-50.72],[165.76,-50.82],[165.85,-50.9],[166.22,-50.92]]],[[[-176.71,-44.09],[-176.68,-44.16],[-176.48,-44.19],[-176.25,-44.09],[-176.23,-44.01],[-176.32,-43.9],[-176.17,-43.84],[-176.1,-43.69],[-176.59,-43.64],[-176.8,-43.68],[-176.92,-43.77],[-176.93,-43.86],[-176.73,-43.98],[-176.71,-44.09]]],[[[-176.07,-44.34],[-176,-44.27],[-176.11,-44.16],[-176.32,-44.2],[-176.28,-44.39],[-176.07,-44.34]]],[[[-172.45,-8.65],[-172.41,-8.54],[-172.49,-8.47],[-172.55,-8.61],[-172.45,-8.65]]],[[[-171.13,-9.4],[-171.18,-9.25],[-171.26,-9.38],[-171.13,-9.4]]]]},"properties":{"ISO_A2_EH":"NZ"}},
{"type":"Feature","geometry":{"type":"Polygon","coordinates":[[[-169.82,-19.17],[-169.71,-19.03],[-169.8,-18.9],[-169.97,-18.94],[-170.03,-19.08],[-169.92,-19.21],[-169.82,-19.17]]]},"properties":{"ISO_A2_EH":"NU"}},
{"type":"Feature","geometry":{"type":"Polygon","coordinates":[[[-159.76,-21.32],[-159.66,-21.25],[-159.67,-21.17],[-159.83,-21.11],[-159.92,-21.23],[-159.9,-21.3],[-159.76,-21.32]]]},"properties":{"ISO_A2_EH":"CK"}},
{"type":"Feature","geometry":{"type":"MultiPolygon","coordinates":[[[[5.99,50.75],[6.05,50.9],[5.89,50.98],[6.13,51.15],[6.08,51.22],[6.19,51.49],[5.95,51.76],[6.17,51.88],[6.36,51.82],[6.74,51.91],[6.8,51.98],[6.75,52.1],[6.98,52.21],[7.04,52.38],[6.97,52.44],[6.75,52.46],[6.75,52.63],[7.01,52.63],[7.19,53],[7.2,53.28],[7.01,53.37],[6.95,53.46],[6.87,53.51],[6.92,53.63],[6.73,53.7],[6.59,53.66],[6.52,53.57],[6.28,53.59],[6.08,53.55],[5.69,53.55],[5.16,53.46],[4.83,53.3],[4.81,53.22],[4.63,53.13],[4.58,53.03],[4.67,52.96],[4.57,52.83],[4.45,52.46],[4.38,52.34],[4.12,52.11],[4,52.05],[3.84,51.82],[3.6,51.77],[3.58,51.69],[3.43,51.64],[3.31,51.45],[3.38,51.29],[3.58,51.29],[3.9,51.21],[4.17,51.31],[4.23,51.39],[4.5,51.47],[4.85,51.4],[5.06,51.45],[5.1,51.35],[5.31,51.26],[5.51,51.28],[5.61,51.2],[5.83,51.13],[5.74,50.93],[5.64,50.84],[5.69,50.77],[5.99,50.75]],[[4.96,53.01],[5.01,53.18],[5.18,53.25],[5.26,53.14],[4.96,53.01]]],[[[-68.26,12.33],[-68.38,12.37],[-68.45,12.23],[-68.36,12.15],[-68.35,12.06],[-68.22,11.97],[-68.13,12.14],[-68.15,12.28],[-68.26,12.33]]],[[[-63.07,17.51],[-63.03,17.41],[-62.94,17.4],[-62.86,17.5],[-63.02,17.6],[-63.07,17.51]]],[[[-63.21,17.56],[-63.14,17.63],[-63.24,17.74],[-63.34,17.6],[-63.21,17.56]]]]},"properties":{"ISO_A2_EH":"NL"}},
{"type":"Feature","geometry":{"type":"Polygon","coordinates":[[[-69.88,12.56],[-70.04,12.69],[-70.12,12.63],[-70.14,12.52],[-69.98,12.38],[-69.87,12.36],[-69.83,12.47],[-69.88,12.56]]]},"properties":{"ISO_A2_EH":"AW"}},
{"type":"Feature","geometry":{"type":"Polygon","coordinates":[[[-69.13,12.17],[-69.04,12.08],[-68.81,11.97],[-68.68,12.04],[-68.78,12.22],[-68.96,12.29],[-69.09,12.44],[-69.21,12.43],[-69.23,12.27],[-69.13,12.17]]]},"properties":{"ISO_A2_EH":"CW"}},
{"type":"Feature","geometry":{"type":"Polygon","coordinates":[[[88.11,27.87],[87.86,27.89],[87.68,27.82],[87.29,27.82],[87.14,27.84],[87.02,27.93],[86.75,28.02],[86.69,28.09],[86.55,28.09],[86.52,27.96],[86.41,27.93],[86.08,28.08],[86.06,27.93],[85.95,27.93],[85.84,28.14],[85.68,28.28],[85.41,28.28],[85.12,28.32],[85.09,28.37],[85.16,28.59],[85.07,28.61],[84.86,28.55],[84.71,28.6],[84.23,28.91],[84.1,29.22],[83.94,29.28],[83.67,29.19],[83.58,29.18],[83.36,29.44],[83.16,29.61],[83.01,29.62],[82.85,29.68],[82.49,29.94],[82.16,30.12],[82.04,30.33],[81.64,30.39],[81.42,30.34],[81.26,30.09],[81.11,30.04],[81.01,30.16],[80.91,30.17],[80.55,29.9],[80.4,29.73],[80.25,29.42],[80.23,29.19],[80.13,29.1],[80.05,28.87],[80.07,28.83],[80.42,28.61],[80.59,28.65],[80.75,28.54],[81.17,28.34],[81.31,28.18],[81.49,28.06],[81.85,27.87],[81.99,27.91],[82.11,27.86],[82.45,27.67],[82.68,27.67],[82.73,27.52],[83.06,27.44],[83.29,27.37],[83.45,27.47],[83.83,27.38],[83.9,27.44],[84.09,27.49],[84.23,27.43],[84.61,27.3],[84.69,27.04],[85.02,26.88],[85.15,26.85],[85.29,26.74],[85.57,26.84],[85.7,26.78],[85.74,26.64],[85.86,26.6],[86.01,26.65],[86.37,26.57],[86.7,26.44],[87.02,26.56],[87.09,26.43],[87.29,26.36],[87.41,26.42],[87.63,26.4],[87.85,26.44],[88,26.38],[88.05,26.43],[88.16,26.72],[88.11,26.93],[87.98,27.13],[88.02,27.41],[88.15,27.75],[88.11,27.87]]]},"properties":{"ISO_A2_EH":"NP"}},
{"type":"Feature","geometry":{"type":"Polygon","coordinates":[[[167.01,-0.57],[167.02,-0.45],[166.85,-0.45],[166.86,-0.61],[167.01,-0.57]]]},"properties":{"ISO_A2_EH":"NR"}},
{"type":"Feature","geometry":{"type":"Polygon","coordinates":[[[23.38,-17.64],[22.62,-17.78],[21.42,-18],[21.11,-17.96],[20.91,-18.01],[20.63,-18],[20.39,-17.89],[20.19,-17.86],[19.91,-17.88],[19.64,-17.87],[19.38,-17.83],[19.08,-17.82],[18.83,-17.77],[18.72,-17.7],[18.49,-17.44],[18.4,-17.4],[17.84,-17.39],[16.53,-17.39],[15.77,-17.39],[14.41,-17.39],[14.02,-17.41],[13.94,-17.39],[13.56,-17.14],[13.4,-17.01],[13.1,-16.97],[12.96,-17.02],[12.55,-17.21],[12.21,-17.21],[12.01,-17.17],[11.9,-17.23],[11.67,-17.24],[11.65,-17.47],[11.66,-17.76],[11.7,-18.03],[11.88,-18.3],[12.04,-18.59],[12.27,-18.8],[12.39,-18.96],[12.98,-20.07],[13.1,-20.22],[13.21,-20.55],[13.38,-20.95],[13.77,-21.5],[13.91,-21.81],[14.26,-22.23],[14.39,-22.47],[14.45,-22.71],[14.32,-22.96],[14.4,-23.29],[14.42,-23.65],[14.4,-24.05],[14.42,-24.22],[14.56,-24.58],[14.69,-24.81],[14.76,-25.04],[14.74,-25.37],[14.78,-25.54],[14.76,-25.73],[14.85,-25.97],[14.89,-26.35],[15.03,-26.47],[15.08,-26.59],[15.05,-26.8],[15.14,-27.02],[15.21,-27.3],[15.27,-27.42],[15.65,-28.01],[15.83,-28.2],[15.95,-28.29],[16.28,-28.59],[16.4,-28.67],[16.49,-28.57],[16.76,-28.45],[16.81,-28.26],[16.93,-28.07],[17.06,-28.03],[17.15,-28.08],[17.2,-28.2],[17.31,-28.23],[17.39,-28.35],[17.35,-28.5],[17.45,-28.7],[17.7,-28.77],[17.98,-28.81],[18.1,-28.87],[18.31,-28.89],[18.6,-28.86],[18.84,-28.87],[19.03,-28.93],[19.25,-28.9],[19.27,-28.78],[19.48,-28.66],[19.54,-28.57],[19.67,-28.5],[19.98,-28.45],[19.98,-27.87],[19.98,-26.53],[19.98,-25.64],[19.98,-24.78],[19.98,-23.68],[19.98,-23.1],[19.98,-22],[20.97,-22],[20.98,-21.96],[20.98,-20.97],[20.98,-19.74],[20.98,-18.93],[20.97,-18.32],[21.23,-18.31],[22.01,-18.2],[22.46,-18.12],[23.1,-18.01],[23.3,-18.03],[23.46,-18.23],[23.58,-18.45],[23.7,-18.42],[23.9,-18.23],[24.13,-18.08],[24.36,-17.98],[24.53,-18.05],[24.79,-17.86],[24.91,-17.82],[25.26,-17.79],[25.09,-17.63],[24.93,-17.54],[24.27,-17.48],[23.38,-17.64]]]},"properties":{"ISO_A2_EH":"NA"}},
{"type":"Feature","geometry":{"type":"Polygon","coordinates":[[[31.29,-22.4],[31.42,-22.83],[31.53,-23.28],[31.55,-23.48],[31.8,-23.89],[31.99,-24.46],[31.98,-25.63],[31.92,-25.77],[31.95,-25.96],[32.06,-26.02],[32.04,-26.28],[32.11,-26.52],[32.11,-26.84],[32.35,-26.86],[32.89,-26.85],[32.97,-26.86],[33.03,-26.09],[33.01,-26.03],[32.86,-26.02],[32.81,-26.14],[32.68,-26],[32.79,-25.86],[32.86,-25.68],[33.01,-25.55],[33.39,-25.32],[33.87,-25.13],[34.64,-24.89],[35.03,-24.71],[35.21,-24.59],[35.51,-24.21],[35.57,-24.09],[35.62,-23.82],[35.57,-23.71],[35.45,-23.72],[35.57,-23.2],[35.66,-22.96],[35.57,-22.66],[35.62,-22.38],[35.56,-22.07],[35.41,-22.03],[35.34,-21.63],[35.2,-21.38],[35.19,-21.18],[35.05,-20.77],[34.83,-20.52],[34.78,-20.41],[34.83,-20.1],[34.83,-19.89],[34.98,-19.88],[35.42,-19.55],[35.71,-19.21],[35.9,-19.05],[36.12,-18.92],[36.17,-18.95],[36.47,-18.82],[36.49,-18.72],[36.6,-18.56],[36.81,-18.35],[36.97,-18.16],[37.01,-18.03],[37.29,-17.8],[37.55,-17.63],[37.87,-17.46],[38.09,-17.38],[38.18,-17.31],[38.67,-17.14],[38.91,-17.11],[39.13,-17.04],[39.29,-16.85],[39.67,-16.64],[39.91,-16.46],[39.88,-16.32],[40.03,-16.29],[40.17,-16.1],[40.18,-16.01],[40.37,-15.81],[40.62,-15.51],[40.73,-15.28],[40.77,-14.96],[40.91,-14.83],[40.89,-14.44],[40.79,-14.31],[40.77,-14.17],[40.67,-14.12],[40.66,-13.84],[40.62,-13.47],[40.66,-13.38],[40.64,-12.98],[40.62,-12.87],[40.66,-12.63],[40.58,-12.31],[40.58,-12.13],[40.61,-12],[40.51,-11.65],[40.54,-11.44],[40.48,-11.32],[40.62,-11.07],[40.59,-10.96],[40.67,-10.82],[40.61,-10.77],[40.68,-10.66],[40.53,-10.43],[40.46,-10.46],[39.99,-10.82],[39.82,-10.91],[39.56,-10.98],[39.32,-11.12],[39.17,-11.17],[38.99,-11.17],[38.79,-11.23],[38.49,-11.41],[38.32,-11.31],[38.18,-11.28],[37.92,-11.29],[37.83,-11.48],[37.72,-11.58],[37.54,-11.68],[37.37,-11.71],[37.22,-11.69],[36.98,-11.57],[36.77,-11.61],[36.67,-11.68],[36.52,-11.72],[36.31,-11.71],[36.19,-11.67],[36.08,-11.54],[35.91,-11.45],[35.79,-11.45],[35.63,-11.58],[34.96,-11.58],[34.66,-11.59],[34.62,-11.62],[34.55,-11.83],[34.38,-12.12],[34.36,-12.21],[34.48,-12.67],[34.52,-12.93],[34.56,-13.36],[34.66,-13.49],[34.85,-13.52],[35.01,-13.64],[35.25,-13.9],[35.85,-14.67],[35.87,-14.86],[35.81,-15.27],[35.83,-15.42],[35.79,-15.96],[35.76,-16.06],[35.6,-16.13],[35.36,-16.16],[35.29,-16.25],[35.17,-16.56],[35.23,-16.64],[35.28,-16.81],[35.29,-17.1],[35.12,-17.13],[35.04,-17.02],[35.11,-16.9],[35.08,-16.83],[34.93,-16.76],[34.4,-16.2],[34.38,-16.02],[34.25,-15.89],[34.25,-15.83],[34.36,-15.71],[34.43,-15.48],[34.54,-15.3],[34.55,-14.92],[34.51,-14.6],[34.33,-14.41],[33.7,-14.53],[33.64,-14.57],[33.39,-14.29],[33.2,-14.01],[32.27,-14.32],[31.73,-14.5],[31.54,-14.58],[30.67,-14.82],[30.23,-14.99],[30.25,-15.18],[30.35,-15.35],[30.4,-15.64],[30.41,-15.98],[30.44,-16],[31.24,-16.02],[31.49,-16.18],[31.69,-16.21],[31.94,-16.43],[32.24,-16.45],[32.64,-16.59],[32.74,-16.68],[32.95,-16.71],[32.88,-16.88],[32.88,-17.04],[32.97,-17.25],[32.98,-17.44],[32.95,-17.77],[32.96,-18.08],[32.99,-18.36],[32.85,-18.76],[32.72,-18.83],[32.72,-19],[32.85,-19.1],[32.78,-19.39],[32.83,-19.56],[33.01,-19.87],[32.99,-19.98],[32.87,-20.22],[32.67,-20.52],[32.53,-20.61],[32.48,-20.71],[32.48,-20.95],[32.35,-21.14],[32.43,-21.3],[32.37,-21.33],[31.43,-22.3],[31.29,-22.4]]]},"properties":{"ISO_A2_EH":"MZ"}},
{"type":"Feature","geometry":{"type":"Polygon","coordinates":[[[-8.68,27.66],[-8.68,28.62],[-8.66,28.72],[-8.56,28.77],[-8.27,28.98],[-8,29.13],[-7.69,29.35],[-7.49,29.39],[-7.23,29.57],[-7.09,29.63],[-6.64,29.57],[-6.52,29.66],[-6.5,29.81],[-6.21,29.81],[-5.77,29.87],[-5.45,29.96],[-5.18,30.17],[-4.97,30.47],[-4.78,30.55],[-4.32,30.7],[-3.99,30.91],[-3.7,30.94],[-3.63,31],[-3.67,31.11],[-3.83,31.2],[-3.79,31.36],[-3.84,31.51],[-3.83,31.66],[-3.7,31.7],[-3.44,31.7],[-3.02,31.83],[-2.93,32.04],[-2.86,32.07],[-2.45,32.13],[-1.28,32.09],[-1.23,32.11],[-1.24,32.34],[-1.07,32.47],[-1.11,32.55],[-1.35,32.7],[-1.51,32.88],[-1.55,33.07],[-1.68,33.32],[-1.63,33.57],[-1.7,33.72],[-1.71,34.18],[-1.79,34.37],[-1.73,34.47],[-1.85,34.61],[-1.8,34.75],[-2.13,34.97],[-2.22,35.1],[-2.21,35.18],[-2.79,35.2],[-2.89,35.43],[-2.97,35.48],[-3.24,35.31],[-3.56,35.3],[-3.69,35.36],[-3.81,35.32],[-3.99,35.32],[-4.33,35.24],[-4.6,35.28],[-4.79,35.34],[-5.04,35.52],[-5.25,35.76],[-5.2,35.94],[-5.41,36.01],[-5.65,35.9],[-6,35.85],[-6.04,35.7],[-6.43,34.8],[-6.83,34.17],[-6.96,34.02],[-7.19,33.89],[-7.6,33.7],[-8.34,33.44],[-8.66,33.24],[-8.9,32.97],[-9.33,32.6],[-9.37,32.26],[-9.42,32.12],[-9.75,31.75],[-9.89,31.44],[-9.92,30.86],[-9.96,30.72],[-9.93,30.6],[-9.83,30.55],[-9.71,30.35],[-9.75,30.13],[-9.92,29.85],[-10.08,29.69],[-10.27,29.42],[-10.54,29.12],[-10.72,29],[-11.13,28.77],[-11.36,28.58],[-11.49,28.44],[-11.59,28.37],[-12.01,28.2],[-12.48,28.08],[-12.82,28.05],[-13.01,27.97],[-13.11,27.81],[-13.25,27.7],[-13.33,27.46],[-13.48,27.17],[-13.57,26.9],[-13.64,26.78],[-13.99,26.55],[-14.21,26.48],[-14.36,26.36],[-14.47,26.31],[-14.55,26.19],[-14.6,25.95],[-14.67,25.84],[-14.78,25.58],[-14.87,25.43],[-14.92,25.23],[-14.93,24.88],[-14.98,24.75],[-15.09,24.6],[-15.24,24.54],[-15.64,24.13],[-15.83,24.01],[-15.96,23.89],[-16.06,23.67],[-16.01,23.59],[-16.18,23.27],[-16.3,23.1],[-16.25,23.02],[-16.38,22.87],[-16.43,22.62],[-16.57,22.39],[-16.73,22.34],[-16.86,22.2],[-17.01,21.92],[-17.08,21.43],[-17,21.42],[-16.73,21.47],[-16.19,21.48],[-16.04,21.5],[-15.75,21.49],[-15.46,21.45],[-15.15,21.44],[-14.84,21.45],[-14.67,21.6],[-14.61,21.75],[-14.63,21.86],[-14.22,22.31],[-14.19,22.45],[-14.17,22.76],[-14.02,23.41],[-13.89,23.69],[-13.77,23.79],[-13.31,23.98],[-13.23,24.09],[-13.06,24.4],[-12.99,24.47],[-12.71,24.63],[-12.43,24.83],[-12.31,25.11],[-12.17,25.64],[-12.03,26.03],[-11.72,26.1],[-11.64,26.3],[-11.47,26.52],[-11.34,26.63],[-11.32,26.74],[-11.39,26.88],[-10.92,27.01],[-10.76,27.02],[-10.55,26.99],[-10.25,26.86],[-10.03,26.91],[-9.9,26.85],[-9.74,26.86],[-9.41,27.09],[-9,27.09],[-8.79,27.12],[-8.75,27.19],[-8.8,27.36],[-8.77,27.46],[-8.82,27.66],[-8.68,27.66]]]},"properties":{"ISO_A2_EH":"MA"}},
{"type":"Feature","geometry":{"type":"Polygon","coordinates":[[[-17.08,21.43],[-17.18,20.83],[-17.1,20.76],[-16.96,21.33],[-15.92,21.33],[-15.23,21.33],[-13.86,21.33],[-13.02,21.33],[-13.09,22.5],[-13.17,22.75],[-13.12,22.88],[-13.03,23],[-12.62,23.27],[-12.37,23.32],[-12.02,23.47],[-12.02,23.58],[-12.02,24.65],[-12.02,26],[-11.31,26],[-10.38,26],[-9.26,26],[-8.68,26],[-8.68,27.29],[-8.68,27.66],[-8.82,27.66],[-8.77,27.46],[-8.8,27.36],[-8.75,27.19],[-8.79,27.12],[-9,27.09],[-9.41,27.09],[-9.74,26.86],[-9.9,26.85],[-10.03,26.91],[-10.25,26.86],[-10.55,26.99],[-10.76,27.02],[-10.92,27.01],[-11.39,26.88],[-11.32,26.74],[-11.34,26.63],[-11.47,26.52],[-11.64,26.3],[-11.72,26.1],[-12.03,26.03],[-12.17,25.64],[-12.31,25.11],[-12.43,24.83],[-12.71,24.63],[-12.99,24.47],[-13.06,24.4],[-13.23,24.09],[-13.31,23.98],[-13.77,23.79],[-13.89,23.69],[-14.02,23.41],[-14.17,22.76],[-14.19,22.45],[-14.22,22.31],[-14.63,21.86],[-14.61,21.75],[-14.67,21.6],[-14.84,21.45],[-15.15,21.44],[-15.46,21.45],[-15.75,21.49],[-16.04,21.5],[-16.19,21.48],[-16.73,21.47],[-17,21.42],[-17.08,21.43]]]},"properties":{"ISO_A2_EH":"EH"}},
{"type":"Feature","geometry":{"type":"Polygon","coordinates":[[[19.19,43.53],[18.94,43.5],[19.04,43.36],[18.85,43.35],[18.67,43.23],[18.62,43.03],[18.44,42.97],[18.47,42.78],[18.54,42.67],[18.44,42.56],[18.59,42.38],[18.48,42.37],[18.83,42.19],[19.04,42.02],[19.11,41.9],[19.31,41.8],[19.36,42.07],[19.28,42.17],[19.4,42.34],[19.65,42.63],[19.74,42.61],[19.79,42.48],[20.06,42.55],[20.03,42.73],[20.19,42.75],[20.34,42.83],[20.34,42.89],[19.94,43.08],[19.78,43.11],[19.55,43.21],[19.41,43.34],[19.22,43.45],[19.19,43.53]]]},"properties":{"ISO_A2_EH":"ME"}},
{"type":"Feature","geometry":{"type":"Polygon","coordinates":[[[87.81,49.16],[87.86,48.97],[87.74,48.88],[87.83,48.79],[88.03,48.74],[87.98,48.56],[88.31,48.47],[88.52,48.38],[88.58,48.22],[89.05,48],[89.2,47.98],[89.33,48.02],[89.56,48],[89.78,47.83],[90.03,47.88],[90.1,47.75],[90.31,47.68],[90.43,47.5],[90.5,47.29],[90.72,47],[90.87,46.95],[90.99,46.75],[91.03,46.53],[90.91,46.27],[91,46.04],[90.8,45.85],[90.71,45.73],[90.66,45.53],[90.88,45.2],[91.05,45.22],[91.31,45.12],[91.58,45.08],[92.03,45.07],[92.42,45.01],[92.79,45.04],[93.29,44.98],[93.66,44.9],[93.96,44.67],[94.2,44.65],[94.36,44.52],[94.71,44.35],[95.05,44.26],[95.35,44.28],[95.36,44.01],[95.53,43.95],[95.84,43.38],[95.91,43.21],[96.3,42.93],[96.39,42.72],[97.21,42.79],[97.72,42.74],[98.95,42.62],[99.47,42.57],[99.98,42.68],[101.09,42.55],[101.5,42.54],[101.71,42.47],[101.97,42.22],[102.16,42.16],[103.07,42.01],[103.71,41.75],[104.5,41.88],[104.5,41.66],[105.05,41.62],[105.2,41.74],[105.31,41.77],[105.87,41.99],[106.77,42.29],[108.17,42.45],[108.69,42.42],[109.44,42.46],[109.7,42.55],[110.4,42.77],[111.01,43.34],[111.55,43.5],[111.77,43.66],[111.93,43.71],[111.93,43.81],[111.84,43.93],[111.52,44.19],[111.4,44.37],[111.49,44.51],[111.62,44.83],[111.75,44.97],[111.9,45.06],[112.41,45.06],[112.6,44.92],[113.05,44.81],[113.59,44.75],[113.88,44.9],[114.03,44.94],[114.42,45.2],[114.52,45.36],[114.74,45.42],[114.92,45.38],[115.16,45.39],[115.68,45.46],[115.93,45.63],[116.11,45.69],[116.24,45.8],[116.21,45.89],[116.36,46.1],[116.56,46.29],[116.86,46.39],[116.98,46.36],[117.33,46.36],[117.41,46.57],[117.55,46.59],[117.67,46.52],[117.81,46.54],[117.91,46.62],[118.31,46.72],[118.72,46.69],[118.84,46.76],[119.16,46.64],[119.71,46.61],[119.87,46.67],[119.9,46.86],[119.79,46.98],[119.71,47.15],[119.53,47.26],[119.12,47.56],[119.08,47.65],[118.76,47.76],[118.5,47.98],[118.15,48.03],[117.77,47.99],[117.35,47.65],[117.07,47.81],[116.76,47.87],[116.51,47.84],[116.23,47.86],[115.9,47.69],[115.71,47.8],[115.56,47.95],[115.53,48.13],[115.79,48.25],[115.82,48.58],[115.95,48.69],[116.24,49.17],[116.68,49.82],[116.55,49.92],[116.13,50.01],[115.72,49.88],[115.43,49.9],[115.27,49.95],[115,50.14],[114.74,50.23],[114.3,50.27],[114.07,50.2],[113.88,50.1],[113.57,50.01],[113.16,49.8],[113.06,49.62],[112.81,49.52],[112.49,49.53],[112.08,49.42],[111.74,49.4],[111.43,49.34],[111.34,49.36],[110.83,49.17],[110.63,49.14],[110.43,49.22],[110.2,49.17],[109.53,49.27],[109.24,49.33],[108.61,49.32],[108.41,49.4],[108.21,49.52],[108.03,49.59],[107.94,49.69],[107.95,49.92],[107.63,49.98],[107.23,49.99],[107.04,50.09],[106.94,50.2],[106.71,50.31],[106.57,50.33],[106.22,50.3],[105.88,50.41],[105.38,50.47],[105.09,50.39],[104.47,50.31],[104.18,50.17],[103.8,50.18],[103.63,50.14],[103.3,50.2],[103.16,50.29],[102.86,50.33],[102.68,50.39],[102.47,50.53],[102.29,50.59],[102.32,50.72],[102.22,50.83],[102.11,51.35],[101.57,51.47],[101.38,51.45],[101.22,51.51],[100.54,51.71],[99.92,51.76],[99.72,51.87],[99.41,51.92],[98.85,52.07],[98.8,51.96],[98.64,51.8],[98.35,51.72],[98.22,51.51],[98.04,51.45],[97.95,51.35],[97.91,51.17],[97.83,50.99],[97.95,50.86],[98.03,50.64],[98.28,50.53],[98.25,50.3],[98.1,50.08],[97.85,49.95],[97.59,49.91],[97.36,49.74],[97.21,49.73],[96.99,49.88],[96.51,49.92],[96.32,49.9],[96.07,50],[95.85,50.01],[95.52,49.91],[95.04,49.96],[94.93,50.04],[94.61,50.02],[94.35,50.22],[94.25,50.56],[93.63,50.59],[93.27,50.62],[93.1,50.6],[92.94,50.78],[92.78,50.78],[92.63,50.69],[92.35,50.86],[92.19,50.7],[91.8,50.69],[91.34,50.47],[91.02,50.42],[90.76,50.31],[90.66,50.22],[90.52,50.21],[90,50.07],[89.98,49.98],[89.64,49.9],[89.65,49.72],[89.4,49.61],[89.24,49.63],[89.18,49.53],[88.83,49.45],[88.63,49.49],[88.19,49.45],[88.12,49.26],[87.93,49.16],[87.81,49.16]]]},"properties":{"ISO_A2_EH":"MN"}},
{"type":"Feature","geometry":{"type":"Polygon","coordinates":[[[26.62,48.26],[26.79,48.26],[26.98,48.16],[27.15,47.96],[27.34,47.64],[27.45,47.55],[27.61,47.34],[27.85,47.11],[28.07,46.98],[28.24,46.64],[28.24,46.45],[28.12,46.14],[28.1,45.97],[28.16,45.65],[28.07,45.6],[28.21,45.45],[28.47,45.51],[28.49,45.67],[28.73,45.85],[28.74,45.94],[28.95,46.05],[29.01,46.18],[28.93,46.42],[29.15,46.53],[29.61,46.4],[29.75,46.44],[29.84,46.35],[30.08,46.38],[30.13,46.42],[29.92,46.54],[29.94,46.72],[29.88,46.83],[29.57,46.96],[29.52,47.09],[29.55,47.25],[29.16,47.46],[29.12,47.53],[29.21,47.73],[29.19,47.88],[29.09,47.98],[28.97,47.93],[28.77,48.12],[28.33,48.16],[28.29,48.24],[28.09,48.26],[28.04,48.32],[27.82,48.42],[27.55,48.48],[27.23,48.37],[26.85,48.39],[26.62,48.26]]]},"properties":{"ISO_A2_EH":"MD"}},
{"type":"Feature","geometry":{"type":"Polygon","coordinates":[[[7.5,43.7],[7.42,43.67],[7.48,43.68],[7.5,43.7]]]},"properties":{"ISO_A2_EH":"MC"}},
{"type":"Feature","geometry":{"type":"MultiPolygon","coordinates":[[[[-117.21,32.51],[-117.14,32.31],[-116.99,32.16],[-116.92,31.96],[-116.71,31.82],[-116.8,31.76],[-116.75,31.54],[-116.41,31.17],[-116.37,30.93],[-116.14,30.76],[-116.07,30.36],[-115.9,30.28],[-115.88,29.93],[-115.82,29.88],[-115.74,29.71],[-115.21,29.36],[-115.03,29.32],[-114.72,29.05],[-114.37,28.68],[-114.21,28.56],[-114.13,28.42],[-114.17,28.24],[-114.26,28.05],[-114.41,27.9],[-114.57,27.86],[-114.81,27.9],[-115.09,27.89],[-115.11,27.78],[-115.05,27.69],[-114.91,27.6],[-114.6,27.38],[-114.51,27.17],[-114.36,27.09],[-114.16,27.05],[-114.04,26.92],[-113.89,26.9],[-113.76,26.74],[-113.61,26.64],[-113.41,26.72],[-113.24,26.72],[-113.08,26.53],[-112.7,26.25],[-112.43,26.16],[-112.25,25.88],[-112.19,25.62],[-112.14,25.49],[-112.2,25.35],[-112.37,24.76],[-112.25,24.7],[-112.14,24.49],[-112.03,24.48],[-111.76,24.29],[-111.62,24.38],[-111.47,24.27],[-111.09,24.05],[-110.82,23.82],[-110.68,23.68],[-110.41,23.55],[-110.25,23.31],[-110.16,22.98],[-110.05,22.83],[-109.91,22.81],[-109.68,22.93],[-109.44,23.11],[-109.38,23.19],[-109.34,23.4],[-109.34,23.5],[-109.46,23.66],[-109.61,23.71],[-109.64,23.84],[-109.83,24.07],[-109.71,24.2],[-109.82,24.38],[-109.91,24.41],[-109.98,24.35],[-109.96,24.22],[-110.24,24.42],[-110.35,24.41],[-110.5,24.28],[-110.59,24.37],[-110.65,24.6],[-110.6,24.78],[-110.47,24.86],[-110.49,25.03],[-110.54,25.1],[-110.7,25.17],[-110.82,25.18],[-110.94,25.44],[-110.96,25.58],[-111.09,25.63],[-111.19,25.78],[-111,25.98],[-111.03,26.13],[-111.25,26.14],[-111.39,26.43],[-111.39,26.54],[-111.47,26.61],[-111.5,26.75],[-111.74,26.93],[-111.86,26.92],[-111.93,27],[-111.92,27.11],[-112.13,27.24],[-112.21,27.37],[-112.26,27.57],[-112.5,27.71],[-112.66,27.86],[-112.67,28.01],[-112.72,28.11],[-112.71,28.23],[-112.79,28.31],[-112.79,28.47],[-113.02,28.56],[-113.14,28.85],[-113.25,28.89],[-113.35,29.01],[-113.45,29.01],[-113.47,29.13],[-113.69,29.41],[-114,29.66],[-114.13,29.79],[-114.31,29.88],[-114.48,30.07],[-114.57,30.24],[-114.55,30.52],[-114.6,30.64],[-114.68,30.99],[-114.8,31.17],[-114.77,31.52],[-114.71,31.63],[-114.59,31.67],[-114.31,31.49],[-114.17,31.43],[-113.94,31.46],[-113.91,31.54],[-113.71,31.44],[-113.7,31.3],[-113.51,31.22],[-113.14,31.14],[-113.21,31.04],[-113.17,30.94],[-113.2,30.79],[-113.13,30.62],[-112.9,30.27],[-112.82,29.96],[-112.64,29.68],[-112.49,29.5],[-112.45,29.29],[-112.55,29.21],[-112.62,28.89],[-112.58,28.8],[-112.38,28.7],[-112.23,28.71],[-112.16,28.9],[-112,28.77],[-111.9,28.61],[-111.74,28.41],[-111.53,28.33],[-111.35,28.07],[-111.17,27.9],[-110.93,27.81],[-110.83,27.85],[-110.66,27.82],[-110.7,27.66],[-110.63,27.42],[-110.54,27.28],[-110.31,27.1],[-110.01,27.02],[-109.9,26.73],[-109.79,26.63],[-109.51,26.64],[-109.35,26.49],[-109.29,26.32],[-109.51,26.05],[-109.46,25.7],[-109.36,25.58],[-109.14,25.49],[-109.06,25.4],[-108.86,25.45],[-108.74,25.32],[-108.35,25.11],[-108.27,24.93],[-108.09,24.75],[-108.01,24.56],[-107.84,24.46],[-107.14,23.96],[-107,23.83],[-106.79,23.57],[-106.63,23.41],[-106.46,23.15],[-106.29,23.01],[-106.08,22.78],[-105.86,22.59],[-105.72,22.31],[-105.73,21.97],[-105.6,21.78],[-105.49,21.57],[-105.3,21.46],[-105.31,21.14],[-105.59,20.83],[-105.54,20.71],[-105.37,20.69],[-105.4,20.58],[-105.57,20.57],[-105.7,20.49],[-105.76,20.38],[-105.64,20.2],[-105.55,19.94],[-105.34,19.66],[-105.17,19.52],[-104.99,19.25],[-104.63,19.09],[-104.44,19.03],[-103.96,18.77],[-103.76,18.59],[-103.49,18.26],[-103.05,18.12],[-102.72,17.99],[-102.56,17.97],[-102.22,17.88],[-102,17.9],[-101.89,17.86],[-101.65,17.59],[-101.53,17.55],[-101.43,17.46],[-101.19,17.33],[-101.04,17.22],[-100.88,17.13],[-100.06,16.85],[-99.72,16.65],[-99.36,16.59],[-98.8,16.46],[-98.56,16.24],[-98.17,16.14],[-97.78,15.9],[-97.21,15.84],[-96.83,15.66],[-96.51,15.58],[-96.2,15.62],[-95.75,15.82],[-95.43,15.91],[-95.11,16.11],[-94.94,16.14],[-94.49,16.12],[-94.03,15.95],[-93.95,15.98],[-93.78,15.83],[-93.59,15.69],[-93.22,15.4],[-92.86,15.09],[-92.59,14.79],[-92.28,14.49],[-92.16,14.69],[-92.19,14.82],[-92.14,15],[-92.07,15.07],[-92.2,15.24],[-92.19,15.32],[-91.74,16.07],[-90.45,16.07],[-90.46,16.16],[-90.42,16.39],[-90.63,16.51],[-90.71,16.71],[-90.98,16.87],[-91.11,16.98],[-91.22,17.11],[-91.41,17.26],[-90.99,17.25],[-90.99,17.82],[-90.18,17.82],[-89.16,17.81],[-89.13,17.97],[-89.05,18],[-88.9,17.91],[-88.81,17.97],[-88.59,18.29],[-88.52,18.45],[-88.46,18.48],[-88.23,18.44],[-88.14,18.52],[-88.1,18.43],[-88.02,18.39],[-87.94,18.22],[-87.81,18.22],[-87.69,18.43],[-87.66,18.63],[-87.58,18.77],[-87.52,19.03],[-87.42,19.28],[-87.46,19.37],[-87.36,19.47],[-87.37,19.63],[-87.48,19.66],[-87.35,19.9],[-87.39,20.09],[-87.35,20.2],[-87.16,20.46],[-87,20.58],[-86.79,20.85],[-86.7,21.12],[-86.63,21.24],[-86.75,21.47],[-86.86,21.52],[-86.99,21.65],[-87.13,21.7],[-87.24,21.65],[-87.41,21.65],[-87.46,21.54],[-87.67,21.61],[-88.14,21.69],[-88.26,21.64],[-88.48,21.64],[-88.62,21.61],[-88.9,21.48],[-89.84,21.34],[-90.22,21.18],[-90.42,21.05],[-90.53,20.74],[-90.56,20.56],[-90.56,20.03],[-90.57,19.96],[-90.77,19.75],[-90.81,19.39],[-91,19.21],[-91.18,19.1],[-91.49,18.95],[-91.6,18.85],[-91.85,18.74],[-91.95,18.79],[-92.45,18.75],[-92.76,18.67],[-92.91,18.54],[-93.13,18.5],[-93.22,18.52],[-93.57,18.5],[-94.21,18.27],[-94.51,18.24],[-94.75,18.58],[-94.98,18.64],[-95.15,18.77],[-95.54,18.79],[-95.73,18.86],[-95.85,18.94],[-95.92,19.1],[-96.22,19.38],[-96.39,19.9],[-96.65,20.24],[-97.06,20.66],[-97.12,20.82],[-97.34,21.25],[-97.26,21.41],[-97.23,21.59],[-97.52,21.85],[-97.69,22.13],[-97.78,22.62],[-97.67,22.94],[-97.69,23.31],[-97.64,23.97],[-97.59,24.38],[-97.43,24.99],[-97.35,25.2],[-97.15,25.56],[-97.09,25.74],[-97.07,25.96],[-97.28,25.94],[-97.36,25.87],[-97.59,25.98],[-97.8,26.04],[-98.08,26.06],[-98.28,26.11],[-98.38,26.18],[-98.6,26.24],[-98.77,26.34],[-99.02,26.4],[-99.11,26.45],[-99.23,26.76],[-99.44,27.04],[-99.44,27.17],[-99.51,27.34],[-99.51,27.55],[-99.75,27.73],[-99.89,27.87],[-100,28.05],[-100.3,28.33],[-100.33,28.5],[-100.55,28.82],[-100.66,29.07],[-100.75,29.18],[-101.02,29.4],[-101.04,29.46],[-101.3,29.63],[-101.44,29.78],[-101.99,29.8],[-102.27,29.87],[-102.48,29.77],[-102.61,29.75],[-102.73,29.64],[-102.83,29.44],[-102.89,29.22],[-103.09,29.04],[-103.26,29],[-103.42,29.07],[-103.85,29.29],[-103.99,29.32],[-104.22,29.48],[-104.4,29.57],[-104.5,29.68],[-104.68,29.99],[-104.68,30.13],[-104.84,30.45],[-104.98,30.65],[-105.28,30.81],[-105.51,30.98],[-105.81,31.24],[-106.26,31.54],[-106.45,31.77],[-107.55,31.78],[-108.21,31.78],[-108.21,31.33],[-109.27,31.33],[-109.98,31.33],[-111.04,31.32],[-111.99,31.62],[-112.94,31.92],[-113.89,32.21],[-114.84,32.51],[-114.72,32.72],[-115.41,32.66],[-116.27,32.6],[-117.13,32.53],[-117.21,32.51]],[[-91.8,18.58],[-91.64,18.61],[-91.43,18.76],[-91.35,18.67],[-91.57,18.52],[-91.78,18.54],[-91.8,18.58]]],[[[-86.92,20.23],[-86.67,20.54],[-86.73,20.64],[-86.97,20.62],[-87.1,20.39],[-87.02,20.21],[-86.92,20.23]]],[[[-106.44,21.55],[-106.48,21.73],[-106.59,21.79],[-106.7,21.74],[-106.71,21.59],[-106.66,21.51],[-106.5,21.46],[-106.44,21.55]]],[[[-110.92,18.66],[-110.84,18.71],[-110.88,18.84],[-110.98,18.93],[-111.1,18.88],[-111.14,18.76],[-110.99,18.64],[-110.92,18.66]]],[[[-113.67,29.42],[-113.56,29.26],[-113.32,29.04],[-113.14,28.97],[-113.07,29.05],[-113.14,29.35],[-113.29,29.4],[-113.35,29.53],[-113.47,29.63],[-113.64,29.63],[-113.67,29.42]]],[[[-115.09,28.27],[-115.12,28.36],[-115.22,28.44],[-115.36,28.38],[-115.34,28.24],[-115.43,28.08],[-115.22,27.97],[-115.09,28.05],[-115.09,28.27]]],[[[-118.42,28.98],[-118.3,28.83],[-118.16,28.91],[-118.17,29.06],[-118.25,29.23],[-118.39,29.26],[-118.48,29.2],[-118.42,28.98]]]]},"properties":{"ISO_A2_EH":"MX"}},
{"type":"Feature","geometry":{"type":"Polygon","coordinates":[[[57.76,-20],[57.69,-19.91],[57.54,-19.93],[57.31,-20.2],[57.26,-20.49],[57.35,-20.57],[57.53,-20.59],[57.69,-20.55],[57.85,-20.36],[57.87,-20.2],[57.76,-20]]]},"properties":{"ISO_A2_EH":"MU"}},
{"type":"Feature","geometry":{"type":"Polygon","coordinates":[[[-12.28,14.81],[-12.1,14.75],[-11.94,14.89],[-11.87,15],[-11.83,15.24],[-11.76,15.43],[-11.5,15.64],[-11.46,15.63],[-11.17,15.36],[-10.9,15.15],[-10.7,15.42],[-10.41,15.44],[-10.13,15.38],[-9.94,15.37],[-9.45,15.46],[-9.45,15.57],[-9.18,15.5],[-8.17,15.5],[-7.56,15.5],[-6.34,15.5],[-5.51,15.5],[-5.36,16.28],[-5.63,16.57],[-5.74,17.56],[-5.88,18.8],[-6,19.79],[-6.08,20.54],[-6.2,21.53],[-6.28,22.28],[-6.37,23.03],[-6.48,24.02],[-6.59,24.99],[-5.96,24.99],[-4.82,25],[-5.52,25.42],[-6.24,25.85],[-7.37,26.51],[-8.12,26.95],[-8.68,27.29],[-8.68,26],[-9.26,26],[-10.38,26],[-11.31,26],[-12.02,26],[-12.02,24.65],[-12.02,23.58],[-12.02,23.47],[-12.37,23.32],[-12.62,23.27],[-13.03,23],[-13.12,22.88],[-13.17,22.75],[-13.09,22.5],[-13.02,21.33],[-13.86,21.33],[-15.23,21.33],[-15.92,21.33],[-16.96,21.33],[-17.1,20.76],[-16.97,20.79],[-16.92,21.01],[-16.68,20.58],[-16.54,20.54],[-16.4,20.38],[-16.29,20.22],[-16.33,19.93],[-16.45,19.91],[-16.56,19.72],[-16.48,19.56],[-16.59,19.38],[-16.54,19.24],[-16.36,19.11],[-16.28,18.98],[-16.22,18.7],[-16.16,18.51],[-16.12,18.22],[-16.11,17.89],[-16.15,17.56],[-16.28,17.22],[-16.42,16.96],[-16.54,16.62],[-16.61,16.3],[-16.61,15.85],[-16.5,15.92],[-16.44,16.2],[-16.36,16.31],[-16.3,16.45],[-16.17,16.55],[-15.96,16.49],[-15.62,16.51],[-15.38,16.58],[-15.21,16.58],[-15.11,16.64],[-14.53,16.66],[-14.3,16.58],[-13.98,16.31],[-13.87,16.15],[-13.76,16.17],[-13.68,16.13],[-13.56,16.14],[-13.41,16.06],[-13.3,15.85],[-13.26,15.7],[-13.08,15.51],[-12.99,15.5],[-12.86,15.34],[-12.86,15.24],[-12.66,15.08],[-12.54,15.04],[-12.41,14.89],[-12.28,14.81]]]},"properties":{"ISO_A2_EH":"MR"}},
{"type":"Feature","geometry":{"type":"Polygon","coordinates":[[[14.62,35.79],[14.6,35.93],[14.37,36.12],[14.27,36.15],[14.1,36.09],[14.13,35.99],[14.24,35.93],[14.26,35.84],[14.41,35.75],[14.62,35.79]]]},"properties":{"ISO_A2_EH":"MT"}},
{"type":"Feature","geometry":{"type":"Polygon","coordinates":[[[-11.39,12.4],[-11.5,12.2],[-11.31,12.02],[-11.21,12.02],[-11.07,12.17],[-10.93,12.21],[-10.74,11.93],[-10.68,11.9],[-10.47,12.14],[-10.27,12.21],[-9.82,12.04],[-9.71,12.04],[-9.66,12.14],[-9.49,12.23],[-9.36,12.26],[-9.33,12.32],[-9.37,12.48],[-9.22,12.48],[-9.04,12.4],[-8.82,11.92],[-8.82,11.67],[-8.71,11.62],[-8.66,11.51],[-8.41,11.39],[-8.43,11.3],[-8.52,11.24],[-8.66,11.04],[-8.56,11],[-8.47,11.05],[-8.34,10.99],[-8.31,10.9],[-8.32,10.75],[-8.27,10.49],[-8.23,10.44],[-8.01,10.32],[-7.99,10.16],[-7.81,10.24],[-7.66,10.43],[-7.5,10.44],[-7.36,10.26],[-7.1,10.2],[-7.04,10.14],[-6.95,10.34],[-6.69,10.35],[-6.69,10.51],[-6.65,10.66],[-6.56,10.59],[-6.41,10.57],[-6.43,10.67],[-6.26,10.72],[-6.19,10.4],[-6.24,10.28],[-6.03,10.19],[-5.84,10.39],[-5.69,10.43],[-5.52,10.43],[-5.48,10.57],[-5.46,10.77],[-5.49,11.04],[-5.35,11.13],[-5.3,11.21],[-5.23,11.52],[-5.29,11.68],[-5.29,11.83],[-5.11,11.97],[-4.8,12.03],[-4.59,12.16],[-4.43,12.34],[-4.42,12.58],[-4.48,12.67],[-4.23,12.79],[-4.23,12.88],[-4.33,13.12],[-4.05,13.38],[-3.85,13.37],[-3.58,13.19],[-3.47,13.2],[-3.3,13.28],[-3.27,13.4],[-3.27,13.58],[-3.2,13.67],[-3.04,13.64],[-2.92,13.68],[-2.93,13.79],[-2.87,13.95],[-2.78,14.07],[-2.59,14.23],[-2.46,14.27],[-2.11,14.17],[-2.06,14.19],[-1.97,14.46],[-1.77,14.49],[-1.49,14.63],[-1.05,14.82],[-0.76,15.05],[-0.54,15.08],[-0.41,15.01],[-0.24,15.06],[0.22,14.91],[0.29,14.98],[0.72,14.95],[0.96,14.99],[1.3,15.27],[1.86,15.3],[3,15.34],[3.06,15.43],[3.5,15.36],[3.52,15.48],[3.71,15.64],[3.82,15.67],[3.88,15.76],[4.01,16.19],[4.12,16.36],[4.18,16.58],[4.2,16.96],[4.23,17],[4.23,17.83],[4.23,19.14],[3.4,18.99],[3.26,19.01],[3.11,19.15],[3.26,19.41],[3.2,19.56],[3.2,19.79],[3.13,19.85],[2.87,19.96],[2.41,20.06],[2.22,20.25],[1.93,20.27],[1.69,20.38],[1.61,20.56],[1.29,20.71],[1.17,20.82],[1.15,21.1],[0.34,21.63],[-0.31,22.05],[-1.29,22.7],[-2.28,23.34],[-3.26,23.98],[-3.91,24.41],[-4.82,25],[-5.96,24.99],[-6.59,24.99],[-6.48,24.02],[-6.37,23.03],[-6.28,22.28],[-6.2,21.53],[-6.08,20.54],[-6,19.79],[-5.88,18.8],[-5.74,17.56],[-5.63,16.57],[-5.36,16.28],[-5.51,15.5],[-6.34,15.5],[-7.56,15.5],[-8.17,15.5],[-9.18,15.5],[-9.45,15.57],[-9.45,15.46],[-9.94,15.37],[-10.13,15.38],[-10.41,15.44],[-10.7,15.42],[-10.9,15.15],[-11.17,15.36],[-11.46,15.63],[-11.5,15.64],[-11.76,15.43],[-11.83,15.24],[-11.87,15],[-11.94,14.89],[-12.1,14.75],[-12.28,14.81],[-12.19,14.65],[-12.23,14.46],[-12.02,14.21],[-12.02,13.97],[-11.96,13.88],[-12.04,13.73],[-12.05,13.63],[-11.89,13.44],[-11.83,13.32],[-11.76,13.39],[-11.63,13.37],[-11.55,13.17],[-11.39,12.94],[-11.45,12.53],[-11.39,12.4]]]},"properties":{"ISO_A2_EH":"ML"}},
{"type":"Feature","geometry":{"type":"MultiPolygon","coordinates":[[[[73.41,3.16],[73.52,3.29],[73.37,3.36],[73.31,3.23],[73.41,3.16]]],[[[73.47,4.09],[73.57,4.12],[73.59,4.28],[73.5,4.33],[73.39,4.17],[73.47,4.09]]]]},"properties":{"ISO_A2_EH":"MV"}},
{"type":"Feature","geometry":{"type":"MultiPolygon","coordinates":[[[[100.05,6.41],[100.09,6.29],[100.2,6.15],[100.27,5.97],[100.3,5.78],[100.28,5.58],[100.14,5.49],[100.13,5.24],[100.29,5.19],[100.35,5.26],[100.4,5.03],[100.54,4.64],[100.54,4.36],[100.6,4.19],[100.7,4.06],[100.64,3.98],[100.8,3.73],[100.97,3.58],[101.06,3.43],[101.23,3.22],[101.21,3.07],[101.23,2.87],[101.48,2.62],[101.74,2.51],[101.84,2.4],[102.11,2.19],[102.5,1.98],[102.69,1.79],[102.87,1.73],[103.31,1.49],[103.44,1.26],[103.61,1.29],[103.69,1.42],[103.81,1.46],[104.03,1.41],[104.06,1.36],[104.16,1.28],[104.35,1.38],[104.36,1.49],[104.29,1.75],[104.03,2.29],[103.9,2.54],[103.87,2.62],[103.59,2.83],[103.51,2.95],[103.53,3.53],[103.44,3.76],[103.49,3.96],[103.54,4.39],[103.53,4.68],[103.48,4.88],[103.26,5.3],[103.15,5.45],[103.02,5.58],[102.94,5.63],[102.59,5.91],[102.39,6.23],[102.13,6.31],[102.06,6.1],[101.94,5.98],[101.87,5.83],[101.79,5.78],[101.65,5.8],[101.56,5.91],[101.26,5.79],[101.19,5.67],[101.11,5.64],[100.98,5.77],[101.08,5.96],[101.05,6.24],[100.87,6.25],[100.79,6.43],[100.72,6.48],[100.63,6.45],[100.35,6.55],[100.26,6.68],[100.16,6.64],[100.12,6.37],[100.05,6.41]]],[[[99.6,6.47],[99.59,6.32],[99.71,6.2],[99.88,6.22],[99.99,6.36],[99.86,6.54],[99.73,6.5],[99.6,6.47]]],[[[109.68,2.08],[109.54,1.9],[109.64,1.78],[109.65,1.61],[109.82,1.44],[110.11,1.19],[110.32,1],[110.51,0.86],[110.61,0.88],[110.94,1.02],[111.1,1.05],[111.29,1.04],[111.48,1],[111.61,1.02],[111.77,1],[111.92,1.11],[112.08,1.14],[112.19,1.44],[112.48,1.56],[112.94,1.57],[113.01,1.43],[113.07,1.43],[113.36,1.33],[113.51,1.31],[113.62,1.24],[113.76,1.31],[113.9,1.43],[114.13,1.45],[114.39,1.5],[114.55,1.47],[114.66,1.69],[114.7,1.85],[114.8,1.89],[114.83,1.98],[114.76,2.16],[114.79,2.25],[114.97,2.35],[115.18,2.52],[115.08,2.63],[115.09,2.84],[115.25,3.03],[115.31,2.99],[115.45,3.03],[115.49,3.13],[115.52,3.36],[115.57,3.45],[115.54,3.63],[115.57,3.94],[115.68,4.19],[115.9,4.35],[116.02,4.29],[116.13,4.36],[116.32,4.35],[116.41,4.31],[116.51,4.37],[117.1,4.34],[117.28,4.3],[117.45,4.19],[117.75,4.17],[117.88,4.26],[117.96,4.18],[118.52,4.29],[118.65,4.37],[118.67,4.48],[118.61,4.55],[118.37,4.72],[118.27,4.84],[118.38,4.95],[118.54,4.9],[118.68,4.89],[118.93,4.95],[119.17,5.04],[119.32,5.17],[119.34,5.31],[119.27,5.47],[119.19,5.5],[118.98,5.5],[118.74,5.63],[118.49,5.83],[118.31,5.89],[118.18,5.86],[118.12,6.02],[118.01,6.12],[117.86,6.04],[117.72,6],[117.7,6.17],[117.77,6.24],[117.77,6.36],[117.65,6.57],[117.35,6.72],[117.33,6.95],[117.27,7],[117.11,7.05],[116.92,6.83],[116.9,6.99],[116.78,7.07],[116.7,7.03],[116.44,6.57],[116.07,6.16],[116,5.92],[115.86,5.76],[115.82,5.65],[115.69,5.61],[115.62,5.67],[115.51,5.62],[115.35,5.44],[115.35,5.31],[115.47,5.1],[115.35,5],[115.13,4.97],[115.27,4.63],[115.28,4.46],[115.25,4.35],[115.11,4.39],[115.03,4.69],[115.03,4.9],[114.75,4.72],[114.79,4.46],[114.84,4.39],[114.78,4.17],[114.61,4.02],[114.42,4.26],[114.32,4.26],[114.22,4.48],[114.06,4.59],[114.07,4.66],[113.91,4.57],[113.92,4.43],[113.87,4.29],[113.66,4.05],[113.39,3.79],[112.99,3.26],[112.72,3.14],[112.1,2.99],[111.71,2.92],[111.46,2.79],[111.31,2.84],[111.23,2.77],[111.24,2.5],[111.14,2.4],[111.14,2.16],[111.19,2.12],[111.1,1.92],[111.08,1.77],[110.98,1.67],[110.96,1.59],[110.7,1.62],[110.35,1.8],[110.24,1.77],[110,1.79],[109.77,1.91],[109.68,2.08]]],[[[104.21,2.66],[104.3,2.79],[104.25,2.9],[104.11,2.9],[104.05,2.77],[104.1,2.67],[104.21,2.66]]],[[[117.2,7.42],[117.11,7.41],[116.99,7.29],[116.99,7.17],[117.04,7.06],[117.28,7.12],[117.36,7.29],[117.3,7.41],[117.2,7.42]]]]},"properties":{"ISO_A2_EH":"MY"}},
{"type":"Feature","geometry":{"type":"Polygon","coordinates":[[[33.2,-14.01],[33.39,-14.29],[33.64,-14.57],[33.7,-14.53],[34.33,-14.41],[34.51,-14.6],[34.55,-14.92],[34.54,-15.3],[34.43,-15.48],[34.36,-15.71],[34.25,-15.83],[34.25,-15.89],[34.38,-16.02],[34.4,-16.2],[34.93,-16.76],[35.08,-16.83],[35.11,-16.9],[35.04,-17.02],[35.12,-17.13],[35.29,-17.1],[35.28,-16.81],[35.23,-16.64],[35.17,-16.56],[35.29,-16.25],[35.36,-16.16],[35.6,-16.13],[35.76,-16.06],[35.79,-15.96],[35.83,-15.42],[35.81,-15.27],[35.87,-14.86],[35.85,-14.67],[35.25,-13.9],[35.01,-13.64],[34.85,-13.52],[34.66,-13.49],[34.56,-13.36],[34.52,-12.93],[34.48,-12.67],[34.36,-12.21],[34.38,-12.12],[34.55,-11.83],[34.62,-11.62],[34.66,-11.59],[34.96,-11.58],[34.94,-11.46],[34.85,-11.35],[34.77,-11.34],[34.6,-11.04],[34.65,-10.87],[34.66,-10.71],[34.58,-10.53],[34.57,-10.24],[34.52,-10.03],[34.32,-9.73],[34.09,-9.54],[34,-9.5],[33.94,-9.67],[33.7,-9.6],[33.42,-9.61],[33.33,-9.52],[33.13,-9.5],[32.97,-9.4],[32.92,-9.41],[33,-9.62],[33.2,-9.63],[33.25,-9.76],[33.35,-9.86],[33.31,-10.04],[33.53,-10.23],[33.55,-10.39],[33.66,-10.59],[33.46,-10.78],[33.34,-10.81],[33.26,-10.89],[33.38,-11.16],[33.23,-11.53],[33.29,-11.61],[33.3,-11.89],[33.25,-12.11],[33.34,-12.31],[33.49,-12.33],[33.4,-12.49],[33.02,-12.63],[32.95,-12.8],[33,-12.9],[32.97,-13.22],[32.85,-13.46],[32.67,-13.61],[32.77,-13.66],[32.77,-13.76],[32.87,-13.82],[32.99,-14.02],[33.15,-13.94],[33.2,-14.01]]]},"properties":{"ISO_A2_EH":"MW"}},
{"type":"Feature","geometry":{"type":"MultiPolygon","coordinates":[[[[50.29,-15.98],[50.47,-15.66],[50.56,-15.39],[50.51,-15.12],[50.38,-14.91],[50.31,-14.71],[50.28,-14.51],[50.25,-14.03],[50.15,-13.56],[50.04,-13.25],[50.01,-13.05],[49.7,-12.6],[49.6,-12.4],[49.42,-12.19],[49.29,-12.01],[49.17,-12.01],[48.88,-12.38],[48.77,-12.37],[48.7,-12.47],[48.79,-12.64],[48.85,-12.84],[48.84,-12.92],[48.73,-13.23],[48.58,-13.36],[48.35,-13.49],[48.22,-13.64],[48.05,-13.52],[47.94,-13.55],[47.83,-13.7],[47.81,-13.81],[47.88,-13.97],[47.88,-14.05],[47.69,-14.36],[47.74,-14.57],[47.56,-14.77],[47.52,-14.66],[47.43,-14.62],[47.3,-14.72],[47.21,-14.91],[47.02,-15.12],[46.85,-15.16],[46.43,-15.46],[46.32,-15.56],[46.26,-15.69],[46.16,-15.66],[45.99,-15.71],[45.67,-15.74],[45.6,-15.79],[45.56,-15.91],[45.35,-15.96],[45.21,-15.87],[44.89,-16.1],[44.44,-16.15],[44.38,-16.2],[44.34,-16.41],[44.35,-16.68],[43.91,-17.37],[43.87,-17.59],[43.92,-17.71],[43.97,-18.3],[44.04,-18.53],[44.16,-18.76],[44.17,-19.1],[44.37,-19.45],[44.33,-19.91],[44.28,-20.12],[44.17,-20.34],[43.84,-20.84],[43.78,-21.05],[43.67,-21.19],[43.54,-21.23],[43.43,-21.32],[43.36,-21.62],[43.27,-21.77],[43.19,-22.04],[43.19,-22.39],[43.25,-22.71],[43.33,-22.92],[43.5,-23.12],[43.64,-23.52],[43.57,-23.74],[43.59,-24.31],[43.62,-24.39],[43.79,-24.58],[43.97,-25.04],[44.2,-25.17],[44.29,-25.28],[44.46,-25.34],[44.78,-25.4],[45.08,-25.61],[45.19,-25.64],[45.52,-25.63],[45.64,-25.59],[45.96,-25.4],[46.19,-25.3],[46.4,-25.24],[46.76,-25.22],[47.09,-25.03],[47.25,-24.82],[47.35,-24.59],[47.41,-24.34],[47.63,-23.9],[47.68,-23.65],[47.81,-23.26],[47.93,-22.77],[47.98,-22.48],[48.25,-21.87],[48.42,-21.37],[48.54,-20.92],[48.68,-20.48],[48.87,-19.98],[48.99,-19.55],[49.13,-19.14],[49.27,-18.82],[49.44,-18.36],[49.55,-17.91],[49.57,-17.67],[49.51,-17.34],[49.52,-17.26],[49.68,-16.95],[49.78,-16.91],[49.76,-17.12],[49.85,-17.15],[50,-16.94],[50.09,-16.72],[50.05,-16.63],[49.88,-16.63],[49.91,-16.49],[49.91,-16.24],[49.79,-16.06],[49.77,-15.8],[49.73,-15.57],[49.83,-15.51],[49.95,-15.84],[50.04,-15.95],[50.16,-16.03],[50.29,-15.98]]],[[[48.4,-13.23],[48.35,-13.14],[48.21,-13.14],[48.13,-13.22],[48.16,-13.44],[48.39,-13.45],[48.43,-13.3],[48.4,-13.23]]]]},"properties":{"ISO_A2_EH":"MG"}},
{"type":"Feature","geometry":{"type":"Polygon","coordinates":[[[21.56,42.25],[21.39,42.22],[21.26,42.1],[21.06,42.17],[20.78,42.07],[20.74,41.9],[20.57,41.87],[20.51,41.71],[20.52,41.57],[20.45,41.52],[20.49,41.27],[20.66,41.06],[20.74,40.91],[20.87,40.92],[20.96,40.85],[21.32,40.87],[21.4,40.91],[21.58,40.87],[21.78,40.95],[21.93,41.11],[22.24,41.16],[22.49,41.12],[22.72,41.18],[22.76,41.31],[22.92,41.34],[22.95,41.61],[23.01,41.72],[22.84,41.99],[22.58,42.1],[22.34,42.31],[22.24,42.36],[22.05,42.3],[21.9,42.32],[21.56,42.25]]]},"properties":{"ISO_A2_EH":"MK"}},
{"type":"Feature","geometry":{"type":"Polygon","coordinates":[[[6.12,50.12],[5.98,50.17],[5.74,49.92],[5.73,49.81],[5.88,49.64],[5.79,49.54],[5.96,49.45],[6.24,49.49],[6.34,49.45],[6.49,49.8],[6.26,49.87],[6.14,49.97],[6.12,50.12]]]},"properties":{"ISO_A2_EH":"LU"}},
{"type":"Feature","geometry":{"type":"Polygon","coordinates":[[[22.77,54.36],[23.02,54.35],[23.45,54.14],[23.48,53.94],[23.73,53.91],[24.19,53.95],[24.32,53.89],[24.62,53.98],[24.77,53.97],[24.83,54.12],[25.05,54.13],[25.18,54.21],[25.46,54.29],[25.57,54.14],[25.75,54.16],[25.7,54.29],[25.55,54.33],[25.72,54.56],[25.72,54.72],[25.86,54.92],[26.18,55],[26.29,55.14],[26.6,55.13],[26.78,55.27],[26.46,55.34],[26.59,55.67],[26.28,55.75],[26.09,55.9],[25.59,56.13],[25.07,56.2],[24.9,56.4],[24.7,56.38],[24.53,56.3],[24.12,56.26],[23.81,56.33],[22.97,56.38],[22.59,56.38],[22.08,56.41],[21.65,56.31],[21.05,56.07],[20.92,56.06],[20.93,55.8],[21.02,55.64],[20.79,55.32],[21.07,55.24],[21.11,55.26],[21.39,55.28],[21.55,55.2],[22.07,55.06],[22.57,55.06],[22.63,54.97],[22.83,54.84],[22.71,54.63],[22.68,54.49],[22.77,54.36]]]},"properties":{"ISO_A2_EH":"LT"}},
{"type":"Feature","geometry":{"type":"Polygon","coordinates":[[[9.58,47.06],[9.53,47.27],[9.49,47.06],[9.58,47.06]]]},"properties":{"ISO_A2_EH":"LI"}},
{"type":"Feature","geometry":{"type":"Polygon","coordinates":[[[9.52,30.23],[9.31,30.12],[9.55,29.8],[9.67,29.57],[9.82,29.11],[9.84,28.97],[9.82,28.56],[9.86,28.04],[9.92,27.79],[9.75,27.33],[9.75,27.22],[9.84,26.92],[9.89,26.85],[9.86,26.55],[9.49,26.33],[9.44,26.25],[9.45,26.07],[10,25.33],[10.03,25.05],[10.12,24.79],[10.26,24.59],[10.44,24.48],[10.69,24.55],[11.51,24.31],[11.54,24.29],[11.97,23.52],[12.49,23.4],[13.48,23.18],[13.6,23.12],[14.2,22.62],[14.23,22.62],[14.98,23],[15.98,23.45],[16.79,23.05],[17.75,22.57],[18.23,22.34],[19.19,21.86],[19.67,21.63],[20.63,21.15],[21.58,20.68],[22.54,20.21],[23.02,19.97],[23.98,19.5],[23.98,20],[24.97,20],[24.98,20],[24.98,21],[24.98,22],[24.98,23.12],[24.98,24.02],[24.98,24.69],[24.98,25.59],[24.98,26.26],[24.98,27.16],[24.98,28.06],[24.98,29.18],[24.92,29.38],[24.8,29.89],[24.71,30.13],[24.73,30.25],[24.88,30.46],[24.97,30.78],[24.88,31.06],[24.85,31.33],[25.15,31.65],[25.23,31.69],[25.1,31.92],[24.91,32.05],[24.69,32.09],[24.48,32.07],[24.15,32.08],[23.82,32.23],[23.32,32.28],[23.19,32.37],[23.22,32.44],[23.17,32.67],[22.78,32.81],[22.56,32.86],[22.37,32.95],[22.2,32.99],[21.85,32.98],[21.6,33.01],[21.39,32.87],[21.04,32.85],[20.58,32.64],[20.32,32.49],[20.06,32.27],[19.89,32.02],[19.84,31.82],[19.88,31.54],[20.03,31.27],[20.07,31.09],[19.94,30.84],[19.66,30.54],[19.27,30.36],[18.96,30.36],[18.72,30.47],[18.23,30.84],[17.99,30.92],[17.87,30.99],[17.37,31.15],[16.79,31.29],[16.46,31.3],[16.14,31.33],[15.76,31.48],[15.57,31.69],[15.45,31.98],[15.44,32.18],[15.34,32.35],[15.22,32.46],[14.54,32.58],[14.28,32.74],[13.85,32.86],[13.66,32.87],[13.29,32.99],[13.12,32.97],[12.75,32.87],[12.31,32.93],[11.84,33.16],[11.54,33.25],[11.47,32.97],[11.45,32.64],[11.53,32.52],[11.5,32.41],[10.83,32.08],[10.61,31.93],[10.48,31.74],[10.31,31.7],[10.11,31.46],[10.24,31.03],[10.26,30.86],[10.22,30.78],[9.9,30.39],[9.52,30.23]]]},"properties":{"ISO_A2_EH":"LY"}},
{"type":"Feature","geometry":{"type":"Polygon","coordinates":[[[-11.56,6.86],[-11.33,6.63],[-10.91,6.42],[-10.84,6.26],[-10.62,6.14],[-10.45,6.1],[-10.32,6.02],[-9.7,5.47],[-9.42,5.19],[-9.17,4.99],[-8.29,4.52],[-8.02,4.44],[-7.68,4.3],[-7.54,4.28],[-7.57,4.39],[-7.59,4.82],[-7.57,5.08],[-7.51,5.11],[-7.43,5.32],[-7.4,5.55],[-7.45,5.84],[-7.73,5.92],[-7.8,5.98],[-7.89,6.23],[-7.98,6.29],[-8.2,6.29],[-8.34,6.35],[-8.45,6.46],[-8.6,6.51],[-8.4,6.71],[-8.33,6.8],[-8.3,7.07],[-8.44,7.52],[-8.49,7.56],[-8.58,7.68],[-8.71,7.66],[-8.74,7.5],[-8.89,7.26],[-8.96,7.27],[-9.12,7.22],[-9.26,7.38],[-9.46,7.44],[-9.37,7.64],[-9.44,7.87],[-9.52,8.35],[-9.77,8.53],[-10.06,8.43],[-10.15,8.52],[-10.28,8.49],[-10.31,8.31],[-10.39,8.16],[-10.57,8.07],[-10.65,7.76],[-10.88,7.54],[-11.09,7.4],[-11.27,7.23],[-11.45,6.95],[-11.56,6.86]]]},"properties":{"ISO_A2_EH":"LR"}},
{"type":"Feature","geometry":{"type":"Polygon","coordinates":[[[28.74,-30.1],[28.9,-30.04],[29.1,-29.92],[29.14,-29.7],[29.29,-29.57],[29.39,-29.27],[29.3,-29.09],[29.18,-29.04],[28.95,-28.88],[28.63,-28.58],[28.23,-28.7],[27.96,-28.87],[27.74,-28.94],[27.53,-29.24],[27.29,-29.52],[27.1,-29.6],[27.05,-29.66],[27.13,-29.84],[27.36,-30.16],[27.39,-30.32],[27.49,-30.36],[27.75,-30.6],[28.02,-30.64],[28.13,-30.53],[28.14,-30.45],[28.39,-30.15],[28.74,-30.1]]]},"properties":{"ISO_A2_EH":"LS"}},
{"type":"Feature","geometry":{"type":"Polygon","coordinates":[[[35.89,34.62],[35.74,34.49],[35.56,34.28],[35.53,34.06],[35.43,33.91],[35.26,33.54],[35.17,33.42],[35.03,33.11],[35.41,33.08],[35.49,33.12],[35.53,33.25],[35.73,33.33],[35.84,33.42],[36.02,33.56],[35.94,33.67],[36.09,33.83],[36.28,33.89],[36.35,34.01],[36.46,34.06],[36.58,34.22],[36.5,34.43],[36.33,34.51],[36.43,34.61],[36.26,34.63],[35.89,34.62]]]},"properties":{"ISO_A2_EH":"LB"}},
{"type":"Feature","geometry":{"type":"Polygon","coordinates":[[[27.35,57.53],[26.9,57.61],[26.53,57.53],[26.3,57.6],[25.99,57.84],[25.79,57.87],[25.34,58.04],[25.11,58.06],[24.46,57.91],[24.19,57.88],[24.27,57.33],[24.18,57.22],[23.87,57.07],[23.67,57.05],[23.4,57.14],[23.25,57.36],[22.77,57.63],[22.61,57.79],[22.19,57.73],[21.64,57.63],[21.33,57.35],[21.23,57.05],[20.95,56.86],[20.9,56.65],[20.88,56.27],[20.92,56.06],[21.05,56.07],[21.65,56.31],[22.08,56.41],[22.59,56.38],[22.97,56.38],[23.81,56.33],[24.12,56.26],[24.53,56.3],[24.7,56.38],[24.9,56.4],[25.07,56.2],[25.59,56.13],[26.09,55.9],[26.28,55.75],[26.59,55.67],[26.82,55.71],[27.05,55.83],[27.58,55.8],[27.64,55.91],[27.9,56.08],[28.15,56.14],[28.2,56.26],[28.1,56.55],[28.01,56.6],[27.81,56.87],[27.64,56.85],[27.72,57.05],[27.81,57.17],[27.8,57.32],[27.35,57.53]]]},"properties":{"ISO_A2_EH":"LV"}},
{"type":"Feature","geometry":{"type":"Polygon","coordinates":[[[102.13,22.38],[102.02,22.44],[101.84,22.39],[101.76,22.49],[101.67,22.46],[101.62,22.33],[101.52,22.25],[101.6,21.99],[101.74,21.83],[101.75,21.61],[101.72,21.31],[101.8,21.24],[101.7,21.15],[101.54,21.23],[101.28,21.18],[101.22,21.22],[101.18,21.41],[101.2,21.52],[101.14,21.57],[101.08,21.47],[100.93,21.37],[100.76,21.31],[100.61,21.06],[100.54,20.99],[100.57,20.83],[100.41,20.82],[100.25,20.73],[100.18,20.59],[100.12,20.32],[100.32,20.39],[100.52,20.18],[100.54,20.09],[100.4,19.76],[100.42,19.64],[100.63,19.5],[100.74,19.51],[100.97,19.61],[101.15,19.58],[101.22,19.49],[101.2,19.33],[101.28,19.09],[101.29,18.98],[101.17,18.62],[101.05,18.41],[101.14,18.29],[101.11,18.03],[100.91,17.58],[101.11,17.48],[101.17,17.5],[101.41,17.72],[101.69,17.89],[101.77,18.03],[101.95,18.08],[102.1,18.21],[102.35,18.05],[102.55,17.97],[102.66,17.82],[102.72,17.89],[103.05,18.03],[103.15,18.22],[103.26,18.28],[103.25,18.37],[103.37,18.42],[103.63,18.38],[103.79,18.32],[103.95,18.32],[104.05,18.22],[104.2,17.99],[104.43,17.7],[104.66,17.55],[104.74,17.46],[104.82,17.3],[104.76,17.08],[104.75,16.65],[104.82,16.47],[104.95,16.34],[105.05,16.16],[105.15,16.09],[105.41,15.99],[105.37,15.89],[105.46,15.78],[105.62,15.7],[105.62,15.49],[105.51,15.36],[105.49,15.13],[105.55,14.93],[105.48,14.53],[105.34,14.42],[105.18,14.35],[105.25,14.2],[105.35,14.11],[105.53,14.16],[105.74,14.08],[105.9,13.92],[106.07,13.92],[106.12,14.05],[105.98,14.34],[106.17,14.37],[106.23,14.48],[106.35,14.45],[106.5,14.58],[106.56,14.51],[106.82,14.31],[106.94,14.33],[107.03,14.43],[107.11,14.42],[107.29,14.59],[107.41,14.56],[107.52,14.71],[107.52,14.87],[107.48,14.98],[107.56,15.06],[107.65,15.26],[107.56,15.39],[107.34,15.56],[107.19,15.75],[107.19,15.84],[107.36,15.92],[107.4,16.04],[107.22,16.14],[107.07,16.28],[106.93,16.35],[106.83,16.53],[106.7,16.46],[106.55,16.65],[106.5,16.95],[106.43,17],[106.27,17.22],[106.01,17.42],[105.69,17.74],[105.59,17.98],[105.46,18.15],[105.33,18.19],[105.16,18.34],[105.09,18.45],[105.15,18.62],[105.12,18.68],[104.72,18.8],[104.11,19.2],[103.92,19.27],[103.9,19.34],[104.06,19.48],[104.03,19.68],[104.26,19.69],[104.55,19.61],[104.74,19.75],[104.82,19.9],[104.93,20.02],[104.89,20.17],[104.7,20.21],[104.62,20.37],[104.39,20.42],[104.53,20.55],[104.58,20.65],[104.2,20.91],[104.05,20.94],[103.79,20.81],[103.64,20.7],[103.46,20.78],[103.21,20.84],[103.1,20.89],[102.85,21.27],[102.95,21.57],[102.95,21.68],[102.85,21.73],[102.7,21.66],[102.64,21.71],[102.58,21.9],[102.18,22.28],[102.13,22.38]]]},"properties":{"ISO_A2_EH":"LA"}},
{"type":"Feature","geometry":{"type":"Polygon","coordinates":[[[70.96,40.24],[70.95,40.19],[70.64,40.08],[70.52,39.95],[70.45,40.05],[69.97,40.2],[69.53,40.1],[69.43,39.91],[69.31,39.97],[69.23,39.76],[69.3,39.52],[69.6,39.57],[70.24,39.54],[70.39,39.58],[70.61,39.56],[70.73,39.41],[71,39.41],[71.07,39.49],[71.27,39.54],[71.4,39.6],[71.52,39.55],[71.55,39.45],[71.73,39.42],[71.81,39.28],[72.04,39.35],[72.23,39.21],[72.36,39.34],[72.64,39.39],[72.87,39.36],[73.23,39.37],[73.47,39.46],[73.63,39.45],[73.82,39.49],[73.91,39.61],[73.84,39.8],[73.99,40.04],[74.41,40.14],[74.68,40.31],[74.84,40.34],[74.87,40.49],[75,40.45],[75.24,40.48],[75.52,40.63],[75.58,40.61],[75.66,40.33],[75.87,40.3],[76.06,40.39],[76.26,40.43],[76.32,40.35],[76.48,40.45],[76.58,40.58],[76.64,40.74],[76.82,40.98],[76.99,41.04],[77.18,41.01],[77.58,40.99],[77.82,41.06],[78.12,41.08],[78.35,41.28],[78.36,41.37],[78.74,41.56],[79.29,41.78],[79.35,41.78],[79.77,41.9],[79.84,42],[80.22,42.03],[80.21,42.19],[79.92,42.41],[79.49,42.46],[79.2,42.67],[79.16,42.76],[78.79,42.79],[78.52,42.86],[78.02,42.86],[77.8,42.9],[77.24,42.91],[77.06,42.97],[76.51,42.92],[75.79,42.93],[75.64,42.81],[75.37,42.84],[75.05,42.9],[74.62,43.06],[74.21,43.24],[73.61,43.05],[73.56,43],[73.42,42.59],[73.49,42.41],[73.28,42.5],[72.86,42.56],[72.75,42.64],[72.28,42.76],[71.82,42.82],[71.26,42.73],[71.02,42.54],[70.89,42.34],[70.95,42.25],[71.04,42.28],[71.23,42.16],[70.84,42.02],[70.8,41.92],[70.63,41.88],[70.45,41.73],[70.18,41.57],[70.47,41.41],[70.65,41.46],[70.73,41.4],[70.78,41.26],[71.11,41.15],[71.41,41.14],[71.42,41.34],[71.61,41.37],[71.6,41.5],[71.79,41.41],[71.88,41.2],[72.16,41.17],[72.19,41.03],[72.36,41.04],[72.62,40.88],[72.99,40.86],[73.11,40.79],[72.77,40.65],[72.57,40.52],[72.4,40.58],[72.36,40.4],[72.13,40.44],[71.96,40.26],[71.69,40.15],[71.3,40.29],[70.96,40.24]],[[71.21,39.89],[71.01,39.9],[71.08,40.08],[71.23,40.05],[71.21,39.89]]]},"properties":{"ISO_A2_EH":"KG"}},
{"type":"Feature","geometry":{"type":"Polygon","coordinates":[[[48.51,28.58],[48.41,28.79],[48.26,29.01],[48.12,29.4],[48.01,29.46],[48.33,29.57],[48.42,29.66],[48.43,29.8],[48.37,29.88],[48.19,30],[48.07,29.97],[48.06,29.96],[47.67,30.1],[47.33,30.08],[47.11,29.96],[46.91,29.54],[46.77,29.35],[46.53,29.1],[47.43,28.99],[47.52,28.84],[47.58,28.63],[47.67,28.53],[48.44,28.54],[48.51,28.58]]]},"properties":{"ISO_A2_EH":"KW"}},
{"type":"Feature","geometry":{"type":"Polygon","coordinates":[[[20.34,42.83],[20.19,42.75],[20.03,42.73],[20.06,42.55],[20.24,42.34],[20.49,42.22],[20.58,42.01],[20.57,41.87],[20.74,41.9],[20.78,42.07],[21.06,42.17],[21.26,42.1],[21.39,42.22],[21.56,42.25],[21.75,42.67],[21.39,42.75],[21.4,42.83],[21.24,42.91],[21.06,43.09],[20.84,43.17],[20.76,43.26],[20.62,43.2],[20.62,43.03],[20.48,42.95],[20.47,42.86],[20.34,42.83]]]},"properties":{"ISO_A2_EH":"XK"}},
{"type":"Feature","geometry":{"type":"MultiPolygon","coordinates":[[[[172.84,3.14],[172.7,3.08],[172.76,2.94],[172.92,3],[173.04,3.11],[172.97,3.22],[172.84,3.14]]],[[[172.96,1.79],[172.95,1.65],[173.07,1.65],[173.12,1.72],[173.1,1.86],[172.93,2.02],[172.86,1.9],[172.96,1.79]]],[[[173.1,1.05],[173.02,1.1],[172.93,1.07],[172.96,0.94],[172.91,0.8],[173.01,0.77],[173.12,0.87],[173.15,1],[173.1,1.05]]],[[[174.57,-0.75],[174.54,-0.59],[174.42,-0.52],[174.31,-0.58],[174.46,-0.9],[174.59,-0.83],[174.57,-0.75]]],[[[174.85,-1.23],[174.8,-1.09],[174.65,-1.11],[174.7,-1.31],[174.8,-1.33],[174.85,-1.23]]],[[[173.03,1.27],[173.19,1.29],[173.25,1.41],[173.15,1.47],[172.99,1.42],[172.94,1.33],[173.03,1.27]]],[[[169.56,-0.94],[169.62,-0.83],[169.54,-0.77],[169.46,-0.8],[169.46,-0.9],[169.56,-0.94]]],[[[-172.27,-4.44],[-172.25,-4.6],[-172.11,-4.52],[-172.16,-4.43],[-172.27,-4.44]]],[[[-171.03,-3.18],[-171,-3.09],[-171.11,-3.05],[-171.14,-3.2],[-171.03,-3.18]]],[[[-171.21,-4.53],[-171.16,-4.43],[-171.27,-4.36],[-171.33,-4.42],[-171.29,-4.53],[-171.21,-4.53]]],[[[-174.45,-4.63],[-174.59,-4.6],[-174.61,-4.71],[-174.46,-4.75],[-174.45,-4.63]]],[[[-155.09,-4.06],[-154.94,-4.16],[-154.86,-4.03],[-154.92,-3.95],[-155.04,-3.98],[-155.09,-4.06]]],[[[-151.72,-11.48],[-151.76,-11.32],[-151.89,-11.4],[-151.86,-11.51],[-151.72,-11.48]]],[[[-155.86,-5.7],[-155.78,-5.59],[-155.85,-5.54],[-155.98,-5.56],[-156,-5.65],[-155.86,-5.7]]],[[[-157.54,1.79],[-157.45,1.72],[-157.25,1.66],[-157.1,1.75],[-157.26,1.89],[-157.26,2],[-157.42,2.1],[-157.54,2.08],[-157.65,1.88],[-157.54,1.79]]],[[[-159.25,3.93],[-159.31,4],[-159.4,3.98],[-159.48,3.86],[-159.35,3.73],[-159.24,3.74],[-159.18,3.86],[-159.25,3.93]]],[[[-171.64,-2.71],[-171.74,-2.68],[-171.8,-2.77],[-171.75,-2.88],[-171.58,-2.91],[-171.58,-2.77],[-171.64,-2.71]]]]},"properties":{"ISO_A2_EH":"KI"}},
{"type":"Feature","geometry":{"type":"Polygon","coordinates":[[[33.9,-1],[33.98,-1],[34.98,-1.56],[35.84,-2.04],[36.9,-2.63],[37.64,-3.05],[37.69,-3.25],[37.61,-3.46],[37.73,-3.56],[37.8,-3.67],[38.35,-4.07],[39.19,-4.68],[39.29,-4.71],[39.41,-4.7],[39.55,-4.52],[39.7,-4.19],[39.8,-4.02],[39.89,-3.81],[39.93,-3.61],[40.05,-3.4],[40.18,-3.29],[40.27,-3.03],[40.25,-2.83],[40.29,-2.73],[40.43,-2.63],[40.67,-2.61],[40.88,-2.43],[40.99,-2.23],[41.2,-2.12],[41.2,-2.03],[41.43,-1.92],[41.59,-1.74],[41.58,-1.64],[40.98,-0.87],[40.98,-0.31],[40.97,0.54],[40.97,1.38],[40.97,2.22],[40.96,2.81],[41.34,3.2],[41.88,3.98],[41.74,3.98],[41.22,3.94],[41.09,3.99],[40.77,4.27],[40.01,3.95],[39.84,3.85],[39.66,3.58],[39.49,3.46],[39.23,3.48],[38.75,3.56],[38.61,3.6],[38.23,3.62],[38.09,3.65],[37.38,4.11],[36.91,4.41],[36.82,4.43],[36.08,4.45],[35.98,4.5],[35.92,4.62],[35.76,4.81],[35.76,4.95],[35.8,5.16],[35.75,5.34],[35.47,5.42],[35.33,5.36],[35.27,5.49],[34.38,4.62],[33.98,4.22],[34.17,3.81],[34.27,3.73],[34.39,3.69],[34.44,3.61],[34.4,3.41],[34.45,3.16],[34.52,3.12],[34.59,2.92],[34.74,2.82],[34.81,2.62],[34.91,2.48],[34.88,2.42],[34.96,2.06],[34.97,1.64],[34.78,1.38],[34.79,1.23],[34.65,1.19],[34.48,1.04],[34.41,0.87],[34.27,0.69],[34.16,0.61],[34.04,0.29],[33.94,0.17],[33.92,-0.02],[33.92,-0.4],[33.9,-1]]]},"properties":{"ISO_A2_EH":"KE"}},
{"type":"Feature","geometry":{"type":"MultiPolygon","coordinates":[[[[70.95,42.25],[70.89,42.34],[71.02,42.54],[71.26,42.73],[71.82,42.82],[72.28,42.76],[72.75,42.64],[72.86,42.56],[73.28,42.5],[73.49,42.41],[73.42,42.59],[73.56,43],[73.61,43.05],[74.21,43.24],[74.62,43.06],[75.05,42.9],[75.37,42.84],[75.64,42.81],[75.79,42.93],[76.51,42.92],[77.06,42.97],[77.24,42.91],[77.8,42.9],[78.02,42.86],[78.52,42.86],[78.79,42.79],[79.16,42.76],[79.2,42.67],[79.49,42.46],[79.92,42.41],[80.21,42.19],[80.26,42.24],[80.17,42.67],[80.25,42.8],[80.54,42.91],[80.38,42.97],[80.39,43.04],[80.79,43.16],[80.67,43.31],[80.7,43.43],[80.5,43.89],[80.36,44.1],[80.34,44.44],[80.4,44.68],[80.46,44.75],[80.26,44.81],[80,44.8],[79.87,44.88],[80.06,45.01],[80.63,45.13],[80.85,45.13],[81.6,45.31],[81.69,45.35],[81.79,45.23],[81.99,45.16],[82.27,45.22],[82.48,45.12],[82.56,45.16],[82.62,45.29],[82.58,45.44],[82.33,45.52],[82.32,45.59],[82.43,45.81],[82.56,46.16],[82.69,46.39],[83,47.03],[83.03,47.19],[83.19,47.19],[83.63,47.04],[84.02,46.97],[84.34,47],[84.67,46.97],[84.79,46.83],[85.01,46.91],[85.23,47.04],[85.48,47.06],[85.66,47.25],[85.67,47.34],[85.59,47.49],[85.53,47.92],[85.63,48.2],[85.75,48.39],[86.27,48.45],[86.55,48.53],[86.72,48.7],[86.75,49.01],[86.89,49.09],[87.05,49.11],[87.32,49.09],[87.23,49.22],[86.95,49.32],[86.81,49.49],[86.61,49.61],[86.73,49.7],[86.61,49.77],[86.18,49.5],[85.93,49.55],[85.37,49.62],[85.21,49.66],[85,49.89],[84.99,50.06],[84.84,50.09],[84.61,50.2],[84.32,50.24],[84.26,50.29],[84.18,50.52],[83.95,50.77],[83.72,50.89],[83.36,50.99],[83.16,50.99],[83.02,50.9],[82.76,50.89],[82.49,50.73],[82.1,50.71],[81.93,50.77],[81.47,50.74],[81.39,50.96],[81.12,50.95],[81.08,51.01],[81.13,51.19],[80.97,51.19],[80.88,51.28],[80.65,51.28],[80.45,51.18],[80.42,50.95],[80.22,50.91],[79.99,50.77],[79.47,51.49],[78.48,52.64],[77.86,53.27],[77.7,53.38],[76.58,53.94],[76.42,54.11],[76.65,54.15],[76.79,54.32],[76.76,54.44],[76.5,54.34],[76.27,54.31],[75.66,54.11],[75.44,54.09],[75.38,53.97],[75.05,53.83],[74.83,53.83],[74.45,53.65],[74.4,53.5],[74.07,53.61],[73.86,53.62],[73.64,53.58],[73.47,53.47],[73.29,53.6],[73.4,53.81],[73.68,53.93],[73.62,54.07],[73.38,53.96],[73.12,53.98],[72.91,54.11],[72.62,54.13],[72.59,54],[72.4,53.96],[72.39,54.12],[72.27,54.27],[72.11,54.31],[72,54.21],[71.34,54.16],[71.09,54.21],[71.19,54.6],[70.91,55.13],[70.74,55.31],[70.49,55.28],[70.18,55.16],[69.98,55.2],[69.74,55.31],[69.49,55.36],[68.98,55.39],[68.71,55.31],[68.52,55.2],[68.21,55.16],[68.24,55.05],[68.07,54.96],[67.83,54.94],[67.69,54.87],[67.26,54.83],[67.1,54.79],[66.22,54.67],[65.71,54.62],[65.48,54.62],[65.24,54.52],[65.16,54.36],[64.93,54.4],[64.65,54.35],[64.46,54.38],[64.2,54.35],[64,54.27],[63.72,54.25],[63.41,54.18],[63.19,54.17],[63.07,54.11],[62.63,54.07],[62.5,54.01],[62.04,54],[61.93,53.95],[61.33,54.05],[61.14,53.96],[61.11,53.75],[60.98,53.62],[61.25,53.55],[61.2,53.29],[61.66,53.23],[62.01,53.11],[62.08,53.01],[61.97,52.94],[61.4,53],[61.05,52.97],[60.8,52.74],[60.82,52.57],[60.98,52.39],[60.94,52.28],[60.67,52.15],[60.43,52.13],[60.07,51.98],[60.07,51.89],[60.39,51.77],[60.46,51.65],[60.97,51.54],[61.01,51.49],[61.36,51.44],[61.55,51.32],[61.59,51.23],[61.39,50.86],[61.23,50.77],[60.94,50.7],[60.64,50.66],[60.29,50.7],[60.11,50.83],[59.96,50.8],[59.81,50.58],[59.52,50.49],[59.45,50.62],[58.88,50.69],[58.55,50.97],[58.36,51.06],[57.84,51.09],[57.65,50.93],[57.44,50.89],[57.18,51.04],[57.01,51.07],[56.62,50.98],[56.49,51.02],[56.14,50.84],[56.05,50.71],[55.8,50.6],[55.54,50.6],[55.2,50.74],[55.01,50.87],[54.73,51],[54.61,50.88],[54.65,50.66],[54.47,50.58],[54.42,50.78],[54.3,50.91],[54.04,51.12],[53.69,51.25],[53.53,51.4],[53.34,51.48],[53.04,51.46],[52.82,51.49],[52.57,51.48],[52.33,51.68],[52.22,51.71],[52.01,51.67],[51.61,51.48],[51.34,51.48],[51.16,51.65],[50.79,51.73],[50.76,51.68],[50.25,51.29],[49.93,51.2],[49.82,51.13],[49.5,51.08],[49.32,50.85],[48.81,50.6],[48.66,50.62],[48.7,50.35],[48.84,50.01],[48.76,49.93],[48.43,49.83],[48.22,49.93],[47.85,50.28],[47.71,50.38],[47.5,50.4],[47.33,50.27],[47.3,50.06],[46.99,49.85],[46.89,49.7],[46.8,49.37],[47.02,49.2],[47.01,49.1],[46.7,48.81],[46.61,48.57],[46.66,48.41],[47,48.28],[47.12,48.13],[47.09,47.95],[47.29,47.74],[47.48,47.8],[48.11,47.75],[48.55,47.32],[48.96,46.77],[48.78,46.71],[48.61,46.77],[48.51,46.65],[48.61,46.57],[49.18,46.35],[49.33,46.33],[49.45,46.37],[49.45,46.46],[49.92,46.53],[50.06,46.57],[50.47,46.81],[50.63,46.82],[50.97,46.98],[51.19,47.04],[51.58,46.96],[51.68,46.87],[52.14,46.75],[52.4,46.84],[52.5,46.91],[52.88,46.88],[52.98,46.82],[53.06,46.67],[52.96,46.46],[53.03,46.2],[52.95,46],[52.79,45.81],[52.67,45.59],[52.57,45.6],[52.43,45.48],[52.05,45.46],[51.71,45.47],[51.53,45.42],[51.37,45.44],[51.2,45.26],[51.16,45.16],[50.96,45.03],[50.91,44.93],[50.98,44.77],[51.14,44.66],[51.1,44.59],[50.89,44.7],[50.38,44.69],[50.22,44.63],[50.15,44.4],[50.28,44.26],[50.65,44.2],[50.74,44.15],[50.84,43.94],[51.06,43.61],[51.21,43.46],[51.22,43.13],[51.57,43.09],[51.76,42.87],[51.95,42.78],[52.14,42.8],[52.25,42.73],[52.5,42.73],[52.52,42.44],[52.37,42.11],[52.4,41.76],[52.43,41.73],[52.87,42.06],[53.25,42.21],[53.69,42.3],[54.12,42.34],[54.27,42.28],[54.68,42.08],[54.9,41.92],[54.95,41.81],[55.25,41.46],[55.43,41.3],[55.55,41.26],[55.98,41.32],[55.98,42.47],[55.98,43.62],[55.98,44.31],[55.98,44.99],[57.48,45.34],[58.45,45.54],[58.56,45.56],[59.36,45.18],[60.19,44.78],[61.01,44.39],[61.16,44.17],[61.99,43.49],[62.07,43.49],[63.21,43.63],[64.44,43.55],[64.91,43.71],[65.27,43.42],[65.5,43.31],[65.8,42.88],[66.1,42.99],[66.05,42.47],[66.02,42.31],[66.01,42],[66.5,41.99],[66.54,41.74],[66.67,41.27],[66.81,41.14],[67.94,41.2],[68.11,41.03],[68.05,40.81],[68.29,40.66],[68.5,40.61],[68.6,40.66],[68.56,40.77],[68.58,40.88],[68.74,41.04],[68.99,41.21],[69.06,41.37],[69.37,41.49],[69.4,41.54],[69.66,41.67],[69.96,41.75],[70.1,41.82],[70.42,42.08],[70.61,42.05],[70.72,42.17],[70.95,42.25]]],[[[49.91,45],[49.89,44.92],[50.04,44.76],[50.19,44.75],[50.39,44.92],[50.42,45.13],[50.01,45.13],[49.91,45]]]]},"properties":{"ISO_A2_EH":"KZ"}},
{"type":"Feature","geometry":{"type":"Polygon","coordinates":[[[35.79,32.73],[35.57,32.64],[35.55,32.4],[35.57,32.24],[35.53,31.98],[35.56,31.77],[35.5,31.67],[35.45,31.48],[35.4,31.23],[35.44,31.13],[35.17,30.52],[35.14,30.14],[35.07,29.98],[34.97,29.56],[34.93,29.47],[34.87,29.35],[34.95,29.35],[36.02,29.19],[36.07,29.2],[36.48,29.5],[36.7,29.83],[36.76,29.87],[37.47,30],[37.63,30.31],[37.98,30.5],[37.48,31.01],[36.96,31.49],[37.77,31.7],[38.96,31.99],[39.15,32.12],[39.29,32.24],[39.25,32.35],[39.04,32.31],[38.98,32.47],[39.06,32.49],[38.77,33.37],[38.06,32.99],[36.82,32.32],[36.37,32.39],[36.22,32.5],[36.06,32.53],[35.89,32.71],[35.79,32.73]]]},"properties":{"ISO_A2_EH":"JO"}},
{"type":"Feature","geometry":{"type":"MultiPolygon","coordinates":[[[[145.78,43.46],[145.63,43.46],[145.42,43.36],[145.2,43.77],[145.22,43.85],[145.45,44.21],[145.45,44.37],[145.32,44.42],[144.76,44.01],[144.52,44.02],[144.14,44.17],[143.82,44.19],[143.72,44.28],[143.35,44.45],[142.96,44.72],[142.78,44.86],[142.49,45.17],[142.06,45.53],[141.95,45.58],[141.74,45.49],[141.59,45.46],[141.49,45.27],[141.48,45.14],[141.62,44.92],[141.68,44.71],[141.66,44.49],[141.56,44.28],[141.55,44.03],[141.36,43.78],[141.3,43.65],[141.31,43.39],[141.23,43.26],[140.82,43.28],[140.48,43.42],[140.3,43.35],[140.28,43.24],[140.38,43.05],[140.16,42.85],[139.81,42.7],[139.72,42.39],[139.74,42.26],[139.82,42.15],[139.97,42.04],[140.01,41.91],[139.9,41.58],[139.95,41.43],[140.15,41.35],[140.45,41.47],[140.68,41.73],[141.01,41.66],[141.25,41.8],[141.18,41.9],[140.78,42.18],[140.58,42.2],[140.42,42.32],[140.53,42.49],[140.66,42.49],[140.88,42.3],[140.99,42.26],[141.44,42.48],[141.83,42.51],[142.46,42.2],[142.86,42.06],[143.07,41.96],[143.27,41.92],[143.41,42.06],[143.43,42.21],[143.51,42.38],[143.66,42.56],[144.03,42.82],[144.3,42.91],[144.65,42.88],[145.08,42.97],[145.37,43.11],[145.54,43.1],[145.7,43.24],[145.91,43.36],[145.78,43.46]]],[[[133.41,36.13],[133.48,36.26],[133.31,36.41],[133.13,36.34],[133.09,36.22],[133.19,36.11],[133.36,36.09],[133.41,36.13]]],[[[138.32,38.28],[138.16,38.1],[138.2,37.9],[138.14,37.8],[138.23,37.75],[138.37,37.75],[138.57,37.86],[138.66,38.04],[138.56,38.13],[138.6,38.25],[138.57,38.37],[138.4,38.35],[138.32,38.28]]],[[[134.77,34.13],[134.86,34.13],[135.02,34.26],[135.04,34],[135.1,33.86],[135.27,33.68],[135.4,33.49],[135.7,33.41],[135.98,33.5],[136.15,33.75],[136.39,34.12],[136.57,34.19],[136.92,34.27],[136.97,34.46],[136.63,34.69],[136.76,34.94],[136.78,34.7],[137.02,34.52],[137.55,34.59],[137.96,34.57],[138.23,34.53],[138.42,34.8],[138.72,35.05],[138.72,34.88],[138.67,34.69],[138.81,34.54],[138.94,34.56],[139.05,34.65],[139.17,34.81],[139.2,35.09],[139.29,35.21],[139.45,35.23],[139.6,35.08],[139.73,35.09],[139.71,34.95],[139.8,34.85],[139.95,34.83],[140.12,34.98],[140.36,35.09],[140.51,35.25],[140.54,35.47],[140.68,35.6],[140.9,35.66],[140.96,35.71],[140.7,36.09],[140.66,36.23],[140.71,36.49],[140.87,36.81],[141.05,36.97],[141.09,37.1],[141.13,37.47],[141.09,37.71],[141.02,37.96],[141.05,38.12],[141.15,38.27],[141.54,38.35],[141.6,38.48],[141.64,38.74],[141.74,38.93],[141.99,39.06],[142.07,39.42],[142.08,39.8],[141.88,40.32],[141.72,40.52],[141.55,40.64],[141.51,40.84],[141.5,41.09],[141.55,41.39],[141.49,41.47],[141.29,41.43],[141.16,41.52],[140.92,41.59],[140.81,41.53],[140.71,41.25],[140.37,41.31],[140.22,41.17],[140.25,41.01],[140.19,40.88],[139.97,40.79],[139.83,40.61],[139.83,40.52],[139.92,40.3],[139.88,40.16],[139.8,40.04],[139.68,40.02],[139.63,39.9],[139.78,39.8],[139.92,39.81],[139.97,39.63],[139.95,39.43],[139.82,39.25],[139.71,38.91],[139.5,38.63],[139.39,38.42],[139.32,38.17],[139.19,38.07],[138.82,37.9],[138.74,37.81],[138.63,37.6],[138.48,37.44],[138.27,37.28],[137.88,37.13],[137.46,37.01],[137.28,36.83],[137.1,36.87],[137.08,37.06],[137.01,37.13],[137.21,37.23],[137.43,37.41],[137.36,37.59],[137.17,37.57],[136.78,37.44],[136.63,37.21],[136.66,36.95],[136.61,36.77],[136.29,36.41],[136.09,36.27],[135.92,36],[135.99,35.77],[135.85,35.66],[135.67,35.58],[135.35,35.6],[135.35,35.77],[135.17,35.82],[134.86,35.73],[134.43,35.7],[134.19,35.61],[133.85,35.57],[133.62,35.58],[133.4,35.54],[133.31,35.63],[133.15,35.63],[132.89,35.58],[132.63,35.47],[132.55,35.35],[132.2,35.08],[132,34.95],[131.8,34.78],[131.56,34.68],[131.31,34.48],[130.96,34.46],[130.8,34.27],[130.83,33.99],[130.71,34],[130.42,33.89],[130.3,33.69],[130.14,33.67],[130.03,33.59],[129.78,33.5],[129.75,33.42],[129.52,33.43],[129.4,33.39],[129.3,33.22],[129.31,33.12],[129.45,33.1],[129.55,33.17],[129.63,33.12],[129.58,33],[129.61,32.84],[129.74,32.71],[129.69,32.54],[129.75,32.5],[129.91,32.57],[130.07,32.69],[130.22,32.61],[129.94,32.56],[129.88,32.23],[129.97,32.13],[130.11,32.11],[130.13,31.85],[130.1,31.75],[130.24,31.59],[130.22,31.5],[130.07,31.44],[130.13,31.24],[130.56,31.11],[130.67,30.94],[130.95,31.05],[131.18,31.24],[131.23,31.34],[131.38,31.34],[131.54,31.65],[131.55,31.88],[131.65,32.2],[131.8,32.55],[132.05,32.8],[132.1,32.95],[131.94,33.16],[131.95,33.31],[131.67,33.33],[131.79,33.47],[131.77,33.65],[131.58,33.73],[131.38,33.65],[131.21,33.67],[131.13,33.72],[131.02,33.93],[131.23,33.87],[131.49,33.95],[131.73,33.98],[132.05,33.79],[132.2,33.81],[132.38,33.77],[132.65,34.08],[132.64,34.17],[132.79,34.18],[133.02,34.25],[133.16,34.22],[133.25,34.28],[133.61,34.4],[133.67,34.31],[133.52,34.27],[133.55,34.13],[133.45,34.05],[133.17,34],[133.05,34.15],[132.91,34.17],[132.71,34.04],[132.58,33.74],[132.31,33.57],[131.98,33.4],[131.97,33.29],[132.11,33.27],[132.31,33.35],[132.41,33.24],[132.34,33.05],[132.44,32.86],[132.59,32.85],[132.6,32.7],[132.91,32.68],[133.06,32.81],[133.09,32.95],[133.22,33.05],[133.36,33.31],[133.66,33.44],[133.9,33.39],[134.06,33.24],[134.24,33.19],[134.32,33.41],[134.44,33.56],[134.78,33.76],[134.82,33.85],[134.72,34.05],[134.77,34.13]],[[134.58,34.28],[134.29,34.37],[134.43,34.45],[134.45,34.55],[134.27,34.64],[134.59,34.7],[134.72,34.69],[134.89,34.6],[134.77,34.52],[134.58,34.28]],[[135.09,34.56],[135.33,34.58],[135.21,34.44],[135,34.39],[135.09,34.56]],[[139.76,35.34],[139.85,35.46],[139.88,35.59],[140,35.57],[139.76,35.34]],[[140.75,41.08],[141.1,41.13],[141.1,40.97],[140.94,41.02],[140.81,40.99],[140.75,41.08]]],[[[130.58,30.18],[130.68,30.2],[130.75,30.38],[130.69,30.45],[130.49,30.54],[130.31,30.41],[130.38,30.21],[130.58,30.18]]],[[[131.01,30.89],[130.87,30.69],[130.79,30.46],[130.82,30.33],[131.02,30.34],[131.14,30.62],[131.17,30.8],[131.01,30.89]]],[[[129.3,34.05],[129.42,34.22],[129.47,34.4],[129.56,34.52],[129.55,34.71],[129.45,34.76],[129.24,34.65],[129.24,34.53],[129.1,34.14],[129.19,34.01],[129.3,34.05]]],[[[128.94,32.76],[128.82,32.85],[128.61,32.84],[128.56,32.66],[128.65,32.54],[128.78,32.52],[128.97,32.61],[128.94,32.76]]],[[[141.03,45.2],[141.05,45.11],[141.2,45.04],[141.35,45.05],[141.45,45.14],[141.32,45.29],[141.18,45.33],[141.15,45.5],[140.9,45.52],[140.88,45.35],[141.03,45.2]]],[[[139.5,42.01],[139.59,42.06],[139.65,42.22],[139.61,42.3],[139.35,42.25],[139.31,42.16],[139.35,42.03],[139.5,42.01]]],[[[139.54,34.69],[139.48,34.85],[139.31,34.83],[139.28,34.7],[139.34,34.63],[139.49,34.62],[139.54,34.69]]],[[[129.24,32.94],[129.15,33.19],[129.08,33.2],[128.91,32.97],[129.02,32.76],[129.15,32.79],[129.24,32.94]]],[[[129.81,33.67],[129.89,33.72],[129.85,33.87],[129.69,33.93],[129.62,33.85],[129.58,33.71],[129.73,33.64],[129.81,33.67]]],[[[129.75,31.59],[129.88,31.72],[129.78,31.86],[129.63,31.75],[129.6,31.65],[129.75,31.59]]],[[[142.18,26.54],[142.29,26.66],[142.13,26.8],[142.03,26.75],[142.12,26.54],[142.18,26.54]]],[[[124.04,24.36],[124.19,24.26],[124.3,24.31],[124.4,24.58],[124.29,24.66],[124.17,24.53],[124.1,24.54],[124.01,24.45],[124.04,24.36]]],[[[124.01,24.33],[124,24.4],[123.75,24.48],[123.6,24.36],[123.62,24.24],[123.83,24.19],[123.93,24.22],[124.01,24.33]]],[[[125.3,24.65],[125.47,24.68],[125.52,24.75],[125.38,24.9],[125.23,24.92],[125.19,24.74],[125.3,24.65]]],[[[127.69,26.02],[127.88,26.12],[127.87,26.22],[127.98,26.3],[127.99,26.39],[128.18,26.49],[128.39,26.69],[128.42,26.84],[128.31,26.93],[128.21,26.94],[128.03,26.75],[127.87,26.76],[127.82,26.7],[127.76,26.51],[127.67,26.48],[127.65,26.33],[127.58,26.22],[127.6,26.04],[127.69,26.02]]],[[[128.81,27.78],[128.83,27.68],[128.96,27.62],[129.06,27.67],[129.1,27.78],[128.99,27.97],[128.85,27.96],[128.81,27.78]]],[[[129.61,28.56],[129.5,28.48],[129.29,28.43],[129.09,28.28],[129.17,28.04],[129.37,28.02],[129.68,28.35],[129.79,28.38],[129.8,28.48],[129.72,28.59],[129.61,28.56]]],[[[139.88,32.99],[139.96,33.11],[139.83,33.2],[139.72,33.19],[139.7,33.04],[139.88,32.99]]]]},"properties":{"ISO_A2_EH":"JP"}},
{"type":"Feature","geometry":{"type":"Polygon","coordinates":[[[-76.35,17.8],[-76.14,17.88],[-76.16,18],[-76.3,18.21],[-76.67,18.32],[-76.87,18.46],[-77.25,18.53],[-77.45,18.54],[-77.88,18.6],[-78.01,18.54],[-78.24,18.52],[-78.4,18.38],[-78.42,18.27],[-78.34,18.15],[-78.1,18.12],[-78.01,17.99],[-77.92,17.96],[-77.81,17.81],[-77.39,17.77],[-77.26,17.66],[-77.16,17.65],[-77.08,17.78],[-76.91,17.77],[-76.82,17.89],[-76.54,17.79],[-76.35,17.8]]]},"properties":{"ISO_A2_EH":"JM"}},
{"type":"Feature","geometry":{"type":"MultiPolygon","coordinates":[[[[7.02,45.93],[6.8,45.81],[7.01,45.5],[7.15,45.4],[7.08,45.24],[6.84,45.14],[6.63,45.12],[6.74,44.92],[6.99,44.83],[7.03,44.72],[6.84,44.51],[6.9,44.34],[6.97,44.28],[7.37,44.13],[7.64,44.16],[7.65,44.03],[7.48,43.86],[7.5,43.7],[7.52,43.7],[7.76,43.73],[8.05,43.81],[8.16,43.87],[8.37,44.09],[8.61,44.29],[8.78,44.35],[9.26,44.25],[9.68,44.04],[10,43.96],[10.15,43.83],[10.23,43.49],[10.36,43.34],[10.42,43.19],[10.44,42.92],[10.65,42.87],[10.73,42.75],[10.87,42.68],[11.08,42.5],[11.01,42.42],[11.11,42.32],[11.29,42.35],[11.56,42.24],[11.73,42.03],[12.01,41.89],[12.13,41.77],[12.57,41.41],[12.8,41.35],[13.08,41.16],[13.34,41.21],[13.55,41.16],[13.68,41.17],[13.78,41.09],[13.95,40.85],[13.83,40.83],[13.75,40.71],[13.88,40.62],[13.98,40.64],[14.13,40.75],[14.33,40.72],[14.28,40.54],[14.41,40.53],[14.75,40.59],[14.88,40.39],[14.83,40.24],[14.88,40.19],[15.26,40],[15.55,39.98],[15.68,39.85],[15.77,39.6],[15.93,39.33],[16.02,38.99],[16.12,38.91],[16.11,38.82],[15.92,38.77],[15.78,38.63],[15.81,38.49],[15.75,38.36],[15.59,38.37],[15.27,38.31],[15.11,38.23],[14.77,38.24],[14.59,38.15],[14.28,38.09],[14.05,38.11],[13.78,38.05],[13.42,38.24],[13.13,38.26],[12.91,38.12],[12.73,38.25],[12.47,38.1],[12.34,37.82],[12.46,37.62],[12.67,37.5],[12.89,37.5],[13.13,37.41],[13.31,37.29],[13.89,37.03],[14.12,37.03],[14.3,36.93],[14.44,36.74],[14.76,36.64],[15.17,36.63],[15.22,36.86],[15.38,36.98],[15.37,37.13],[15.21,37.36],[15.19,37.45],[15.32,37.75],[15.55,38.01],[15.68,37.87],[16.11,37.87],[16.35,38.2],[16.63,38.37],[16.67,38.49],[16.65,38.7],[16.8,38.83],[16.96,38.87],[17.14,38.84],[17.28,38.98],[17.22,39.15],[17.21,39.41],[17.06,39.54],[16.87,39.64],[16.66,39.7],[16.62,39.84],[16.75,40.11],[17,40.41],[17.15,40.43],[17.17,40.35],[17.45,40.24],[17.8,40.21],[18,39.89],[18.17,39.79],[18.38,39.76],[18.48,39.88],[18.58,40.1],[18.55,40.25],[18.4,40.42],[18.11,40.61],[18.02,40.71],[17.53,40.9],[17.15,41.13],[16.59,41.3],[16.07,41.5],[16.01,41.59],[16.23,41.71],[16.29,41.8],[16.25,41.95],[15.97,42.01],[15.41,41.99],[15.2,42],[14.92,42.11],[14.61,42.3],[14.26,42.55],[14.1,42.72],[14.02,42.87],[13.9,43.21],[13.64,43.61],[13.35,43.75],[12.96,43.98],[12.75,44.05],[12.49,44.26],[12.4,44.45],[12.35,44.72],[12.55,44.8],[12.64,45],[12.47,45.09],[12.33,45.27],[12.38,45.42],[12.51,45.39],[13.08,45.57],[13.23,45.69],[13.49,45.63],[13.64,45.64],[13.83,45.68],[13.57,45.83],[13.61,45.96],[13.49,46.04],[13.63,46.18],[13.4,46.22],[13.4,46.32],[13.68,46.46],[13.7,46.52],[13.17,46.57],[12.48,46.67],[12.39,46.7],[12.15,46.94],[12.17,47.08],[11.78,46.99],[11.53,47],[11.24,46.98],[11.13,46.94],[11.03,46.8],[10.76,46.79],[10.69,46.85],[10.45,46.86],[10.4,46.67],[10.43,46.55],[10.09,46.6],[10.04,46.48],[10.15,46.25],[10.04,46.24],[9.94,46.36],[9.64,46.3],[9.48,46.35],[9.43,46.48],[9.26,46.48],[9.25,46.29],[9.02,46.05],[9.05,45.88],[8.95,45.83],[8.78,46],[8.82,46.08],[8.64,46.11],[8.46,46.25],[8.44,46.4],[8.37,46.45],[8.08,46.26],[8.13,46.16],[7.99,46.02],[7.79,45.92],[7.54,45.98],[7.13,45.88],[7.02,45.93]],[[12.44,41.9],[12.43,41.9],[12.43,41.91],[12.44,41.91],[12.44,41.9]],[[12.49,43.9],[12.4,43.93],[12.44,43.98],[12.51,43.95],[12.49,43.9]]],[[[10.03,42.74],[10.06,42.67],[10.5,42.67],[10.53,42.78],[10.48,42.9],[10.07,42.88],[10.03,42.74]]],[[[12.05,36.68],[12.13,36.72],[12.09,36.88],[11.92,36.91],[11.84,36.85],[11.85,36.74],[12.05,36.68]]],[[[9.2,41.32],[8.94,41.17],[8.76,41.01],[8.47,40.91],[8.33,40.95],[8.46,41.11],[8.34,41.19],[8.19,41.15],[8.12,41.02],[8.09,40.78],[8.1,40.63],[8.29,40.42],[8.38,40.27],[8.38,40.14],[8.3,39.98],[8.36,39.59],[8.31,39.49],[8.33,39.18],[8.27,39.02],[8.4,38.9],[8.52,38.92],[8.61,38.85],[8.91,38.84],[9.04,38.92],[9.13,39.13],[9.24,39.14],[9.49,39.06],[9.64,39.12],[9.71,39.35],[9.79,40.11],[9.74,40.25],[9.87,40.41],[9.89,40.57],[9.77,40.85],[9.7,40.93],[9.69,41.07],[9.52,41.21],[9.21,41.32],[9.2,41.32]]]]},"properties":{"ISO_A2_EH":"IT"}},
{"type":"Feature","geometry":{"type":"Polygon","coordinates":[[[35.84,33.42],[35.73,33.33],[35.53,33.25],[35.49,33.12],[35.41,33.08],[35.03,33.11],[34.84,32.64],[34.72,32.22],[34.6,31.93],[34.41,31.63],[34.53,31.53],[34.35,31.36],[34.25,31.21],[34.49,30.6],[34.53,30.45],[34.66,30.19],[34.87,29.56],[34.93,29.47],[34.97,29.56],[35.07,29.98],[35.14,30.14],[35.17,30.52],[35.44,31.13],[35.4,31.23],[35.45,31.48],[35.1,31.37],[34.91,31.35],[34.87,31.4],[34.95,31.6],[35.2,31.78],[35.05,31.84],[34.99,31.91],[34.96,32.16],[35.07,32.46],[35.19,32.53],[35.36,32.51],[35.55,32.4],[35.57,32.64],[35.79,32.73],[35.89,32.94],[35.79,33.29],[35.84,33.42]]]},"properties":{"ISO_A2_EH":"IL"}},
{"type":"Feature","geometry":{"type":"MultiPolygon","coordinates":[[[[35.55,32.4],[35.36,32.51],[35.19,32.53],[35.07,32.46],[34.96,32.16],[34.99,31.91],[35.05,31.84],[35.2,31.78],[34.95,31.6],[34.87,31.4],[34.91,31.35],[35.1,31.37],[35.45,31.48],[35.5,31.67],[35.56,31.77],[35.53,31.98],[35.57,32.24],[35.55,32.4]]],[[[34.41,31.63],[34.14,31.37],[34.25,31.21],[34.35,31.36],[34.53,31.53],[34.41,31.63]]]]},"properties":{"ISO_A2_EH":"PS"}},
{"type":"Feature","geometry":{"type":"Polygon","coordinates":[[[-6.85,55.26],[-7.18,55.42],[-7.3,55.44],[-7.58,55.31],[-7.78,55.32],[-8.36,55.21],[-8.51,55.06],[-8.52,54.91],[-8.81,54.78],[-8.88,54.66],[-8.47,54.53],[-8.64,54.45],[-8.74,54.34],[-9.01,54.36],[-9.15,54.31],[-9.27,54.37],[-9.56,54.38],[-10.01,54.35],[-10.21,54.23],[-10.2,54.1],[-10.34,54.03],[-10.36,53.93],[-10.14,53.89],[-9.96,53.8],[-10.08,53.64],[-10.23,53.58],[-10.19,53.37],[-9.98,53.33],[-9.87,53.25],[-9.69,53.24],[-9.39,53.15],[-9.56,52.99],[-9.53,52.9],[-9.82,52.7],[-10,52.62],[-10.02,52.4],[-10.45,52.25],[-10.48,52.09],[-10.26,52.05],[-10.51,51.88],[-10.4,51.74],[-10.16,51.7],[-10.19,51.54],[-9.97,51.54],[-9.92,51.43],[-9.72,51.4],[-9.51,51.45],[-9.28,51.43],[-8.75,51.52],[-8.36,51.64],[-8.18,51.74],[-8.01,51.76],[-7.79,51.88],[-7.62,51.91],[-7.45,52.04],[-6.88,52.09],[-6.74,52.14],[-6.39,52.13],[-6.21,52.24],[-6.3,52.33],[-6.1,52.52],[-6.02,52.78],[-5.91,52.91],[-5.93,53.1],[-6.02,53.32],[-6.02,53.6],[-6.16,53.87],[-6.05,53.98],[-6.22,54.09],[-6.65,54.06],[-6.94,54.37],[-7.05,54.41],[-7.2,54.3],[-7.16,54.24],[-7.36,54.12],[-7.61,54.14],[-7.85,54.22],[-7.88,54.28],[-8.12,54.41],[-8.04,54.51],[-7.79,54.57],[-7.89,54.67],[-7.55,54.77],[-7.38,55.03],[-7.04,55.14],[-6.85,55.26]]]},"properties":{"ISO_A2_EH":"IE"}},
{"type":"Feature","geometry":{"type":"Polygon","coordinates":[[[42.36,37.11],[42.35,37.06],[42.08,36.83],[41.79,36.6],[41.42,36.51],[41.3,36.38],[41.25,36.07],[41.35,35.81],[41.35,35.64],[41.25,35.43],[41.22,35.29],[41.19,34.77],[40.99,34.43],[40.94,34.39],[40.69,34.33],[39.56,33.77],[38.77,33.37],[39.06,32.49],[38.98,32.47],[39.04,32.31],[39.25,32.35],[39.29,32.24],[39.15,32.12],[40.37,31.94],[40.81,31.73],[42.07,31.08],[42.86,30.5],[43.44,30.08],[44.1,29.62],[44.69,29.2],[45.5,29.13],[46.36,29.06],[46.53,29.1],[46.77,29.35],[46.91,29.54],[47.11,29.96],[47.33,30.08],[47.67,30.1],[48.06,29.96],[48.07,29.97],[48.19,30],[48.37,29.88],[48.57,29.89],[48.43,30.04],[48.4,30.19],[48.33,30.29],[48.23,30.32],[48.15,30.42],[48.01,30.47],[48.01,30.99],[47.68,31],[47.68,31.4],[47.83,31.79],[47.59,32.09],[47.51,32.15],[47.37,32.42],[47.29,32.47],[47.12,32.47],[46.57,32.83],[46.38,32.93],[46.11,32.96],[46.08,33.09],[46.15,33.23],[45.98,33.47],[45.87,33.49],[45.88,33.61],[45.74,33.6],[45.47,33.93],[45.4,33.97],[45.53,34.15],[45.53,34.28],[45.44,34.42],[45.5,34.58],[45.64,34.57],[45.68,34.8],[45.92,35.03],[46.13,35.13],[46.11,35.32],[45.97,35.52],[46.04,35.67],[46.26,35.74],[46.17,35.82],[45.72,35.84],[45.65,35.93],[45.48,36.01],[45.36,36.02],[45.24,36.36],[45.11,36.41],[45.03,36.53],[45.03,36.66],[44.88,36.8],[44.77,37.14],[44.61,37.18],[44.28,36.98],[44.2,37.05],[44.21,37.2],[44.11,37.3],[44.01,37.31],[43.84,37.22],[43.52,37.24],[43.09,37.37],[42.94,37.32],[42.77,37.37],[42.46,37.13],[42.36,37.11]]]},"properties":{"ISO_A2_EH":"IQ"}},
{"type":"Feature","geometry":{"type":"Polygon","coordinates":[[[53.83,37.33],[53.91,37],[53.76,37],[53.36,36.94],[52.18,36.69],[51.77,36.69],[51.15,36.81],[50.97,36.87],[50.59,37.07],[50.41,37.19],[50.29,37.38],[50.17,37.47],[49.74,37.55],[49.49,37.57],[49.16,37.71],[49.05,37.91],[48.99,38.15],[48.96,38.44],[48.59,38.41],[48.42,38.59],[48.31,38.61],[48.2,38.72],[48.02,38.82],[48.05,38.94],[48.24,38.98],[48.27,39.1],[48.13,39.17],[48.14,39.31],[48.32,39.4],[48,39.68],[47.77,39.65],[47.19,39.34],[46.99,39.18],[46.85,39.15],[46.55,38.9],[46.49,38.91],[46.11,38.88],[45.58,38.97],[45.48,39.01],[45.26,39.19],[45.14,39.25],[44.82,39.65],[44.59,39.77],[44.46,39.67],[44.39,39.42],[44.02,39.38],[44.08,39.22],[44.18,39.14],[44.14,38.99],[44.27,38.84],[44.26,38.7],[44.29,38.42],[44.43,38.36],[44.33,38.11],[44.21,37.91],[44.34,37.87],[44.56,37.74],[44.57,37.44],[44.79,37.29],[44.77,37.14],[44.88,36.8],[45.03,36.66],[45.03,36.53],[45.11,36.41],[45.24,36.36],[45.36,36.02],[45.48,36.01],[45.65,35.93],[45.72,35.84],[46.17,35.82],[46.26,35.74],[46.04,35.67],[45.97,35.52],[46.11,35.32],[46.13,35.13],[45.92,35.03],[45.68,34.8],[45.64,34.57],[45.5,34.58],[45.44,34.42],[45.53,34.28],[45.53,34.15],[45.4,33.97],[45.47,33.93],[45.74,33.6],[45.88,33.61],[45.87,33.49],[45.98,33.47],[46.15,33.23],[46.08,33.09],[46.11,32.96],[46.38,32.93],[46.57,32.83],[47.12,32.47],[47.29,32.47],[47.37,32.42],[47.51,32.15],[47.59,32.09],[47.83,31.79],[47.68,31.4],[47.68,31],[48.01,30.99],[48.01,30.47],[48.15,30.42],[48.23,30.32],[48.33,30.29],[48.4,30.19],[48.43,30.04],[48.57,29.89],[48.7,29.96],[48.86,29.96],[49,30.1],[49,30.25],[49.38,30.07],[49.54,29.96],[50,30.14],[50.1,29.88],[50.32,29.63],[50.57,29.39],[50.56,29.2],[50.61,29.09],[50.79,29.02],[50.76,28.93],[50.8,28.82],[50.98,28.7],[51.01,28.49],[51.2,28.2],[51.2,28.1],[51.46,27.86],[51.66,27.77],[52,27.76],[52.15,27.65],[52.43,27.56],[52.53,27.46],[52.63,27.27],[52.94,27.08],[53.39,26.89],[53.44,26.8],[53.67,26.66],[53.82,26.64],[54.06,26.66],[54.22,26.63],[54.48,26.53],[54.62,26.44],[54.77,26.43],[54.94,26.49],[55.2,26.66],[55.25,26.53],[55.43,26.51],[55.87,26.66],[55.96,26.63],[56.15,26.75],[56.36,26.96],[56.24,27.08],[56.35,27.13],[56.76,27.03],[56.91,26.87],[56.99,26.67],[57.03,26.36],[57.12,26.14],[57.13,26.02],[57.28,25.73],[57.69,25.66],[57.77,25.58],[57.92,25.61],[58.19,25.52],[58.53,25.52],[58.77,25.49],[59.03,25.34],[59.24,25.36],[59.45,25.4],[59.6,25.33],[59.8,25.33],[59.88,25.29],[60.02,25.31],[60.43,25.23],[60.54,25.29],[60.62,25.22],[61.09,25.11],[61.43,25.02],[61.57,25.12],[61.62,25.29],[61.67,25.77],[61.75,25.84],[61.81,26.17],[61.87,26.24],[62.24,26.36],[62.31,26.49],[62.44,26.56],[62.79,26.64],[63.09,26.63],[63.17,26.67],[63.19,26.84],[63.25,26.88],[63.24,27.08],[63.31,27.12],[63.17,27.25],[62.92,27.22],[62.76,27.25],[62.81,27.5],[62.78,27.8],[62.74,28],[62.76,28.2],[62.72,28.25],[62.56,28.24],[62.35,28.41],[62.03,28.49],[61.89,28.55],[61.62,28.79],[61.51,29.01],[61.34,29.26],[61.32,29.37],[60.84,29.86],[61.78,30.83],[61.81,31.07],[61.76,31.29],[61.66,31.38],[60.85,31.48],[60.79,31.66],[60.79,31.99],[60.83,32.25],[60.58,32.99],[60.56,33.14],[60.72,33.32],[60.92,33.51],[60.81,33.56],[60.65,33.56],[60.51,33.64],[60.53,33.84],[60.49,34.09],[60.64,34.31],[60.89,34.32],[60.73,34.52],[60.95,34.65],[61.08,34.86],[61.15,35.09],[61.1,35.27],[61.19,35.31],[61.28,35.51],[61.26,35.62],[61.25,35.87],[61.15,35.98],[61.21,36.1],[61.16,36.43],[61.17,36.57],[61.12,36.64],[60.34,36.64],[60.06,36.96],[59.95,37.04],[59.56,37.18],[59.37,37.33],[59.34,37.44],[59.24,37.52],[58.82,37.68],[58.65,37.65],[58.55,37.69],[58.44,37.64],[58.26,37.67],[58.11,37.78],[57.71,37.91],[57.42,37.95],[57.33,38.09],[57.19,38.22],[56.91,38.21],[56.77,38.25],[56.44,38.25],[56.32,38.19],[56.23,38.07],[55.58,38.1],[55.38,38.05],[55.08,37.9],[54.85,37.72],[54.75,37.5],[54.19,37.33],[53.83,37.33]]]},"properties":{"ISO_A2_EH":"IR"}},
{"type":"Feature","geometry":{"type":"MultiPolygon","coordinates":[[[[124.88,-8.89],[124.55,-9.09],[124.43,-9.12],[124.41,-9.31],[124.28,-9.43],[124.09,-9.42],[124,-9.28],[123.83,-9.4],[123.65,-9.57],[123.6,-9.68],[123.47,-10.07],[123.35,-10.11],[123.25,-10.24],[123.28,-10.4],[123.44,-10.37],[123.53,-10.29],[123.6,-10.37],[123.74,-10.42],[123.87,-10.41],[124.2,-10.25],[124.46,-10.22],[124.76,-9.97],[124.89,-9.81],[125.03,-9.71],[125.11,-9.57],[124.97,-9.29],[124.98,-9.19],[125.1,-9.19],[125.15,-9.12],[125.1,-9],[124.97,-9.06],[124.92,-9.03],[124.88,-8.89]]],[[[140.97,-2.54],[140.8,-2.54],[140.78,-2.47],[140.64,-2.38],[140.3,-2.35],[140.17,-2.28],[139.81,-2.28],[139.51,-2.15],[139.06,-1.92],[138.85,-1.86],[138.68,-1.73],[138.14,-1.55],[137.94,-1.41],[137.79,-1.41],[137.35,-1.62],[137.05,-1.81],[137.1,-1.99],[136.83,-2.13],[136.6,-2.15],[136.35,-2.21],[136.24,-2.4],[136.19,-2.53],[135.96,-2.68],[135.81,-2.95],[135.58,-3.14],[135.45,-3.28],[135.36,-3.3],[135.07,-3.27],[134.97,-3.2],[134.92,-3.1],[134.91,-2.9],[134.76,-2.87],[134.69,-2.48],[134.56,-2.43],[134.41,-2.56],[134.23,-2.18],[134.22,-1.97],[134.18,-1.73],[134.28,-1.56],[134.33,-1.36],[134.31,-1.28],[134.15,-0.99],[134.18,-0.83],[134,-0.67],[133.49,-0.66],[133.3,-0.57],[133.11,-0.45],[132.88,-0.35],[132.64,-0.29],[132.38,-0.28],[132.09,-0.39],[131.78,-0.64],[131.44,-0.71],[131.19,-0.81],[131.18,-0.99],[131.07,-0.85],[130.96,-0.84],[130.97,-0.74],[130.82,-0.69],[130.75,-0.75],[130.47,-0.76],[130.33,-0.93],[130.36,-0.98],[130.59,-1],[130.72,-1.3],[130.81,-1.38],[130.93,-1.41],[131.04,-1.52],[131.19,-1.52],[131.3,-1.47],[131.71,-1.61],[131.86,-1.63],[131.86,-1.73],[131.96,-2.04],[132.16,-2.23],[132.29,-2.31],[132.5,-2.29],[132.62,-2.32],[132.97,-2.34],[133.23,-2.29],[133.49,-2.3],[133.73,-2.26],[133.74,-2.34],[133.65,-2.48],[133.43,-2.45],[133.19,-2.36],[132.99,-2.43],[132.85,-2.61],[132.71,-2.71],[132.6,-2.66],[132.22,-2.61],[131.9,-2.76],[132.01,-2.98],[132.31,-3.04],[132.7,-3.34],[132.79,-3.54],[132.67,-3.69],[132.77,-3.98],[132.95,-4.17],[133.26,-4.13],[133.27,-4.22],[133.6,-4.37],[133.69,-4.31],[133.61,-4.19],[133.36,-4.05],[133.46,-3.94],[133.48,-3.76],[133.57,-3.65],[133.66,-3.62],[133.85,-3.76],[133.94,-3.89],[134.14,-3.93],[134.25,-4.03],[134.38,-3.99],[134.61,-4.1],[134.7,-4.25],[135.18,-4.52],[135.44,-4.51],[135.96,-4.6],[136.18,-4.72],[136.37,-4.77],[136.59,-4.89],[136.84,-4.96],[137.08,-5],[137.25,-5.07],[137.71,-5.31],[137.81,-5.42],[138,-5.51],[137.99,-5.7],[138.04,-5.77],[138.24,-5.89],[138.22,-5.95],[138.37,-6.38],[138.47,-6.5],[138.63,-6.66],[138.66,-6.77],[138.54,-6.87],[138.53,-6.97],[138.67,-7.13],[138.68,-7.24],[138.54,-7.31],[138.27,-7.37],[138.03,-7.51],[137.95,-7.6],[137.77,-7.9],[137.62,-8.24],[137.58,-8.41],[137.67,-8.49],[137.88,-8.45],[138.31,-8.48],[138.51,-8.37],[138.55,-8.44],[138.85,-8.47],[138.95,-8.43],[138.97,-8.31],[139.22,-8.15],[139.38,-8.26],[139.67,-8.2],[139.9,-8.18],[140.05,-8.35],[140.44,-8.67],[140.6,-8.89],[140.74,-9.03],[140.94,-9.18],[140.98,-9.19],[140.98,-8.5],[140.98,-7.48],[140.98,-6.91],[140.86,-6.74],[140.87,-6.61],[140.98,-6.35],[140.97,-5.65],[140.97,-4.84],[140.97,-4.23],[140.97,-3.41],[140.97,-2.54]]],[[[109.68,2.08],[109.6,2.09],[109.33,1.98],[109.21,1.75],[109.01,1.53],[108.94,1.26],[108.89,1.17],[108.83,0.79],[108.88,0.32],[109.02,0.2],[109.15,0.05],[109.05,-0.25],[109.06,-0.47],[109.24,-0.65],[109.18,-0.83],[109.38,-1.03],[109.35,-1.27],[109.43,-1.35],[109.52,-1.36],[109.75,-1.24],[109.88,-1.22],[109.95,-1.41],[109.95,-1.62],[109.89,-1.72],[109.89,-1.9],[110.02,-1.99],[110.05,-2.25],[110.15,-2.7],[110.16,-2.95],[110.21,-3.02],[110.31,-3.07],[110.4,-3],[110.55,-2.97],[110.62,-3.06],[110.92,-3.14],[111.06,-3.13],[111.36,-3.01],[111.48,-3.05],[111.75,-3.07],[111.76,-3.57],[111.84,-3.62],[111.99,-3.59],[112.16,-3.44],[112.29,-3.4],[112.61,-3.48],[112.79,-3.38],[113.03,-3.23],[113.07,-3.08],[113.29,-3.3],[113.34,-3.32],[113.54,-3.25],[113.56,-3.46],[113.69,-3.53],[113.81,-3.53],[114,-3.46],[114.08,-3.38],[114.23,-3.44],[114.37,-3.54],[114.48,-3.56],[114.53,-3.72],[114.55,-4.14],[114.69,-4.25],[115.29,-3.97],[115.95,-3.68],[116,-3.83],[115.98,-4.03],[116.09,-4.13],[116.39,-3.89],[116.37,-3.83],[116.48,-3.57],[116.5,-3.4],[116.44,-3.33],[116.34,-3.37],[116.33,-3.02],[116.42,-2.85],[116.45,-2.61],[116.59,-2.56],[116.64,-2.29],[116.58,-2.14],[116.49,-2.09],[116.53,-1.92],[116.48,-1.73],[116.57,-1.64],[116.62,-1.51],[116.76,-1.43],[116.84,-1.29],[117.05,-1.25],[117.28,-0.99],[117.62,-0.82],[117.65,-0.73],[117.62,-0.54],[117.53,-0.31],[117.54,-0.21],[117.59,0.22],[117.62,0.31],[117.8,0.68],[117.97,0.78],[118.05,0.87],[118.17,0.81],[118.53,0.74],[118.77,0.77],[118.93,0.82],[119.07,0.96],[119.02,1.1],[118.9,1.16],[118.68,1.38],[118.51,1.48],[118.13,1.75],[117.93,2],[118.1,2.17],[118.14,2.34],[117.94,2.59],[117.85,2.79],[117.7,2.96],[117.68,3.1],[117.41,3.25],[117.5,3.29],[117.66,3.18],[117.73,3.26],[117.76,3.44],[117.66,3.51],[117.4,3.47],[117.54,3.61],[117.61,3.56],[117.74,3.58],[117.85,3.67],[117.8,3.83],[117.71,3.92],[117.98,4.01],[117.96,4.18],[117.88,4.26],[117.75,4.17],[117.45,4.19],[117.28,4.3],[117.1,4.34],[116.51,4.37],[116.41,4.31],[116.32,4.35],[116.13,4.36],[116.02,4.29],[115.9,4.35],[115.68,4.19],[115.57,3.94],[115.54,3.63],[115.57,3.45],[115.52,3.36],[115.49,3.13],[115.45,3.03],[115.31,2.99],[115.25,3.03],[115.09,2.84],[115.08,2.63],[115.18,2.52],[114.97,2.35],[114.79,2.25],[114.76,2.16],[114.83,1.98],[114.8,1.89],[114.7,1.85],[114.66,1.69],[114.55,1.47],[114.39,1.5],[114.13,1.45],[113.9,1.43],[113.76,1.31],[113.62,1.24],[113.51,1.31],[113.36,1.33],[113.07,1.43],[113.01,1.43],[112.94,1.57],[112.48,1.56],[112.19,1.44],[112.08,1.14],[111.92,1.11],[111.77,1],[111.61,1.02],[111.48,1],[111.29,1.04],[111.1,1.05],[110.94,1.02],[110.61,0.88],[110.51,0.86],[110.32,1],[110.11,1.19],[109.82,1.44],[109.65,1.61],[109.64,1.78],[109.54,1.9],[109.68,2.08]]],[[[97.9,1.13],[97.74,1.24],[97.53,1.52],[97.39,1.6],[97.28,1.57],[97.22,1.5],[97.08,1.5],[97.01,1.43],[97.24,1.15],[97.35,0.88],[97.54,0.79],[97.63,0.55],[97.85,0.48],[97.95,0.6],[97.97,0.87],[98.01,0.98],[97.9,1.13]]],[[[99.12,-1.85],[99.33,-1.78],[99.34,-1.6],[99.21,-1.43],[99.13,-1.21],[99.02,-1.03],[99,-0.91],[98.88,-0.84],[98.62,-0.91],[98.53,-1.2],[98.56,-1.3],[98.75,-1.57],[98.83,-1.72],[99.05,-1.86],[99.12,-1.85]]],[[[116.55,-8.18],[116.4,-8.13],[116.27,-8.17],[115.99,-8.41],[116,-8.69],[115.83,-8.68],[115.78,-8.79],[115.82,-8.88],[116.01,-8.94],[116.38,-9],[116.6,-8.96],[116.69,-8.97],[116.73,-9.06],[117.06,-9.17],[117.24,-9.1],[117.53,-9.08],[117.75,-8.99],[117.87,-9.01],[118.08,-8.92],[118.22,-8.91],[118.32,-8.84],[118.39,-8.93],[118.72,-8.88],[118.88,-8.88],[119.11,-8.8],[119.22,-8.67],[119.12,-8.54],[119.12,-8.44],[119.06,-8.31],[119.22,-8.22],[119.13,-8.07],[118.98,-8.1],[118.95,-8.23],[118.84,-8.22],[118.72,-8.27],[118.64,-8.21],[118.48,-8.2],[118.31,-8.28],[118.15,-8.05],[117.92,-8.02],[117.7,-8.09],[117.53,-8.08],[117.42,-8.14],[117.42,-8.36],[117.14,-8.29],[116.93,-8.43],[116.81,-8.39],[116.78,-8.3],[116.68,-8.22],[116.55,-8.18]],[[117.63,-8.38],[117.76,-8.39],[117.95,-8.53],[117.96,-8.65],[117.84,-8.64],[117.63,-8.38]]],[[[115.67,-8.24],[115.48,-8.09],[115.13,-7.99],[114.97,-8.11],[114.84,-8.11],[114.51,-8.04],[114.52,-7.88],[114.42,-7.71],[114.09,-7.56],[113.74,-7.63],[113.5,-7.65],[113.26,-7.65],[113.04,-7.59],[112.86,-7.51],[112.87,-7.28],[113.48,-7.29],[113.68,-7.18],[113.85,-7.19],[113.93,-7.11],[114.15,-7.02],[114.14,-6.92],[114,-6.8],[113.06,-6.81],[112.83,-6.83],[112.66,-7.04],[112.59,-6.86],[112.44,-6.83],[112.12,-6.83],[112.02,-6.74],[111.76,-6.7],[111.55,-6.58],[111.34,-6.63],[111.2,-6.62],[111.01,-6.37],[110.82,-6.35],[110.69,-6.42],[110.61,-6.54],[110.52,-6.77],[110.41,-6.88],[110.21,-6.82],[109.83,-6.83],[109.5,-6.73],[109.3,-6.79],[109.03,-6.75],[108.79,-6.74],[108.67,-6.69],[108.57,-6.43],[108.31,-6.19],[108.14,-6.22],[107.9,-6.16],[107.68,-6.14],[107.52,-6.07],[107.36,-5.91],[107.02,-5.84],[106.95,-5.97],[106.84,-6.02],[106.7,-5.97],[106.19,-5.89],[106.08,-5.83],[105.88,-5.97],[105.8,-6.09],[105.72,-6.42],[105.63,-6.4],[105.52,-6.63],[105.41,-6.6],[105.3,-6.46],[105.15,-6.49],[105.05,-6.61],[105.17,-6.76],[105.21,-6.89],[105.31,-6.91],[105.6,-6.93],[105.93,-6.93],[106.18,-7],[106.42,-7.09],[106.35,-7.22],[106.34,-7.33],[106.41,-7.43],[106.62,-7.49],[107.27,-7.54],[107.52,-7.61],[107.66,-7.7],[107.9,-7.79],[108.21,-7.85],[108.48,-7.87],[108.6,-7.77],[108.75,-7.74],[108.98,-7.78],[109.27,-7.78],[109.83,-7.9],[110.01,-7.96],[110.58,-8.22],[111.05,-8.31],[111.33,-8.33],[111.5,-8.38],[112.11,-8.4],[112.68,-8.48],[113.04,-8.38],[113.24,-8.36],[113.67,-8.54],[113.92,-8.64],[114.15,-8.7],[114.26,-8.69],[114.44,-8.81],[114.62,-8.83],[114.66,-8.65],[114.53,-8.55],[114.58,-8.45],[114.81,-8.49],[115.01,-8.63],[115.07,-8.74],[115.02,-8.85],[115.14,-8.92],[115.27,-8.87],[115.38,-8.67],[115.45,-8.79],[115.59,-8.88],[115.68,-8.8],[115.69,-8.68],[115.58,-8.59],[115.79,-8.43],[115.67,-8.24]]],[[[105.39,-1.54],[105.31,-1.63],[105.28,-1.8],[105.15,-1.86],[105.07,-1.94],[105.07,-2.08],[105.34,-2.2],[105.54,-2.15],[105.72,-2.23],[105.74,-2.33],[105.86,-2.51],[105.83,-2.65],[105.63,-2.44],[105.42,-2.31],[105.29,-2.28],[105.02,-2.29],[104.88,-2.33],[104.92,-2.06],[104.83,-1.98],[104.62,-1.87],[104.55,-1.58],[104.52,-1.35],[104.45,-1.05],[104.39,-0.97],[104.21,-0.98],[103.97,-0.91],[103.75,-0.82],[103.59,-0.71],[103.51,-0.56],[103.61,-0.46],[103.78,-0.41],[103.84,-0.32],[103.76,-0.22],[103.63,-0.16],[103.86,0.03],[103.81,0.21],[103.73,0.33],[103.52,0.54],[103.5,0.61],[103.58,0.71],[103.48,0.94],[103.49,1.08],[103.4,1.2],[103.31,1.17],[103.24,1.07],[103.32,0.94],[103.24,0.86],[103.12,1.06],[103.04,1.13],[102.8,1.24],[102.55,1.2],[102.56,1.48],[102.52,1.57],[102.02,1.71],[101.95,1.59],[101.79,1.75],[101.85,1.93],[101.76,2.13],[101.64,2.2],[101.52,2.13],[101.42,2.14],[101.35,2.06],[101.08,2.32],[100.94,2.37],[100.85,2.35],[100.72,2.19],[100.63,2.2],[100.51,2.3],[100.36,2.51],[100.18,2.69],[99.96,3.03],[99.78,3.24],[99.56,3.37],[99.19,3.64],[98.82,3.82],[98.71,3.98],[98.36,4.15],[98.31,4.45],[98.07,4.68],[97.96,4.93],[97.76,5.09],[97.59,5.27],[97.45,5.31],[97.19,5.28],[96.98,5.34],[96.84,5.35],[96.61,5.29],[96.16,5.36],[95.88,5.57],[95.64,5.68],[95.39,5.7],[95.16,5.61],[95.17,5.42],[95.13,5.27],[95.44,4.72],[95.53,4.61],[95.94,4.21],[96.18,4.02],[96.4,3.76],[96.5,3.7],[96.77,3.64],[96.91,3.53],[97.34,2.92],[97.53,2.8],[97.64,2.32],[97.77,2.21],[98.05,2.13],[98.52,1.85],[98.64,1.67],[98.73,1.47],[98.87,1.01],[98.99,0.67],[99.04,0.44],[99.1,0.31],[99.3,0.14],[99.56,0.04],[99.66,-0.07],[99.8,-0.35],[100.03,-0.6],[100.24,-0.86],[100.33,-1.13],[100.42,-1.33],[100.78,-1.95],[100.78,-2.16],[100.88,-2.38],[101.07,-2.64],[101.26,-2.78],[101.52,-3.21],[101.77,-3.44],[102.08,-3.65],[102.31,-4.01],[102.49,-4.2],[102.88,-4.53],[103.1,-4.66],[103.37,-4.88],[103.78,-5.13],[104.01,-5.43],[104.19,-5.59],[104.43,-5.86],[104.57,-5.97],[104.74,-5.93],[104.75,-5.8],[104.69,-5.63],[105,-5.79],[105.17,-5.78],[105.34,-5.63],[105.47,-5.73],[105.58,-5.86],[105.79,-5.89],[105.89,-5.69],[105.96,-5.01],[105.96,-4.55],[105.9,-4.17],[106,-3.9],[106,-3.81],[105.92,-3.7],[105.96,-3.45],[106.13,-3.23],[106.11,-3.08],[105.99,-2.9],[106.22,-2.96],[106.52,-3.12],[106.67,-3.14],[106.79,-3.08],[106.9,-3.1],[106.97,-2.9],[106.79,-2.82],[106.74,-2.73],[106.89,-2.59],[106.88,-2.54],[106.41,-2.4],[106.28,-2.16],[106.23,-1.84],[106.03,-1.48],[105.93,-1.43],[105.81,-1.43],[105.66,-1.5],[105.61,-1.46],[105.39,-1.54]]],[[[123.23,-5.2],[123.07,-5.08],[123.09,-4.85],[123.24,-4.88],[123.28,-4.77],[123.25,-4.52],[123.14,-4.41],[123.18,-4.31],[123.31,-4.14],[123.32,-4.02],[123.25,-3.93],[123,-3.91],[122.89,-4],[122.68,-3.95],[122.68,-3.9],[122.48,-3.68],[122.32,-3.59],[122.39,-3.31],[122.48,-3.22],[122.37,-3.02],[122.36,-2.87],[122.13,-2.7],[121.91,-2.29],[121.76,-2.14],[121.62,-2.09],[121.56,-2],[121.77,-1.92],[121.9,-1.76],[122.29,-1.62],[122.56,-1.4],[122.86,-1.02],[122.93,-0.97],[123.11,-0.97],[123.18,-1.06],[123.3,-1.1],[123.43,-1.06],[123.51,-0.78],[123.43,-0.6],[123.31,-0.52],[123.17,-0.5],[122.85,-0.57],[122.77,-0.69],[122.27,-0.69],[122.13,-0.73],[121.95,-0.86],[121.77,-0.86],[121.67,-0.77],[121.57,-0.75],[121.48,-0.8],[121.22,-1.07],[121.09,-1.29],[121.02,-1.33],[120.71,-1.3],[120.58,-1],[120.46,-0.9],[120.31,-0.84],[120.16,-0.62],[120.08,-0.3],[120.11,-0.11],[120.19,0.13],[120.39,0.39],[120.48,0.44],[120.69,0.44],[120.9,0.38],[121.02,0.37],[121.43,0.42],[121.59,0.42],[121.84,0.36],[122.28,0.41],[123.06,0.42],[123.23,0.26],[123.52,0.23],[123.76,0.23],[124.3,0.33],[124.47,0.41],[124.57,0.51],[124.75,0.78],[124.94,0.94],[125.09,1.15],[125.18,1.34],[125.31,1.5],[125.22,1.69],[125.14,1.75],[124.97,1.78],[124.9,1.73],[124.74,1.52],[124.54,1.44],[124.48,1.29],[124.37,1.25],[124.23,1.08],[123.91,0.92],[123.85,0.91],[123.29,1],[123.07,1.01],[122.92,0.99],[122.86,0.92],[122.69,1.01],[122.45,1.09],[122.12,1.1],[121.87,1.16],[121.6,1.14],[121.44,1.31],[121.23,1.33],[121.1,1.4],[120.87,1.35],[120.81,1.3],[120.69,1.07],[120.51,0.89],[120.42,0.93],[120.36,1.05],[120.21,1.03],[120.17,0.9],[119.99,0.73],[119.97,0.6],[119.86,0.49],[119.74,0.25],[119.79,0.04],[119.7,0.01],[119.65,-0.08],[119.72,-0.61],[119.6,-0.68],[119.45,-0.87],[119.29,-1.22],[119.24,-1.4],[119.23,-1.66],[119.26,-1.9],[119.11,-2.11],[119.03,-2.44],[118.76,-2.63],[118.71,-2.78],[118.78,-2.93],[118.74,-3.16],[118.8,-3.43],[118.87,-3.53],[118.98,-3.62],[119.36,-3.53],[119.42,-3.57],[119.41,-3.74],[119.55,-4.05],[119.54,-4.42],[119.44,-4.73],[119.45,-4.86],[119.37,-5.05],[119.29,-5.31],[119.31,-5.46],[119.52,-5.67],[119.7,-5.77],[119.78,-5.76],[119.97,-5.65],[120.3,-5.61],[120.4,-5.66],[120.49,-5.63],[120.46,-5.37],[120.35,-5.13],[120.38,-4.98],[120.48,-4.75],[120.49,-4.62],[120.46,-4.41],[120.43,-4.09],[120.45,-3.87],[120.51,-3.7],[120.46,-3.33],[120.33,-3.04],[120.39,-2.93],[120.68,-2.74],[120.95,-2.73],[120.98,-2.78],[121,-3.01],[120.97,-3.17],[120.84,-3.37],[120.82,-3.54],[120.86,-3.6],[121.27,-3.98],[121.54,-4.12],[121.47,-4.26],[121.41,-4.58],[121.45,-4.72],[121.55,-4.82],[121.73,-4.89],[121.91,-4.92],[122.07,-4.9],[122.15,-4.81],[122.12,-4.67],[122.16,-4.6],[122.48,-4.49],[122.68,-4.49],[122.85,-4.46],[122.78,-4.6],[122.63,-4.57],[122.31,-4.71],[122.26,-4.84],[122.32,-5.04],[122.26,-5.1],[122.21,-5.32],[122.26,-5.45],[122.51,-5.46],[122.51,-5.56],[122.6,-5.73],[122.74,-5.72],[122.82,-5.76],[122.91,-5.68],[122.99,-5.53],[123.16,-5.46],[123.25,-5.37],[123.28,-5.25],[123.23,-5.2]]],[[[108.42,3.73],[108.46,3.81],[108.46,4.01],[108.32,4.18],[108.29,4.28],[108.17,4.26],[107.93,4.08],[107.93,3.97],[108.05,3.79],[108.03,3.7],[108.17,3.58],[108.37,3.63],[108.42,3.73]]],[[[108.19,-2.59],[108.1,-2.53],[107.91,-2.49],[107.86,-2.45],[107.61,-2.52],[107.57,-2.71],[107.37,-2.77],[107.33,-2.87],[107.42,-3],[107.52,-2.99],[107.56,-3.26],[107.67,-3.28],[107.88,-3.22],[107.93,-3.28],[108.09,-3.3],[108.22,-3.19],[108.28,-3.02],[108.37,-2.83],[108.27,-2.65],[108.19,-2.59]]],[[[136.26,-1.26],[136.35,-1.24],[136.43,-1.14],[136.43,-1.05],[136.2,-0.92],[135.93,-0.66],[135.76,-0.66],[135.4,-0.58],[135.33,-0.6],[135.32,-0.73],[135.38,-0.82],[135.64,-0.95],[135.71,-0.93],[135.77,-1.16],[135.89,-1.25],[136.1,-1.29],[136.26,-1.26]]],[[[136.1,-1.57],[135.87,-1.57],[135.48,-1.52],[135.4,-1.62],[135.43,-1.73],[135.84,-1.82],[136.16,-1.92],[136.21,-1.97],[136.64,-1.94],[136.91,-1.87],[136.96,-1.78],[136.84,-1.69],[136.73,-1.66],[136.4,-1.65],[136.22,-1.58],[136.1,-1.57]]],[[[130.84,-0.5],[131.1,-0.4],[131.29,-0.43],[131.41,-0.3],[131.4,-0.19],[131.32,-0.09],[131.03,0.03],[130.81,0.07],[130.71,0.04],[130.36,0],[130.23,-0.05],[130.17,-0.22],[130.32,-0.33],[130.48,-0.39],[130.4,-0.52],[130.56,-0.6],[130.66,-0.6],[130.74,-0.52],[130.84,-0.5]]],[[[128.38,1.97],[128.6,2.04],[128.69,2.2],[128.77,2.49],[128.64,2.67],[128.44,2.64],[128.28,2.52],[128.14,2.31],[128.19,2.05],[128.26,1.96],[128.38,1.97]]],[[[127.48,-1.35],[127.4,-1.41],[127.32,-1.57],[127.32,-1.68],[127.42,-1.76],[127.56,-1.8],[127.91,-1.76],[128.07,-1.79],[128.23,-1.7],[128.22,-1.56],[127.94,-1.38],[127.65,-1.26],[127.48,-1.35]]],[[[126.05,-1.97],[126.32,-1.93],[126.39,-1.78],[126.03,-1.72],[125.72,-1.74],[125.52,-1.73],[125.38,-1.77],[125.15,-1.61],[125.06,-1.66],[124.67,-1.56],[124.47,-1.57],[124.32,-1.64],[124.25,-1.87],[124.38,-2.08],[124.53,-2.08],[124.84,-1.97],[125.01,-2.02],[125.15,-1.96],[125.32,-1.95],[125.48,-2.01],[125.83,-1.98],[125.79,-2.08],[125.91,-2.45],[126.04,-2.54],[126.12,-2.48],[126.14,-2.35],[126.05,-2.16],[126.05,-1.97]]],[[[131.58,-7.06],[131.46,-7.14],[131.39,-7.27],[131.2,-7.43],[131.06,-7.76],[131,-7.87],[131.04,-7.99],[130.78,-8.22],[130.72,-8.31],[130.74,-8.41],[130.91,-8.38],[130.95,-8.31],[131.07,-8.28],[131.21,-8.19],[131.23,-8.09],[131.33,-8.09],[131.41,-8.01],[131.44,-7.91],[131.69,-7.66],[131.77,-7.44],[131.73,-7.29],[131.8,-7.23],[132,-7.32],[132.06,-7.19],[131.96,-7.03],[131.58,-7.06]]],[[[125.73,-7.93],[125.75,-8.04],[125.85,-8.05],[125.98,-7.98],[126.5,-8.02],[126.62,-7.87],[126.87,-7.79],[126.85,-7.61],[126.75,-7.59],[126.63,-7.49],[126.43,-7.54],[126.33,-7.61],[126.1,-7.63],[125.95,-7.58],[125.78,-7.78],[125.73,-7.93]]],[[[125.2,-8.26],[125.18,-8.16],[125.07,-8.11],[124.49,-8.06],[124.38,-8.13],[124.2,-8.13],[124.11,-8.25],[123.99,-8.25],[123.94,-8.18],[123.77,-8.11],[123.59,-8.22],[123.36,-8.22],[123.22,-8.16],[123.1,-8.19],[122.95,-8.04],[122.83,-8.02],[122.74,-8.08],[122.69,-8.22],[122.46,-8.42],[122.4,-8.54],[122.29,-8.55],[122.1,-8.44],[121.96,-8.38],[121.89,-8.41],[121.67,-8.43],[121.52,-8.51],[121.41,-8.49],[121.31,-8.41],[120.9,-8.26],[120.74,-8.24],[120.62,-8.16],[120.43,-8.18],[120.2,-8.22],[119.94,-8.37],[119.84,-8.35],[119.75,-8.54],[119.74,-8.72],[119.89,-8.93],[120.12,-8.85],[120.31,-8.89],[120.55,-8.87],[120.76,-8.92],[121.04,-9.01],[121.19,-8.97],[121.36,-8.99],[121.45,-8.89],[121.55,-8.89],[121.63,-8.97],[121.86,-8.93],[122.12,-8.81],[122.49,-8.79],[122.87,-8.65],[122.97,-8.67],[123.06,-8.56],[123.16,-8.55],[123.24,-8.61],[123.41,-8.67],[123.64,-8.59],[123.83,-8.36],[123.86,-8.47],[123.97,-8.52],[124.03,-8.62],[124.18,-8.6],[124.29,-8.43],[124.43,-8.52],[125.13,-8.42],[125.21,-8.36],[125.2,-8.26]]],[[[118.93,-9.64],[119.05,-9.77],[119.35,-9.84],[119.58,-9.84],[119.78,-9.98],[119.89,-10.03],[120,-10.17],[120.11,-10.26],[120.37,-10.33],[120.43,-10.38],[120.74,-10.27],[120.87,-10.15],[120.91,-10.03],[120.84,-9.91],[120.75,-9.85],[120.54,-9.61],[120.33,-9.57],[120.27,-9.45],[120.1,-9.36],[119.94,-9.22],[119.79,-9.31],[119.62,-9.28],[119.29,-9.3],[118.99,-9.38],[118.88,-9.51],[118.93,-9.64]]],[[[127.9,2.22],[127.68,2.01],[127.57,1.88],[127.46,1.58],[127.46,1.48],[127.35,1.27],[127.36,1.12],[127.46,0.88],[127.31,0.94],[127.21,0.8],[127.31,0.58],[127.47,0.58],[127.49,0.47],[127.63,0.27],[127.6,-0.17],[127.63,-0.27],[127.83,-0.46],[128,-0.76],[128.18,-0.84],[128.23,-0.94],[128.41,-0.96],[128.5,-0.89],[128.31,-0.69],[128.15,-0.45],[128.05,-0.22],[127.96,0.05],[127.98,0.39],[128.43,0.32],[128.51,0.27],[128.88,0.15],[128.97,0.2],[128.92,0.32],[128.76,0.4],[128.72,0.55],[128.65,0.61],[128.43,0.7],[128.35,0.83],[128.71,1.01],[128.77,1.08],[128.78,1.53],[128.73,1.63],[128.52,1.63],[128.39,1.58],[128.17,1.46],[128.09,1.34],[128.09,1.19],[127.91,1.09],[127.85,0.91],[127.71,0.96],[127.93,1.11],[128.08,1.31],[128.1,1.45],[128.08,1.73],[127.97,1.91],[128.1,2.09],[128.07,2.26],[127.9,2.22]]],[[[129.52,-2.72],[129.41,-2.72],[129.24,-2.83],[128.99,-2.76],[128.79,-2.78],[128.57,-2.77],[128.17,-2.8],[128.06,-2.88],[127.91,-2.89],[127.8,-2.94],[127.82,-3.09],[127.8,-3.21],[127.86,-3.36],[127.84,-3.53],[127.93,-3.58],[128.03,-3.49],[128.14,-3.24],[128.23,-3.29],[128.25,-3.44],[128.1,-3.52],[127.98,-3.53],[127.86,-3.64],[127.87,-3.79],[127.98,-3.84],[128.09,-3.77],[128.2,-3.81],[128.35,-3.7],[128.57,-3.66],[128.74,-3.67],[128.8,-3.51],[128.73,-3.46],[128.87,-3.31],[128.93,-3.39],[129.09,-3.42],[129.47,-3.53],[129.58,-3.47],[129.59,-3.39],[129.82,-3.4],[129.98,-3.54],[130.24,-3.64],[130.77,-3.92],[130.84,-3.92],[130.93,-3.56],[130.82,-3.35],[130.73,-3.34],[130.62,-3.08],[130.41,-2.92],[130.01,-2.91],[129.78,-2.8],[129.52,-2.72]]],[[[126.45,-3.81],[126.68,-3.9],[126.97,-3.83],[127.12,-3.74],[127.28,-3.68],[127.32,-3.47],[127.29,-3.35],[127.15,-3.24],[127.07,-3.11],[126.82,-3],[126.55,-2.99],[126.28,-3.03],[126.21,-3.07],[126.08,-3.03],[125.95,-3.15],[125.96,-3.37],[125.99,-3.46],[126.18,-3.67],[126.45,-3.81]]],[[[134.11,-6.12],[134.04,-6.26],[134.05,-6.46],[133.98,-6.78],[134.03,-6.88],[134.19,-6.99],[134.37,-6.91],[134.47,-6.72],[134.65,-6.84],[134.79,-6.7],[134.8,-6.5],[134.87,-6.49],[134.95,-6.36],[134.93,-6.27],[134.82,-6.25],[134.83,-6.1],[134.79,-5.96],[134.83,-5.9],[134.82,-5.7],[134.66,-5.38],[134.46,-5.39],[134.42,-5.49],[134.31,-5.63],[134.24,-5.6],[134.14,-5.69],[134.17,-5.79],[134.26,-5.86],[134.23,-5.94],[134.1,-5.97],[134.11,-6.12]]],[[[104.03,0.92],[104.02,0.87],[104.16,0.73],[104.3,0.8],[104.29,0.94],[104.4,0.91],[104.46,0.79],[104.6,0.75],[104.72,0.94],[104.71,1.15],[104.62,1.28],[104.33,1.25],[104.21,1.16],[104.15,1.24],[104.01,1.25],[103.91,1.19],[103.85,1.09],[103.92,0.95],[104.03,0.92]]],[[[104.72,-0.03],[104.76,0.07],[104.58,0.29],[104.43,0.24],[104.51,0.08],[104.38,-0.2],[104.38,-0.32],[104.25,-0.33],[104.19,-0.47],[104.29,-0.68],[104.38,-0.73],[104.56,-0.64],[104.66,-0.47],[104.56,-0.32],[104.69,-0.29],[104.91,-0.4],[105.06,-0.33],[105.08,-0.27],[104.9,-0.09],[104.81,-0.1],[104.72,-0.03]]],[[[134.78,-1.12],[134.92,-1.21],[135.02,-1.17],[135.06,-1],[134.89,-0.87],[134.77,-0.93],[134.73,-1.05],[134.78,-1.12]]],[[[127.04,-0.48],[127.07,-0.57],[127.16,-0.59],[127.09,-0.74],[127.16,-0.84],[127.61,-0.88],[127.76,-0.96],[127.88,-0.91],[127.96,-0.83],[127.93,-0.73],[127.83,-0.62],[127.69,-0.61],[127.77,-0.46],[127.61,-0.26],[127.51,-0.23],[127.4,-0.26],[127.19,-0.18],[127.06,-0.23],[127.04,-0.48]]],[[[133.2,-5.28],[133.08,-5.25],[132.95,-5.58],[132.87,-5.65],[132.74,-5.54],[132.56,-5.59],[132.61,-5.75],[132.59,-5.86],[132.64,-5.97],[132.84,-6.06],[132.99,-5.94],[133.04,-5.77],[133.19,-5.61],[133.25,-5.32],[133.2,-5.28]]],[[[126.67,4.5],[126.65,4.32],[126.72,4.23],[126.58,4.08],[126.59,3.9],[126.66,3.79],[126.83,3.69],[126.91,3.72],[126.93,3.85],[126.88,3.99],[126.92,4.15],[127,4.28],[126.93,4.51],[126.85,4.6],[126.72,4.61],[126.67,4.5]]],[[[125.39,3.73],[125.45,3.42],[125.65,3.34],[125.74,3.42],[125.6,3.71],[125.52,3.79],[125.39,3.73]]],[[[129.87,-8.04],[129.92,-7.88],[129.86,-7.75],[129.65,-7.72],[129.55,-7.74],[129.52,-7.94],[129.68,-8.11],[129.82,-8.12],[129.87,-8.04]]],[[[127.9,-8.29],[128.04,-8.34],[128.19,-8.18],[128.14,-8.06],[128.01,-8.07],[127.81,-8.02],[127.72,-8.1],[127.77,-8.25],[127.9,-8.29]]],[[[129.84,-1.75],[129.67,-1.84],[129.7,-1.94],[129.86,-2.05],[130.06,-2.09],[130.11,-2.14],[130.28,-2.12],[130.45,-2.04],[130.5,-1.78],[130.4,-1.63],[130.3,-1.62],[130.1,-1.66],[129.84,-1.75]]],[[[102.33,-5.55],[102.41,-5.55],[102.48,-5.4],[102.42,-5.31],[102.22,-5.22],[102.13,-5.21],[102.04,-5.31],[102.08,-5.41],[102.26,-5.56],[102.33,-5.55]]],[[[100.28,-2.71],[100.27,-2.65],[100.06,-2.46],[99.93,-2.48],[99.89,-2.63],[99.97,-2.89],[100.12,-2.89],[100.14,-3.02],[100.27,-3.16],[100.27,-3.26],[100.42,-3.38],[100.53,-3.37],[100.5,-3.19],[100.53,-3.15],[100.52,-2.96],[100.28,-2.71]]],[[[99.58,-1.95],[99.52,-1.96],[99.45,-2.17],[99.56,-2.32],[99.81,-2.43],[99.91,-2.41],[99.91,-2.32],[99.74,-2.02],[99.58,-1.95]]],[[[98.56,-0.48],[98.62,-0.24],[98.47,0.03],[98.39,0.08],[98.26,0.03],[98.35,-0.23],[98.29,-0.35],[98.24,-0.56],[98.41,-0.66],[98.52,-0.58],[98.56,-0.48]]],[[[96.53,2.39],[96.47,2.57],[96.04,2.84],[95.93,2.95],[95.78,2.98],[95.65,2.85],[95.67,2.74],[95.77,2.59],[96,2.52],[96.39,2.28],[96.52,2.32],[96.53,2.39]]],[[[121.87,-5.46],[121.96,-5.55],[122.11,-5.49],[122.14,-5.21],[122.1,-5.11],[122.01,-5.01],[121.9,-5],[121.8,-5.06],[121.73,-5.27],[121.87,-5.46]]],[[[123.6,-1.29],[123.44,-1.16],[123.3,-1.19],[123.27,-1.11],[123.16,-1.08],[122.88,-1.11],[122.76,-1.25],[122.74,-1.44],[122.8,-1.59],[122.88,-1.66],[123.04,-1.56],[123.16,-1.7],[123.41,-1.57],[123.41,-1.72],[123.51,-1.78],[123.64,-1.76],[123.7,-1.61],[123.61,-1.45],[123.6,-1.29]]],[[[121.6,-0.48],[121.6,-0.57],[121.91,-0.57],[121.98,-0.44],[121.89,-0.33],[121.73,-0.33],[121.6,-0.48]]],[[[120.61,-6.14],[120.62,-5.96],[120.54,-5.75],[120.44,-5.71],[120.37,-5.87],[120.36,-6.19],[120.4,-6.42],[120.52,-6.53],[120.6,-6.31],[120.61,-6.14]]],[[[115.28,-6.78],[115.19,-6.8],[115.15,-7],[115.29,-7.06],[115.55,-7.01],[115.62,-6.95],[115.58,-6.85],[115.43,-6.77],[115.28,-6.78]]],[[[122.75,-10.86],[122.76,-10.95],[122.97,-10.98],[123.26,-10.87],[123.36,-10.76],[123.48,-10.68],[123.42,-10.43],[123.34,-10.4],[123.22,-10.46],[123.03,-10.63],[122.8,-10.7],[122.75,-10.86]]],[[[103.9,0.8],[103.86,0.89],[103.74,0.96],[103.67,0.89],[103.67,0.79],[103.8,0.71],[103.9,0.8]]],[[[106.36,3.12],[106.33,3.27],[106.2,3.31],[106.12,3.23],[106.15,3.08],[106.25,3.03],[106.36,3.12]]],[[[105.83,2.83],[105.9,3],[105.73,3.12],[105.64,3.11],[105.63,2.88],[105.68,2.8],[105.83,2.83]]],[[[108.92,2.83],[108.96,2.88],[108.93,3.06],[108.82,3.05],[108.72,2.87],[108.8,2.79],[108.92,2.83]]],[[[108.92,-1.71],[109.02,-1.67],[109.02,-1.52],[108.87,-1.46],[108.74,-1.54],[108.81,-1.73],[108.92,-1.71]]],[[[114.47,-7.18],[114.43,-7.02],[114.29,-7.01],[114.23,-7.09],[114.31,-7.23],[114.43,-7.24],[114.47,-7.18]]],[[[112.77,-5.87],[112.8,-5.72],[112.71,-5.65],[112.61,-5.66],[112.5,-5.79],[112.55,-5.91],[112.74,-5.92],[112.77,-5.87]]],[[[97.37,2.22],[97.34,2.26],[97.15,2.31],[97.04,2.19],[97.28,2],[97.41,2.07],[97.37,2.22]]],[[[95.41,5.76],[95.42,5.93],[95.23,5.98],[95.15,5.9],[95.24,5.74],[95.41,5.76]]],[[[123.92,-1.95],[123.84,-1.83],[123.74,-1.82],[123.7,-1.93],[123.76,-2.05],[123.86,-2.07],[123.92,-1.95]]],[[[123.17,-1.91],[123.23,-1.83],[123.17,-1.71],[123.06,-1.73],[123,-1.85],[123.04,-1.96],[123.17,-1.91]]],[[[119.63,-8.54],[119.59,-8.43],[119.44,-8.36],[119.36,-8.43],[119.3,-8.57],[119.32,-8.77],[119.42,-8.83],[119.53,-8.78],[119.52,-8.69],[119.63,-8.54]]],[[[124.1,-5.91],[124.08,-5.85],[123.94,-5.82],[123.9,-5.97],[124.03,-6.09],[124.08,-6.08],[124.1,-5.91]]],[[[123.7,-5.33],[123.69,-5.23],[123.54,-5.18],[123.47,-5.24],[123.49,-5.37],[123.55,-5.43],[123.67,-5.43],[123.7,-5.33]]],[[[120.73,-7.19],[120.82,-7.17],[120.84,-7.02],[120.66,-6.95],[120.57,-6.98],[120.57,-7.12],[120.73,-7.19]]],[[[134.39,-2.19],[134.49,-2.04],[134.42,-1.96],[134.29,-1.99],[134.26,-2.09],[134.32,-2.2],[134.39,-2.19]]],[[[129.47,0.01],[129.35,0.1],[129.24,0.07],[129.32,-0.12],[129.47,-0.26],[129.6,-0.23],[129.61,-0.1],[129.47,0.01]]],[[[127.51,0.12],[127.47,0.2],[127.35,0.15],[127.33,-0.01],[127.44,-0.11],[127.53,-0.01],[127.51,0.12]]],[[[125.31,2.81],[125.28,2.75],[125.33,2.61],[125.42,2.56],[125.53,2.76],[125.49,2.84],[125.37,2.87],[125.31,2.81]]],[[[128.5,-7.06],[128.46,-7.13],[128.62,-7.29],[128.75,-7.22],[128.75,-7.1],[128.64,-6.99],[128.5,-7.06]]],[[[127.53,-7.62],[127.53,-7.49],[127.32,-7.46],[127.29,-7.63],[127.33,-7.71],[127.45,-7.69],[127.53,-7.62]]],[[[121.97,-10.62],[122.05,-10.57],[122.06,-10.41],[121.96,-10.36],[121.83,-10.37],[121.63,-10.55],[121.69,-10.64],[121.83,-10.68],[121.97,-10.62]]],[[[127.68,-3.3],[127.58,-3.17],[127.42,-3.28],[127.49,-3.4],[127.61,-3.43],[127.68,-3.3]]]]},"properties":{"ISO_A2_EH":"ID"}},
{"type":"Feature","geometry":{"type":"MultiPolygon","coordinates":[[[[68.12,23.69],[68.19,23.54],[68.34,23.55],[68.58,23.14],[68.77,22.99],[69.21,22.78],[69.66,22.69],[69.77,22.71],[69.89,22.79],[70.14,22.88],[70.28,22.88],[70.13,22.64],[69.98,22.62],[69.8,22.53],[69.7,22.54],[69.28,22.37],[69.18,22.48],[69.03,22.52],[68.91,22.42],[68.89,22.28],[68.94,22.16],[69.14,21.94],[69.33,21.79],[69.49,21.63],[69.69,21.46],[69.98,21.13],[70.08,21.04],[70.44,20.78],[70.7,20.67],[70.88,20.64],[71.05,20.67],[71.43,20.81],[71.61,20.91],[72.06,21.1],[72.14,21.18],[72.33,21.51],[72.33,21.68],[72.22,21.84],[72.21,21.93],[72.3,21.98],[72.39,22.19],[72.48,22.18],[72.45,21.99],[72.52,21.91],[72.48,21.65],[72.7,21.63],[72.56,21.51],[72.54,21.39],[72.63,21.14],[72.75,21.06],[72.8,20.82],[72.81,20.58],[72.63,20.1],[72.59,19.83],[72.69,19.39],[72.74,19.3],[72.73,19.07],[72.83,18.81],[72.79,18.69],[72.84,18.55],[72.92,18.08],[73.08,17.61],[73.07,17.52],[73.17,17.18],[73.26,16.44],[73.41,16.03],[73.54,15.84],[73.62,15.67],[73.78,15.46],[73.73,15.4],[73.82,15.27],[73.88,15.04],[74.31,14.47],[74.43,14.02],[74.54,13.82],[74.6,13.65],[74.61,13.5],[74.7,13.06],[74.8,12.82],[74.88,12.54],[75.14,12.02],[75.26,11.91],[75.46,11.66],[75.66,11.33],[75.78,11.03],[75.85,10.76],[76.12,10.19],[76.12,10.07],[76.18,9.96],[76.25,9.43],[76.34,9.21],[76.4,9.13],[76.49,8.86],[76.56,8.8],[76.91,8.36],[77.27,8.08],[77.53,8],[77.62,8.07],[77.8,8.12],[78.12,8.34],[78.2,8.49],[78.21,8.65],[78.26,8.86],[78.46,9.04],[78.99,9.2],[79.2,9.18],[79.39,9.12],[79.47,9.24],[79.29,9.35],[79.06,9.4],[79,9.47],[79.06,9.65],[79.33,10.01],[79.33,10.15],[79.42,10.24],[79.53,10.26],[79.77,10.23],[79.89,10.28],[79.92,10.77],[79.92,11.2],[79.85,11.39],[79.83,11.58],[79.93,11.96],[80.04,12.19],[80.21,12.42],[80.3,12.67],[80.42,13.38],[80.32,13.7],[80.3,13.88],[80.19,14.21],[80.24,14.33],[80.24,14.59],[80.17,14.81],[80.13,15.07],[80.17,15.3],[80.35,15.67],[80.43,15.73],[80.66,15.82],[80.8,15.7],[81.02,15.7],[81.09,15.84],[81.2,15.92],[81.31,16.23],[81.41,16.29],[81.77,16.26],[82.18,16.42],[82.31,16.51],[82.4,16.64],[82.44,16.78],[82.36,16.95],[82.42,17.05],[82.63,17.21],[83.02,17.4],[83.25,17.55],[83.44,17.74],[83.7,18.01],[84.16,18.24],[84.24,18.36],[84.52,18.65],[84.82,19.02],[84.84,19.09],[85.27,19.45],[85.59,19.62],[85.88,19.72],[86.32,19.86],[86.55,20.12],[86.81,20.26],[86.84,20.4],[86.99,20.58],[87.05,20.7],[87.01,20.77],[86.92,21.11],[86.93,21.21],[87.15,21.44],[87.23,21.48],[87.71,21.59],[87.87,21.67],[87.98,21.68],[88.09,21.57],[88.25,21.55],[88.32,21.62],[88.43,21.53],[88.64,21.6],[88.74,21.51],[88.86,21.59],[88.97,21.57],[89.11,21.61],[89.12,21.73],[89.06,21.86],[89.05,22.27],[88.92,22.63],[88.9,22.84],[88.85,23.04],[88.93,23.19],[88.72,23.25],[88.74,23.44],[88.57,23.67],[88.7,24],[88.73,24.23],[88.64,24.33],[88.4,24.39],[88.29,24.48],[88.15,24.49],[88.02,24.63],[88.15,24.91],[88.31,24.88],[88.37,24.96],[88.46,25.19],[88.75,25.17],[88.89,25.19],[88.94,25.29],[88.82,25.37],[88.77,25.49],[88.59,25.5],[88.45,25.57],[88.25,25.79],[88.08,25.89],[88.15,26.09],[88.44,26.37],[88.35,26.5],[88.42,26.57],[88.52,26.52],[88.68,26.35],[88.68,26.29],[88.97,26.25],[88.92,26.38],[89.07,26.38],[89.11,26.2],[89.29,26.04],[89.47,25.98],[89.55,26.01],[89.62,26.22],[89.71,26.17],[89.82,25.94],[89.8,25.84],[89.82,25.56],[89.81,25.31],[90.25,25.18],[90.44,25.16],[91.29,25.18],[91.48,25.14],[92.05,25.17],[92.2,25.11],[92.47,24.94],[92.44,24.85],[92.25,24.9],[92.2,24.69],[92.06,24.37],[91.95,24.36],[91.88,24.2],[91.67,24.19],[91.53,24.09],[91.37,24.09],[91.23,23.92],[91.16,23.66],[91.25,23.37],[91.32,23.1],[91.44,23.2],[91.51,23.03],[91.62,22.98],[91.77,23.11],[91.75,23.29],[91.94,23.5],[91.93,23.69],[92.13,23.72],[92.25,23.68],[92.33,23.32],[92.36,22.93],[92.49,22.69],[92.57,21.98],[92.69,22.13],[92.85,22.01],[92.96,22],[93.07,22.21],[93.15,22.23],[93.16,22.36],[93.08,22.72],[93.16,22.91],[93.15,23],[93.31,23.03],[93.37,23.13],[93.41,23.68],[93.31,24.02],[93.36,24.07],[93.49,23.97],[93.68,24.01],[94.13,23.88],[94.29,24.32],[94.4,24.51],[94.58,24.77],[94.71,25.05],[94.68,25.14],[94.55,25.24],[94.62,25.41],[94.79,25.52],[94.99,25.77],[95.02,25.91],[95.13,26.04],[95.07,26.19],[95.06,26.47],[95.13,26.6],[95.46,26.76],[95.91,27.05],[96.06,27.22],[96.27,27.28],[96.67,27.34],[96.8,27.3],[96.88,27.18],[97.04,27.1],[97.1,27.16],[96.9,27.44],[96.9,27.64],[97.23,27.89],[97.34,27.94],[97.3,28.09],[97.32,28.22],[97.08,28.37],[96.98,28.34],[96.78,28.37],[96.6,28.46],[96.43,28.41],[96.28,28.43],[96.4,28.61],[96.58,28.76],[96.44,29.05],[96.16,28.91],[96.12,29.08],[96.34,29.21],[96.23,29.25],[96.04,29.45],[95.71,29.31],[95.52,29.21],[95.42,29.05],[95.28,29.05],[95,29.15],[94.77,29.18],[94.62,29.31],[94.29,29.14],[93.9,28.8],[93.66,28.69],[93.36,28.65],[93.21,28.59],[93.12,28.4],[92.88,28.23],[92.7,28.15],[92.64,28.06],[92.66,27.95],[92.41,27.82],[92.1,27.81],[91.98,27.73],[91.63,27.76],[91.59,27.56],[91.74,27.44],[91.99,27.45],[92.08,27.29],[91.99,27.1],[92.07,26.91],[92,26.85],[91.84,26.85],[91.67,26.8],[91.52,26.81],[91.43,26.87],[91.29,26.79],[91.13,26.8],[90.74,26.77],[90.56,26.8],[90.35,26.89],[90.21,26.85],[90.12,26.75],[89.76,26.7],[89.33,26.85],[89.15,26.82],[88.86,26.96],[88.84,27.07],[88.74,27.18],[88.89,27.32],[88.76,27.43],[88.75,27.52],[88.85,27.87],[88.8,28.01],[88.62,28.09],[88.43,28.01],[88.11,27.93],[88.11,27.87],[88.15,27.75],[88.02,27.41],[87.98,27.13],[88.11,26.93],[88.16,26.72],[88.05,26.43],[88,26.38],[87.85,26.44],[87.63,26.4],[87.41,26.42],[87.29,26.36],[87.09,26.43],[87.02,26.56],[86.7,26.44],[86.37,26.57],[86.01,26.65],[85.86,26.6],[85.74,26.64],[85.7,26.78],[85.57,26.84],[85.29,26.74],[85.15,26.85],[85.02,26.88],[84.69,27.04],[84.61,27.3],[84.23,27.43],[84.09,27.49],[83.9,27.44],[83.83,27.38],[83.45,27.47],[83.29,27.37],[83.06,27.44],[82.73,27.52],[82.68,27.67],[82.45,27.67],[82.11,27.86],[81.99,27.91],[81.85,27.87],[81.49,28.06],[81.31,28.18],[81.17,28.34],[80.75,28.54],[80.59,28.65],[80.42,28.61],[80.07,28.83],[80.05,28.87],[80.13,29.1],[80.23,29.19],[80.25,29.42],[80.4,29.73],[80.55,29.9],[80.91,30.17],[81.01,30.16],[80.99,30.24],[80.68,30.41],[80.26,30.56],[80.19,30.57],[80.19,30.76],[80.08,30.78],[79.79,30.97],[79.57,30.95],[79.34,31.11],[79.11,31.4],[78.97,31.33],[78.79,31.29],[78.73,31.47],[78.8,31.62],[78.69,31.74],[78.74,31.96],[78.5,32.22],[78.39,32.52],[78.41,32.56],[78.7,32.6],[78.77,32.47],[78.92,32.36],[79.07,32.39],[79.22,32.5],[79.23,32.7],[79.2,32.95],[79.11,33.02],[79.11,33.23],[78.95,33.35],[78.8,33.5],[78.78,33.81],[78.73,34.01],[78.75,34.09],[78.97,34.23],[78.94,34.35],[78.67,34.52],[78.33,34.61],[78.28,34.65],[78.01,35.25],[78.05,35.45],[77.8,35.5],[77.05,35.11],[77,34.99],[76.78,34.9],[76.59,34.74],[76.46,34.76],[76.17,34.67],[76.04,34.67],[75.71,34.5],[75.45,34.54],[75.19,34.64],[74.95,34.65],[74.3,34.77],[73.96,34.65],[73.81,34.42],[73.81,34.33],[73.92,34.29],[73.98,34.19],[73.9,34.11],[73.95,34.02],[74.25,33.99],[74.22,33.89],[74,33.79],[74,33.63],[74.15,33.51],[74.12,33.38],[73.99,33.24],[74.13,33.08],[74.3,32.99],[74.35,32.77],[74.66,32.76],[74.66,32.52],[74.79,32.46],[74.99,32.46],[75.23,32.37],[75.33,32.28],[75.25,32.14],[75.07,32.09],[74.74,31.95],[74.56,31.82],[74.51,31.71],[74.59,31.47],[74.52,31.19],[74.63,31.03],[74.38,30.89],[74.22,30.77],[74.01,30.52],[73.9,30.44],[73.93,30.22],[73.81,30.09],[73.38,29.93],[73.23,29.55],[73.13,29.36],[72.9,29.03],[72.34,28.75],[72.29,28.7],[72.18,28.42],[71.95,28.18],[71.87,27.96],[71.54,27.87],[71.18,27.83],[70.87,27.71],[70.74,27.73],[70.65,27.84],[70.63,27.94],[70.49,28.02],[70.4,28.03],[70.14,27.85],[69.9,27.47],[69.57,27.17],[69.47,26.8],[69.51,26.74],[69.74,26.63],[70.06,26.58],[70.16,26.47],[70.13,26.21],[70.08,26.07],[70.1,25.91],[70.26,25.71],[70.65,25.67],[70.65,25.42],[70.88,25.06],[71.05,24.69],[70.98,24.62],[70.97,24.49],[71.04,24.4],[70.89,24.34],[70.72,24.24],[70.58,24.28],[70.55,24.42],[70.1,24.29],[70.02,24.19],[69.72,24.17],[69.56,24.27],[69.12,24.27],[68.9,24.29],[68.73,24.27],[68.72,23.96],[68.49,23.97],[68.28,23.93],[68.17,23.86],[68.12,23.69]]],[[[93.89,7.28],[93.7,7.48],[93.56,7.41],[93.51,7.31],[93.58,7.22],[93.59,7.02],[93.66,6.94],[93.76,6.72],[93.85,6.68],[93.96,6.8],[94,6.97],[93.92,7.25],[93.89,7.28]]],[[[93.04,8.2],[93.08,8.15],[93.24,8.2],[93.16,8.38],[93.08,8.42],[93.01,8.36],[92.98,8.26],[93.04,8.2]]],[[[93.51,7.94],[93.62,8.03],[93.6,8.25],[93.47,8.29],[93.38,8.19],[93.39,8.1],[93.29,8.07],[93.22,7.96],[93.32,7.8],[93.49,7.82],[93.51,7.94]]],[[[92.78,9.06],[92.89,9.17],[92.84,9.31],[92.75,9.32],[92.64,9.23],[92.65,9.14],[92.78,9.06]]],[[[92.6,10.88],[92.53,10.97],[92.4,10.92],[92.28,10.76],[92.31,10.51],[92.5,10.44],[92.65,10.7],[92.6,10.88]]],[[[92.76,11.48],[92.84,11.62],[92.87,11.87],[92.83,11.98],[92.94,12.15],[92.94,12.38],[93.07,12.52],[93.04,12.88],[92.98,12.95],[93.11,13.13],[93.16,13.38],[93.11,13.6],[93.01,13.61],[92.87,13.54],[92.78,13.37],[92.79,13.24],[92.73,13.03],[92.6,12.96],[92.61,12.8],[92.68,12.68],[92.65,12.55],[92.66,12.29],[92.57,12.13],[92.56,12.03],[92.45,11.87],[92.58,11.54],[92.52,11.37],[92.64,11.28],[92.76,11.35],[92.76,11.48]]],[[[93.11,11.99],[93.05,12.1],[92.96,12.1],[92.88,12.02],[92.93,11.91],[93.02,11.84],[93.13,11.86],[93.11,11.99]]],[[[72.83,11.15],[72.88,11.29],[72.78,11.33],[72.7,11.19],[72.83,11.15]]],[[[73.11,8.21],[73.16,8.33],[73.1,8.39],[72.98,8.33],[72.98,8.19],[73.11,8.21]]]]},"properties":{"ISO_A2_EH":"IN"}},
{"type":"Feature","geometry":{"type":"Polygon","coordinates":[[[-24.16,64.81],[-23.83,64.66],[-23.34,64.75],[-22.45,64.69],[-22.43,64.55],[-22.17,64.46],[-22.17,64.13],[-22.45,64.08],[-22.77,64.15],[-22.91,64.02],[-22.85,63.85],[-22.71,63.76],[-21.4,63.79],[-21.24,63.83],[-20.65,63.66],[-20.26,63.48],[-19.83,63.47],[-19.29,63.37],[-18.64,63.33],[-18.03,63.42],[-17.82,63.49],[-17.58,63.68],[-16.57,63.8],[-16.36,63.86],[-15.96,64.05],[-15.43,64.19],[-14.98,64.22],[-14.42,64.4],[-14.09,64.64],[-13.81,64.74],[-13.66,64.94],[-13.46,64.99],[-13.39,65.14],[-13.49,65.21],[-13.45,65.54],[-13.58,65.62],[-14.16,65.72],[-14.27,65.85],[-14.52,65.88],[-14.62,66.11],[-14.76,66.24],[-14.4,66.34],[-14.49,66.44],[-14.89,66.45],[-15.46,66.3],[-15.86,66.57],[-16.29,66.59],[-16.62,66.54],[-16.73,66.46],[-16.61,66.27],[-16.81,66.2],[-17.1,66.28],[-17.26,66.27],[-17.55,66.08],[-17.83,66.21],[-18.41,66.21],[-18.97,66.25],[-19.51,66.14],[-19.63,65.99],[-20.21,66.18],[-20.53,66.05],[-20.52,65.83],[-21.1,65.6],[-21.3,65.66],[-21.13,65.87],[-21.25,66.07],[-21.5,66.14],[-21.83,66.31],[-22.33,66.49],[-22.92,66.51],[-23.3,66.38],[-23.34,66.25],[-23.7,66.21],[-23.91,66.1],[-24.02,65.86],[-24.21,65.84],[-24.26,65.69],[-24.45,65.66],[-24.67,65.54],[-24.58,65.44],[-24.28,65.42],[-23.93,65.33],[-23.05,65.47],[-22.5,65.47],[-22.42,65.35],[-22.68,65.18],[-23.06,65.05],[-23.88,65],[-24.15,64.94],[-24.16,64.81]]]},"properties":{"ISO_A2_EH":"IS"}},
{"type":"Feature","geometry":{"type":"Polygon","coordinates":[[[22.13,48.41],[21.77,48.34],[21.45,48.55],[21.07,48.51],[20.87,48.55],[20.49,48.53],[20.33,48.3],[19.9,48.13],[19.63,48.22],[19.47,48.11],[19.27,48.07],[18.91,48.05],[18.79,48],[18.72,47.79],[18.15,47.76],[17.76,47.77],[17.64,47.81],[17.32,47.99],[17.15,48.01],[17.03,47.84],[17.07,47.71],[16.75,47.69],[16.55,47.75],[16.43,47.66],[16.64,47.61],[16.62,47.45],[16.43,47.37],[16.42,47.22],[16.49,47.12],[16.45,47.01],[16.25,46.97],[16.09,46.86],[16.28,46.86],[16.38,46.64],[16.52,46.5],[16.75,46.42],[16.94,46.25],[17.15,46.14],[17.31,46],[17.61,45.91],[17.71,45.83],[17.96,45.77],[18.44,45.77],[18.67,45.91],[18.91,45.93],[19.09,46.02],[19.21,45.98],[19.39,46.05],[19.53,46.16],[20.16,46.14],[20.24,46.11],[20.51,46.17],[20.61,46.13],[20.84,46.26],[21.04,46.24],[21.15,46.3],[21.32,46.61],[21.5,46.7],[21.49,46.79],[21.65,46.96],[21.66,47.04],[21.79,47.14],[21.87,47.3],[22,47.4],[22,47.51],[22.29,47.73],[22.68,47.8],[22.88,47.95],[22.77,48.11],[22.58,48.13],[22.35,48.26],[22.25,48.41],[22.13,48.41]]]},"properties":{"ISO_A2_EH":"HU"}},
{"type":"Feature","geometry":{"type":"MultiPolygon","coordinates":[[[[-83.1,15.04],[-83.23,15.13],[-83.31,15.29],[-83.71,15.48],[-84.23,15.89],[-84.61,15.95],[-84.97,16.06],[-85.18,15.99],[-85.47,15.97],[-85.77,16.07],[-85.99,16.1],[-86.05,15.99],[-86.21,15.95],[-86.37,15.86],[-86.77,15.87],[-86.91,15.84],[-87.28,15.91],[-87.47,15.87],[-87.58,15.98],[-87.9,15.95],[-88.15,15.78],[-88.2,15.8],[-88.23,15.73],[-88.68,15.36],[-88.98,15.14],[-89.14,15.07],[-89.22,14.87],[-89.17,14.61],[-89.29,14.53],[-89.36,14.42],[-89.06,14.33],[-88.85,14.12],[-88.67,14.02],[-88.51,13.98],[-88.45,13.85],[-88.15,13.99],[-87.99,13.88],[-87.8,13.89],[-87.72,13.81],[-87.83,13.39],[-87.75,13.3],[-87.6,13.31],[-87.41,13],[-87.34,12.98],[-87.06,12.99],[-86.96,13.05],[-86.92,13.22],[-86.71,13.31],[-86.77,13.7],[-86.73,13.76],[-86.33,13.77],[-86.15,13.99],[-86.04,14.05],[-85.98,13.97],[-85.79,13.84],[-85.68,13.98],[-85.48,14.11],[-85.37,14.22],[-85.18,14.34],[-85.16,14.53],[-85.04,14.61],[-84.99,14.75],[-84.86,14.81],[-84.79,14.79],[-84.65,14.66],[-84.54,14.63],[-84.39,14.69],[-84.11,14.73],[-84.07,14.79],[-83.87,14.79],[-83.59,14.91],[-83.54,14.98],[-83.42,15.01],[-83.16,14.99],[-83.1,15.04]]],[[[-86.53,16.45],[-86.68,16.36],[-86.69,16.25],[-86.56,16.23],[-86.23,16.36],[-86.19,16.46],[-86.34,16.51],[-86.53,16.45]]],[[[-85.86,16.38],[-85.78,16.45],[-85.77,16.55],[-85.9,16.59],[-86.05,16.43],[-85.96,16.33],[-85.86,16.38]]]]},"properties":{"ISO_A2_EH":"HN"}},
{"type":"Feature","geometry":{"type":"MultiPolygon","coordinates":[[[[-71.82,17.99],[-71.77,17.97],[-71.76,18.34],[-71.87,18.42],[-72,18.6],[-71.87,18.61],[-71.74,18.73],[-71.73,18.86],[-71.81,18.99],[-71.66,19.13],[-71.65,19.2],[-71.75,19.29],[-71.71,19.42],[-71.76,19.69],[-71.81,19.78],[-72.2,19.82],[-72.58,19.95],[-72.55,20.03],[-72.77,20.16],[-72.93,20.16],[-73.13,19.97],[-73.35,19.92],[-73.46,19.86],[-73.52,19.72],[-73.45,19.6],[-73.07,19.54],[-72.8,19.41],[-72.89,19.08],[-72.7,18.84],[-72.43,18.63],[-72.65,18.62],[-72.75,18.52],[-72.91,18.53],[-73.57,18.59],[-73.67,18.64],[-73.85,18.65],[-74.23,18.74],[-74.44,18.68],[-74.56,18.46],[-74.46,18.29],[-74.23,18.2],[-74.04,18.09],[-73.9,17.96],[-73.77,18],[-73.76,18.08],[-73.62,18.16],[-73.39,18.18],[-72.88,18.08],[-72.62,18.11],[-72.49,18.15],[-72.07,18.16],[-71.99,18.12],[-71.82,17.99]]],[[[-72.74,18.73],[-72.72,18.81],[-72.88,18.92],[-73.16,19.04],[-73.33,19.01],[-73.35,18.86],[-73.11,18.73],[-72.85,18.64],[-72.74,18.73]]]]},"properties":{"ISO_A2_EH":"HT"}},
{"type":"Feature","geometry":{"type":"Polygon","coordinates":[[[-60.74,5.2],[-60.34,5.2],[-60.24,5.26],[-60.14,5.24],[-59.99,5.08],[-60.03,4.74],[-60.12,4.6],[-60.11,4.51],[-59.83,4.48],[-59.7,4.38],[-59.74,4.23],[-59.55,3.93],[-59.68,3.7],[-59.85,3.59],[-59.83,3.35],[-59.87,3.28],[-59.97,2.99],[-59.99,2.69],[-59.89,2.36],[-59.76,2.27],[-59.76,1.9],[-59.67,1.84],[-59.67,1.75],[-59.54,1.7],[-59.23,1.38],[-58.97,1.3],[-58.86,1.2],[-58.68,1.28],[-58.51,1.28],[-58.51,1.44],[-58.4,1.48],[-58.34,1.59],[-58.03,1.52],[-57.98,1.65],[-57.8,1.7],[-57.59,1.7],[-57.5,1.77],[-57.41,1.91],[-57.12,2.01],[-57.04,1.94],[-56.84,1.88],[-56.48,1.94],[-56.56,2.01],[-56.7,2.04],[-56.84,2.28],[-56.93,2.4],[-57.03,2.64],[-57.21,2.88],[-57.23,3.11],[-57.28,3.16],[-57.3,3.38],[-57.55,3.35],[-57.65,3.39],[-57.65,3.52],[-57.83,3.68],[-57.91,3.86],[-58.03,4],[-58.05,4.17],[-57.95,4.35],[-57.85,4.67],[-57.92,4.82],[-57.84,4.92],[-57.71,4.99],[-57.33,5.02],[-57.31,5.11],[-57.21,5.21],[-57.32,5.34],[-57.19,5.55],[-57.11,5.99],[-57.17,6.22],[-57.31,6.34],[-57.49,6.39],[-57.55,6.5],[-57.74,6.65],[-57.94,6.85],[-58.29,6.95],[-58.41,7.02],[-58.4,7.34],[-58.57,7.6],[-58.76,7.79],[-59.16,8.13],[-59.64,8.43],[-59.79,8.43],[-59.99,8.61],[-60.02,8.55],[-59.83,8.31],[-59.96,8.19],[-60.03,8.05],[-60.18,7.99],[-60.38,7.83],[-60.51,7.81],[-60.72,7.5],[-60.61,7.32],[-60.63,7.21],[-60.52,7.14],[-60.33,7.13],[-60.4,6.95],[-60.72,6.77],[-60.87,6.79],[-60.94,6.73],[-61.15,6.69],[-61.2,6.59],[-61.15,6.45],[-61.13,6.21],[-61.3,6.05],[-61.38,5.91],[-60.74,5.2]]]},"properties":{"ISO_A2_EH":"GY"}},
{"type":"Feature","geometry":{"type":"MultiPolygon","coordinates":[[[[-16.76,12.3],[-16.44,12.13],[-16.32,11.92],[-16.21,11.87],[-16.15,11.71],[-15.98,11.74],[-15.81,11.69],[-15.62,11.75],[-15.58,11.68],[-15.67,11.58],[-15.68,11.5],[-15.59,11.45],[-15.47,11.32],[-15.46,11.18],[-15.27,10.98],[-15.12,10.92],[-15,10.99],[-14.78,11.41],[-14.68,11.51],[-14.45,11.56],[-14.27,11.66],[-13.95,11.66],[-13.73,11.74],[-13.74,12.01],[-13.95,12.18],[-13.85,12.26],[-13.71,12.31],[-13.67,12.48],[-13.73,12.67],[-14.35,12.68],[-15.2,12.68],[-15.57,12.49],[-15.84,12.44],[-16.14,12.46],[-16.42,12.37],[-16.66,12.36],[-16.76,12.3]]],[[[-16.06,11.01],[-15.86,11],[-15.8,11.12],[-15.68,11.12],[-15.59,11.31],[-15.74,11.38],[-15.85,11.21],[-15.94,11.26],[-16.1,11.27],[-16.3,11.15],[-16.23,10.97],[-16.06,11.01]]],[[[-15.88,11.39],[-15.82,11.43],[-15.86,11.64],[-16,11.68],[-16.09,11.55],[-16.1,11.45],[-16.04,11.39],[-15.88,11.39]]]]},"properties":{"ISO_A2_EH":"GW"}},
{"type":"Feature","geometry":{"type":"Polygon","coordinates":[[[-10.28,8.49],[-10.15,8.52],[-10.06,8.43],[-9.77,8.53],[-9.52,8.35],[-9.44,7.87],[-9.37,7.64],[-9.46,7.44],[-9.26,7.38],[-9.12,7.22],[-8.96,7.27],[-8.89,7.26],[-8.74,7.5],[-8.71,7.66],[-8.58,7.68],[-8.49,7.56],[-8.43,7.6],[-8.23,7.56],[-8.12,7.76],[-8.13,7.87],[-8.01,8.08],[-8.02,8.14],[-8.26,8.25],[-8.24,8.46],[-8.05,8.5],[-7.82,8.47],[-7.68,8.41],[-7.69,8.56],[-7.78,8.72],[-7.95,8.79],[-7.94,8.98],[-7.78,9.08],[-7.92,9.19],[-7.9,9.42],[-8.03,9.4],[-8.14,9.5],[-8.14,10.02],[-7.99,10.16],[-8.01,10.32],[-8.23,10.44],[-8.27,10.49],[-8.32,10.75],[-8.31,10.9],[-8.34,10.99],[-8.47,11.05],[-8.56,11],[-8.66,11.04],[-8.52,11.24],[-8.43,11.3],[-8.41,11.39],[-8.66,11.51],[-8.71,11.62],[-8.82,11.67],[-8.82,11.92],[-9.04,12.4],[-9.22,12.48],[-9.37,12.48],[-9.33,12.32],[-9.36,12.26],[-9.49,12.23],[-9.66,12.14],[-9.71,12.04],[-9.82,12.04],[-10.27,12.21],[-10.47,12.14],[-10.68,11.9],[-10.74,11.93],[-10.93,12.21],[-11.07,12.17],[-11.21,12.02],[-11.31,12.02],[-11.5,12.2],[-11.39,12.4],[-11.57,12.43],[-11.81,12.39],[-12.04,12.4],[-12.29,12.33],[-12.4,12.34],[-12.8,12.45],[-12.93,12.53],[-13.06,12.49],[-13.08,12.63],[-13.73,12.67],[-13.67,12.48],[-13.71,12.31],[-13.85,12.26],[-13.95,12.18],[-13.74,12.01],[-13.73,11.74],[-13.95,11.66],[-14.27,11.66],[-14.45,11.56],[-14.68,11.51],[-14.78,11.41],[-15,10.99],[-15.12,10.92],[-15.13,10.8],[-15.04,10.73],[-14.93,10.74],[-14.87,10.89],[-14.68,10.53],[-14.48,10.19],[-14.09,10.02],[-14,9.91],[-13.75,9.8],[-13.73,9.65],[-13.75,9.49],[-13.6,9.47],[-13.5,9.38],[-13.46,9.28],[-13.35,9.16],[-13.36,9.03],[-13.23,9.07],[-13.13,9.05],[-13.03,9.1],[-12.96,9.26],[-12.83,9.3],[-12.76,9.37],[-12.56,9.7],[-12.5,9.86],[-12.28,9.93],[-12.14,9.88],[-11.92,9.92],[-11.91,9.99],[-11.27,10],[-11.21,9.98],[-11.05,9.79],[-10.86,9.52],[-10.69,9.31],[-10.75,9.12],[-10.62,9.06],[-10.61,8.87],[-10.5,8.69],[-10.63,8.53],[-10.71,8.34],[-10.56,8.32],[-10.39,8.48],[-10.28,8.49]]]},"properties":{"ISO_A2_EH":"GN"}},
{"type":"Feature","geometry":{"type":"Polygon","coordinates":[[[-92.28,14.49],[-91.86,14.17],[-91.68,14.05],[-91.4,13.92],[-91.16,13.85],[-90.61,13.86],[-90.5,13.83],[-90.13,13.67],[-90.1,13.83],[-89.87,14.05],[-89.75,14.08],[-89.67,14.18],[-89.55,14.24],[-89.54,14.41],[-89.36,14.42],[-89.29,14.53],[-89.17,14.61],[-89.22,14.87],[-89.14,15.07],[-88.98,15.14],[-88.68,15.36],[-88.23,15.73],[-88.2,15.8],[-88.55,16.01],[-88.64,16],[-88.68,15.9],[-88.83,15.94],[-88.94,15.89],[-89.24,15.89],[-89.21,16.53],[-89.16,17.81],[-90.18,17.82],[-90.99,17.82],[-90.99,17.25],[-91.41,17.26],[-91.22,17.11],[-91.11,16.98],[-90.98,16.87],[-90.71,16.71],[-90.63,16.51],[-90.42,16.39],[-90.46,16.16],[-90.45,16.07],[-91.74,16.07],[-92.19,15.32],[-92.2,15.24],[-92.07,15.07],[-92.14,15],[-92.19,14.82],[-92.16,14.69],[-92.28,14.49]]]},"properties":{"ISO_A2_EH":"GT"}},
{"type":"Feature","geometry":{"type":"Polygon","coordinates":[[[-61.54,12.13],[-61.55,12.26],[-61.68,12.32],[-61.78,12.23],[-61.85,12],[-61.7,11.94],[-61.56,12.01],[-61.54,12.13]]]},"properties":{"ISO_A2_EH":"GD"}},
{"type":"Feature","geometry":{"type":"MultiPolygon","coordinates":[[[[27.7,36.61],[27.83,36.47],[27.96,36.59],[27.92,36.67],[27.81,36.67],[27.7,36.61]]],[[[27.18,36.96],[27.02,37.11],[26.86,37.15],[26.8,37.11],[26.89,36.82],[26.83,36.71],[26.98,36.66],[27.19,36.71],[27.39,36.8],[27.37,36.93],[27.18,36.96]]],[[[27.12,37.77],[27.12,37.83],[26.84,37.88],[26.58,37.84],[26.49,37.71],[26.59,37.64],[26.86,37.57],[26.98,37.62],[27.12,37.77]]],[[[26.25,38.36],[26.24,38.58],[26.03,38.68],[25.77,38.62],[25.76,38.48],[25.88,38.38],[25.79,38.29],[25.82,38.2],[25.99,38.09],[26.17,38.17],[26.22,38.25],[26.25,38.36]]],[[[26.09,39.41],[26.01,39.36],[25.86,39.36],[25.74,39.21],[25.86,39.08],[26.06,39.03],[26.11,38.96],[26.38,38.9],[26.58,38.93],[26.69,39.04],[26.6,39.22],[26.5,39.29],[26.42,39.43],[26.09,39.41]]],[[[26.32,41.72],[26.2,41.74],[26.07,41.67],[26.16,41.43],[26.14,41.39],[25.92,41.31],[25.78,41.33],[25.25,41.24],[25.13,41.32],[24.85,41.39],[24.77,41.36],[24.6,41.44],[24.52,41.55],[24.39,41.52],[24.06,41.53],[23.64,41.39],[23.24,41.38],[23.16,41.32],[22.92,41.34],[22.76,41.31],[22.72,41.18],[22.49,41.12],[22.24,41.16],[21.93,41.11],[21.78,40.95],[21.58,40.87],[21.4,40.91],[21.32,40.87],[20.96,40.85],[21.03,40.66],[20.95,40.49],[20.81,40.45],[20.66,40.12],[20.46,40.07],[20.31,39.98],[20.38,39.84],[20.21,39.65],[19.98,39.71],[19.85,39.89],[19.55,39.8],[19.56,39.7],[19.73,39.55],[19.81,39.41],[20.07,39.31],[20.41,39.2],[20.7,38.96],[20.57,38.87],[20.47,38.67],[20.49,38.53],[20.44,38.43],[20.33,38.38],[20.26,38.24],[20.3,38.12],[20.46,38.05],[20.78,38],[20.88,38.16],[20.79,38.48],[20.81,38.61],[20.91,38.62],[21.04,38.34],[21.17,38.27],[21.37,38.31],[21.23,38.07],[21.03,37.9],[21.06,37.8],[21.21,37.73],[21.25,37.62],[21.5,37.49],[21.6,37.33],[21.49,37.23],[21.49,37.06],[21.66,36.82],[21.91,36.67],[22.02,36.79],[22.17,36.82],[22.29,36.68],[22.28,36.48],[22.37,36.42],[22.56,36.4],[22.58,36.55],[22.67,36.72],[22.92,36.48],[22.82,36.33],[22.88,36.12],[23.09,36.08],[23.19,36.25],[23.07,36.37],[23.25,36.43],[23.14,36.66],[23.16,36.77],[23.08,37.04],[22.93,37.33],[23.15,37.25],[23.56,37.4],[23.58,37.49],[23.47,37.63],[23.27,37.67],[23.24,37.82],[23.37,37.85],[23.54,37.83],[23.61,37.88],[23.93,37.6],[24.06,37.61],[24.14,37.68],[24.14,38.07],[24.31,37.95],[24.63,37.86],[24.94,37.63],[24.8,37.45],[24.87,37.32],[25,37.34],[25.04,37.53],[25.22,37.47],[25.24,37.36],[25.43,37.35],[25.54,37.4],[25.54,37.51],[25.34,37.59],[25.28,37.7],[25.09,37.76],[25.03,37.95],[24.91,37.98],[24.83,38.07],[24.67,38.03],[24.68,38.15],[24.6,38.22],[24.35,38.26],[24.28,38.46],[24.28,38.57],[24.14,38.74],[23.9,38.76],[23.55,38.89],[23.49,39],[23.36,39.1],[23.43,39.15],[23.37,39.32],[23.17,39.54],[23,39.66],[22.92,39.84],[22.68,40.07],[22.74,40.36],[22.82,40.35],[23.22,40.17],[23.24,40.07],[23.33,39.93],[23.63,39.85],[23.77,39.97],[23.96,39.89],[24.1,40.02],[24.05,40.15],[24.11,40.22],[24.28,40.09],[24.44,40.15],[24.28,40.38],[24.05,40.48],[23.85,40.68],[24.1,40.65],[24.29,40.73],[24.44,40.85],[24.42,40.61],[24.63,40.5],[24.85,40.58],[24.89,40.71],[24.83,40.79],[25.1,40.92],[25.23,40.86],[25.82,40.78],[25.95,40.69],[26.11,40.75],[26.33,40.95],[26.33,41.24],[26.62,41.4],[26.58,41.6],[26.32,41.72]],[[23.76,39.98],[23.54,40.12],[23.61,40.16],[23.76,39.98]],[[22.22,38.28],[22.45,38.33],[22.9,38.13],[22.81,38.08],[22.59,38.18],[22.22,38.28]]],[[[20.59,37.74],[20.76,37.61],[21.08,37.7],[20.95,37.86],[20.69,38],[20.52,37.87],[20.59,37.74]]],[[[23.82,39.05],[24.02,39.16],[24.05,39.3],[23.99,39.34],[23.82,39.28],[23.51,39.24],[23.6,39.03],[23.76,39],[23.82,39.05]]],[[[24.4,39],[24.36,38.85],[24.57,38.71],[24.77,38.82],[24.65,38.99],[24.46,39.05],[24.4,39]]],[[[27.3,35.76],[27.24,35.89],[27.07,35.83],[27.07,35.75],[26.97,35.6],[27.06,35.37],[27.17,35.34],[27.31,35.44],[27.26,35.63],[27.3,35.76]]],[[[25.54,36.89],[25.67,37.02],[25.68,37.17],[25.5,37.28],[25.35,37.18],[25.22,37.23],[25.08,37.16],[25,37.03],[25.08,36.93],[25.32,36.95],[25.44,36.86],[25.54,36.89]]],[[[25.56,36.43],[25.41,36.55],[25.34,36.52],[25.29,36.32],[25.46,36.27],[25.56,36.43]]],[[[25.44,36.62],[25.49,36.73],[25.29,36.86],[25.17,36.77],[25.22,36.68],[25.37,36.59],[25.44,36.62]]],[[[26.14,37.48],[26.36,37.57],[26.44,37.68],[26.31,37.74],[26.05,37.71],[25.92,37.6],[25.91,37.48],[26.14,37.48]]],[[[26.08,36.98],[25.99,37.01],[25.66,36.82],[25.76,36.71],[25.9,36.72],[26.14,36.87],[26.08,36.98]]],[[[26.25,36.47],[26.34,36.44],[26.55,36.57],[26.47,36.69],[26.33,36.7],[26.22,36.65],[26.18,36.51],[26.25,36.47]]],[[[24.29,37.46],[24.34,37.1],[24.49,37.03],[24.6,37.08],[24.61,37.24],[24.5,37.29],[24.59,37.41],[24.45,37.55],[24.5,37.65],[24.42,37.75],[24.26,37.74],[24.18,37.61],[24.29,37.46]]],[[[24.44,36.6],[24.6,36.62],[24.59,36.82],[24.33,36.81],[24.26,36.75],[24.28,36.59],[24.44,36.6]]],[[[24.74,36.85],[24.85,36.93],[24.76,37.09],[24.62,37.09],[24.59,36.94],[24.74,36.85]]],[[[25.66,40.34],[25.77,40.4],[25.74,40.51],[25.58,40.59],[25.42,40.55],[25.35,40.47],[25.55,40.32],[25.66,40.34]]],[[[25.16,39.76],[25.42,39.75],[25.53,39.95],[25.48,40.1],[25.05,40.07],[24.96,39.98],[24.97,39.81],[25.16,39.76]]],[[[28.19,36.5],[27.87,36.41],[27.62,36.2],[27.66,36.06],[27.62,35.95],[27.69,35.84],[27.9,35.87],[28.01,35.98],[28.16,36.03],[28.32,36.36],[28.29,36.49],[28.19,36.5]]],[[[23.47,35.35],[23.48,35.27],[23.61,35.16],[23.88,35.17],[24.44,35.09],[24.65,35.03],[24.67,34.91],[24.79,34.86],[25.22,34.89],[25.83,34.95],[26.18,34.95],[26.32,34.99],[26.4,35.34],[26.24,35.38],[26.13,35.29],[25.85,35.24],[25.85,35.35],[25.76,35.43],[25.47,35.38],[25.14,35.42],[25.04,35.48],[24.72,35.5],[24.36,35.43],[24.22,35.67],[24.05,35.66],[23.99,35.6],[23.71,35.72],[23.64,35.63],[23.49,35.57],[23.47,35.35]]]]},"properties":{"ISO_A2_EH":"GR"}},
{"type":"Feature","geometry":{"type":"Polygon","coordinates":[[[-0.07,11.12],[-0.3,11.17],[-0.43,11.09],[-0.49,11.01],[-0.65,10.93],[-0.7,10.99],[-1.04,11.01],[-1.23,11],[-1.54,11.02],[-1.6,11],[-2.75,10.99],[-2.83,11],[-2.91,10.73],[-2.91,10.59],[-2.79,10.4],[-2.78,10.08],[-2.75,9.91],[-2.77,9.66],[-2.7,9.48],[-2.67,9.28],[-2.75,9.11],[-2.65,8.96],[-2.6,8.8],[-2.51,8.21],[-2.61,8.15],[-2.61,8.05],[-2.79,7.93],[-2.9,7.69],[-2.96,7.45],[-2.99,7.2],[-3.17,6.94],[-3.24,6.81],[-3.24,6.54],[-3.2,6.35],[-3.11,6.09],[-3,5.71],[-2.96,5.64],[-2.79,5.6],[-2.75,5.43],[-2.8,5.18],[-2.95,5.12],[-3.09,5.13],[-3.13,5.02],[-2.74,4.94],[-2.42,4.86],[-2.11,4.69],[-1.98,4.69],[-1.74,4.82],[-1.6,4.92],[-1.05,5.11],[-0.77,5.16],[-0.63,5.26],[-0.45,5.33],[-0.31,5.44],[-0.1,5.5],[0.28,5.69],[0.76,5.69],[1,5.75],[1.11,5.95],[1.22,6.02],[1.19,6.15],[1.08,6.17],[0.98,6.32],[0.91,6.33],[0.74,6.45],[0.53,6.85],[0.58,7],[0.63,7.35],[0.51,7.44],[0.5,7.55],[0.61,7.73],[0.58,8.15],[0.69,8.3],[0.62,8.48],[0.42,8.65],[0.37,8.76],[0.49,8.85],[0.47,9.12],[0.53,9.36],[0.45,9.48],[0.26,9.5],[0.27,9.67],[0.32,9.69],[0.35,9.92],[0.36,10.24],[0.33,10.31],[-0.06,10.63],[-0.09,10.72],[-0.01,10.89],[0.01,11.02],[-0.07,11.12]]]},"properties":{"ISO_A2_EH":"GH"}},
{"type":"Feature","geometry":{"type":"Polygon","coordinates":[[[9.52,47.52],[9.75,47.58],[10.03,47.47],[10.1,47.38],[10.31,47.31],[10.4,47.42],[10.43,47.54],[10.87,47.52],[10.98,47.4],[11.3,47.42],[11.39,47.49],[11.72,47.58],[12.19,47.62],[12.2,47.71],[12.48,47.64],[12.69,47.67],[12.78,47.56],[13.01,47.48],[13.03,47.7],[12.9,47.72],[12.95,47.89],[12.76,48.08],[12.81,48.16],[13.08,48.28],[13.32,48.33],[13.41,48.39],[13.49,48.58],[13.68,48.52],[13.79,48.59],[13.81,48.77],[13.55,48.96],[13.44,48.96],[13.34,49.06],[13.14,49.16],[12.92,49.33],[12.81,49.33],[12.63,49.46],[12.39,49.74],[12.5,49.85],[12.46,49.96],[12.28,50.04],[12.28,50.18],[12.45,50.35],[12.77,50.43],[12.97,50.42],[13.02,50.49],[13.24,50.58],[13.47,50.62],[13.53,50.69],[13.9,50.76],[14.37,50.9],[14.32,51.04],[14.51,51.01],[14.72,50.81],[14.81,50.86],[14.96,51.1],[15.02,51.25],[14.91,51.46],[14.72,51.52],[14.74,51.63],[14.6,51.83],[14.75,52.08],[14.71,52.21],[14.55,52.36],[14.62,52.53],[14.51,52.65],[14.13,52.88],[14.19,52.98],[14.37,53.11],[14.41,53.28],[14.3,53.56],[14.27,53.8],[14.2,53.92],[14.29,54.01],[13.9,54.18],[13.81,54.52],[13.72,54.63],[13.49,54.76],[13.28,54.77],[13.12,54.67],[13.05,54.48],[12.53,54.55],[12.04,54.24],[11.76,54.22],[11.39,54.02],[11.12,54.08],[11.19,54.28],[11.37,54.37],[11.33,54.56],[11.07,54.61],[10.94,54.56],[10.9,54.44],[10.74,54.4],[10.37,54.52],[10.15,54.56],[10.14,54.7],[10.02,54.81],[9.73,54.86],[9.34,54.81],[8.9,54.9],[8.67,54.9],[8.54,54.96],[8.53,54.99],[8.48,55.12],[8.34,55.12],[8.17,54.93],[8.16,54.77],[8.41,54.62],[8.6,54.61],[8.78,54.49],[8.55,54.46],[8.5,54.36],[8.57,54.24],[8.77,54.22],[8.78,53.99],[8.58,53.94],[8.41,53.8],[8.38,53.67],[8.22,53.63],[8.08,53.76],[7.63,53.77],[7.25,53.75],[7.12,53.71],[6.99,53.59],[6.95,53.46],[7.01,53.37],[7.2,53.28],[7.19,53],[7.01,52.63],[6.75,52.63],[6.75,52.46],[6.97,52.44],[7.04,52.38],[6.98,52.21],[6.75,52.1],[6.8,51.98],[6.74,51.91],[6.36,51.82],[6.17,51.88],[5.95,51.76],[6.19,51.49],[6.08,51.22],[6.13,51.15],[5.89,50.98],[6.05,50.9],[5.99,50.75],[6.24,50.6],[6.2,50.5],[6.34,50.45],[6.36,50.32],[6.18,50.23],[6.12,50.12],[6.14,49.97],[6.26,49.87],[6.49,49.8],[6.34,49.45],[6.46,49.44],[6.74,49.16],[6.89,49.21],[7.02,49.12],[7.2,49.11],[7.45,49.15],[7.61,49.06],[8.13,48.97],[8.14,48.89],[7.84,48.64],[7.71,48.28],[7.58,48.06],[7.59,47.91],[7.53,47.67],[7.62,47.59],[7.93,47.56],[8.2,47.61],[8.41,47.59],[8.4,47.69],[8.62,47.77],[8.88,47.66],[9.18,47.67],[9.52,47.52]]]},"properties":{"ISO_A2_EH":"DE"}},
{"type":"Feature","geometry":{"type":"Polygon","coordinates":[[[43.44,41.11],[43.79,41.13],[44.23,41.21],[44.47,41.19],[44.84,41.21],[45,41.29],[45.28,41.45],[45.72,41.34],[45.79,41.22],[46.03,41.17],[46.17,41.2],[46.46,41.07],[46.63,41.16],[46.67,41.29],[46.62,41.34],[46.31,41.51],[46.18,41.66],[46.43,41.89],[46.21,41.99],[45.95,42.04],[45.64,42.21],[45.73,42.48],[45.56,42.54],[45.34,42.53],[45.21,42.65],[44.87,42.76],[44.77,42.62],[44.64,42.73],[44.51,42.75],[43.96,42.57],[43.74,42.62],[43.78,42.75],[43.56,42.84],[43.09,42.99],[42.99,43.09],[42.76,43.17],[42.57,43.16],[42.42,43.22],[42.05,43.19],[41.58,43.22],[41.36,43.33],[41.08,43.37],[40.65,43.53],[40.52,43.51],[40.15,43.57],[40.08,43.55],[39.92,43.36],[40.49,43.05],[40.79,43],[40.98,42.89],[41.06,42.77],[41.35,42.68],[41.4,42.63],[41.57,42.13],[41.67,41.96],[41.62,41.74],[41.43,41.56],[41.82,41.43],[41.93,41.5],[42.21,41.49],[42.47,41.44],[42.57,41.56],[42.79,41.56],[43.15,41.31],[43.21,41.2],[43.36,41.19],[43.44,41.11]]]},"properties":{"ISO_A2_EH":"GE"}},
{"type":"Feature","geometry":{"type":"Polygon","coordinates":[[[-16.63,13.57],[-16.8,13.48],[-16.91,13.36],[-16.84,13.06],[-16.65,13.15],[-15.83,13.16],[-15.81,13.33],[-15.29,13.4],[-15.15,13.56],[-14.67,13.35],[-14.44,13.27],[-14.25,13.24],[-13.85,13.34],[-13.85,13.48],[-13.98,13.54],[-14.15,13.54],[-14.33,13.49],[-14.41,13.5],[-14.57,13.62],[-14.77,13.67],[-14.94,13.79],[-15.11,13.81],[-15.27,13.79],[-15.43,13.73],[-15.51,13.59],[-16.31,13.6],[-16.63,13.57]]]},"properties":{"ISO_A2_EH":"GM"}},
{"type":"Feature","geometry":{"type":"Polygon","coordinates":[[[13.29,2.16],[13.22,2.26],[12.87,2.25],[12.36,2.3],[11.94,2.29],[11.35,2.3],[11.33,2.17],[11.34,1],[10.03,1],[9.91,0.96],[9.76,1.07],[9.51,1.03],[9.55,0.77],[9.26,0.66],[9.25,0.52],[9.36,0.41],[9.23,0.31],[9.27,-0.06],[9.23,-0.32],[9.08,-0.53],[8.85,-0.63],[8.8,-0.56],[8.64,-0.56],[8.78,-0.95],[8.98,-1.29],[8.99,-1.41],[9.18,-1.74],[9.22,-1.89],[9.48,-2.21],[9.57,-2.41],[9.71,-2.57],[9.96,-2.8],[10.3,-3.07],[10.52,-3.32],[10.58,-3.44],[10.89,-3.7],[10.97,-3.87],[11.08,-3.97],[11.19,-3.76],[11.29,-3.64],[11.5,-3.52],[11.69,-3.68],[11.85,-3.7],[11.88,-3.63],[11.83,-3.53],[11.93,-3.32],[11.72,-3.18],[11.69,-3.13],[11.76,-2.98],[11.64,-2.86],[11.54,-2.84],[11.6,-2.6],[11.58,-2.4],[11.73,-2.39],[11.95,-2.34],[12.06,-2.41],[12.45,-2.33],[12.48,-2.11],[12.43,-1.93],[12.59,-1.83],[12.79,-1.93],[12.99,-2.31],[13.36,-2.4],[13.46,-2.4],[13.62,-2.28],[13.73,-2.14],[13.78,-2.16],[13.89,-2.37],[13.89,-2.47],[14.09,-2.47],[14.2,-2.35],[14.16,-2.22],[14.25,-2],[14.38,-1.89],[14.42,-1.71],[14.4,-1.59],[14.46,-1.41],[14.41,-0.97],[14.48,-0.62],[14.36,-0.47],[14.21,-0.43],[14.07,-0.27],[13.86,-0.2],[13.88,0.19],[13.95,0.35],[14.09,0.54],[14.23,0.55],[14.32,0.62],[14.43,0.81],[14.39,1],[14.3,1.12],[14.24,1.32],[14.18,1.37],[13.85,1.42],[13.27,1.24],[13.16,1.65],[13.21,1.92],[13.29,2.16]]]},"properties":{"ISO_A2_EH":"GA"}},
{"type":"Feature","geometry":{"type":"MultiPolygon","coordinates":[[[[7.62,47.59],[7.53,47.67],[7.59,47.91],[7.58,48.06],[7.71,48.28],[7.84,48.64],[8.14,48.89],[8.13,48.97],[7.61,49.06],[7.45,49.15],[7.2,49.11],[7.02,49.12],[6.89,49.21],[6.74,49.16],[6.46,49.44],[6.34,49.45],[6.24,49.49],[5.96,49.45],[5.79,49.54],[5.51,49.51],[5.28,49.68],[5.01,49.78],[4.87,49.79],[4.66,50],[4.37,49.94],[4.18,49.96],[4.17,50.25],[4.04,50.32],[3.75,50.34],[3.63,50.46],[3.27,50.53],[3.23,50.66],[3.11,50.78],[2.84,50.71],[2.6,50.88],[2.6,50.96],[2.46,51.16],[1.87,51.06],[1.58,50.93],[1.47,50.75],[1.44,50.28],[1.32,50.14],[1.19,50.06],[0.89,49.98],[0.57,49.93],[0.1,49.75],[-0.01,49.56],[0.04,49.46],[-0.17,49.37],[-0.51,49.43],[-1.08,49.46],[-1.17,49.72],[-1.36,49.78],[-1.59,49.74],[-1.92,49.74],[-1.99,49.64],[-1.92,49.47],[-1.69,49.18],[-1.67,48.79],[-1.76,48.7],[-1.92,48.77],[-2.03,48.72],[-2.48,48.72],[-2.68,48.63],[-2.94,48.85],[-3.22,48.91],[-3.52,48.88],[-3.86,48.77],[-4.07,48.78],[-4.58,48.69],[-4.81,48.59],[-4.87,48.45],[-4.79,48.29],[-4.63,48.2],[-4.78,48.02],[-4.51,47.91],[-4.37,47.76],[-4.22,47.73],[-3.92,47.77],[-3.56,47.69],[-3.47,47.63],[-3.21,47.62],[-3.12,47.56],[-2.9,47.53],[-2.82,47.44],[-2.66,47.45],[-2.59,47.26],[-2.36,47.21],[-2.14,47.03],[-2.19,46.94],[-2.15,46.78],[-1.87,46.46],[-1.44,46.29],[-1.24,46.25],[-1.33,46.11],[-1.47,46.1],[-1.46,45.93],[-1.29,45.77],[-1.29,45.69],[-1.15,45.58],[-1.25,45.36],[-1.29,45.18],[-1.34,44.58],[-1.44,44.03],[-1.58,43.6],[-1.69,43.5],[-1.82,43.48],[-1.75,43.32],[-1.41,43.24],[-1.43,43.04],[-1.29,43.06],[-0.93,42.95],[-0.76,42.94],[-0.59,42.8],[-0.3,42.83],[-0.04,42.69],[0.63,42.69],[0.7,42.85],[1.35,42.69],[1.43,42.6],[1.5,42.64],[1.71,42.6],[1.71,42.5],[1.93,42.43],[2.03,42.35],[2.2,42.42],[2.57,42.35],[2.97,42.47],[3.21,42.43],[3.3,42.45],[3.18,42.62],[3.15,42.9],[3.33,43.14],[3.85,43.41],[3.97,43.5],[4.19,43.41],[4.71,43.3],[4.94,43.36],[5.1,43.28],[5.26,43.28],[5.34,43.17],[5.63,43.11],[5.78,43.03],[6.01,43.03],[6.12,42.99],[6.34,43.07],[6.53,43.1],[6.74,43.22],[6.79,43.32],[6.93,43.38],[7.24,43.6],[7.42,43.67],[7.5,43.7],[7.48,43.86],[7.65,44.03],[7.64,44.16],[7.37,44.13],[6.97,44.28],[6.9,44.34],[6.84,44.51],[7.03,44.72],[6.99,44.83],[6.74,44.92],[6.63,45.12],[6.84,45.14],[7.08,45.24],[7.15,45.4],[7.01,45.5],[6.8,45.81],[7.02,45.93],[6.77,46.17],[6.82,46.28],[6.76,46.42],[6.43,46.43],[6.23,46.33],[6.27,46.25],[6.09,46.15],[6.06,46.43],[6.16,46.61],[6.41,46.76],[6.46,46.95],[6.62,47],[7,47.32],[6.9,47.39],[7.05,47.49],[7.2,47.43],[7.42,47.46],[7.62,47.59]]],[[[-54.62,2.33],[-54.52,2.25],[-54.29,2.15],[-54.13,2.12],[-53.77,2.35],[-53.73,2.31],[-53.51,2.25],[-53.33,2.34],[-53.23,2.2],[-52.96,2.18],[-52.7,2.36],[-52.56,2.57],[-52.55,2.65],[-52.36,3.05],[-52.33,3.18],[-52.16,3.36],[-52,3.65],[-51.99,3.7],[-51.83,3.87],[-51.77,3.99],[-51.65,4.06],[-51.62,4.29],[-51.72,4.6],[-51.79,4.71],[-51.95,4.68],[-52,4.76],[-52.22,4.99],[-52.41,5.08],[-52.71,5.33],[-52.86,5.49],[-53.26,5.61],[-53.43,5.63],[-53.83,5.86],[-53.98,5.81],[-54.1,5.43],[-54.33,5.19],[-54.45,5.01],[-54.47,4.75],[-54.43,4.58],[-54.45,4.49],[-54.35,4.05],[-54.26,3.9],[-54.11,3.77],[-53.99,3.59],[-54.01,3.45],[-54.2,3.14],[-54.17,2.99],[-54.2,2.82],[-54.4,2.46],[-54.54,2.34],[-54.62,2.33]]],[[[7.48,43.68],[7.52,43.7],[7.5,43.7],[7.48,43.68]]],[[[9.21,41.32],[9.34,41.43],[9.49,41.72],[9.5,41.91],[9.64,42.11],[9.62,42.57],[9.55,42.67],[9.56,43.01],[9.46,43.1],[9.29,43.08],[9.22,42.8],[9.11,42.81],[8.96,42.71],[8.77,42.67],[8.63,42.6],[8.48,42.39],[8.53,42.3],[8.46,42.23],[8.59,42.06],[8.51,41.98],[8.64,41.86],[8.62,41.72],[8.75,41.67],[8.7,41.57],[8.84,41.46],[9.2,41.32],[9.21,41.32]]],[[[45.05,-13.02],[45.24,-13.02],[45.29,-12.73],[45.1,-12.58],[44.97,-12.69],[45.02,-12.8],[44.99,-12.89],[45.05,-13.02]]],[[[55.2,-21.17],[55.32,-21.33],[55.54,-21.43],[55.66,-21.44],[55.85,-21.4],[55.92,-21.12],[55.71,-20.85],[55.44,-20.79],[55.26,-20.84],[55.15,-21.06],[55.2,-21.17]]],[[[-61.24,14.92],[-61.3,14.79],[-61.17,14.56],[-61.11,14.39],[-60.77,14.39],[-60.75,14.5],[-60.88,14.82],[-61.11,14.95],[-61.24,14.92]]],[[[-61.38,16.15],[-61.16,16.19],[-61.1,16.27],[-61.3,16.42],[-61.34,16.51],[-61.47,16.58],[-61.57,16.52],[-61.61,16.39],[-61.76,16.43],[-61.87,16.32],[-61.83,16.04],[-61.76,15.92],[-61.66,15.88],[-61.54,15.95],[-61.49,16.03],[-61.5,16.16],[-61.38,16.15]]],[[[-61.25,15.82],[-61.12,15.9],[-61.23,16.08],[-61.4,15.98],[-61.38,15.84],[-61.25,15.82]]]]},"properties":{"ISO_A2_EH":"FR"}},
{"type":"Feature","geometry":{"type":"Polygon","coordinates":[[[-56.1,46.7],[-56.03,46.83],[-56.2,46.95],[-56.19,47.12],[-56.38,47.17],[-56.5,47.07],[-56.44,46.93],[-56.5,46.8],[-56.15,46.67],[-56.1,46.7]]]},"properties":{"ISO_A2_EH":"PM"}},
{"type":"Feature","geometry":{"type":"MultiPolygon","coordinates":[[[[-176.14,-13.4],[-176.05,-13.27],[-176.13,-13.15],[-176.23,-13.2],[-176.28,-13.3],[-176.2,-13.41],[-176.14,-13.4]]],[[[-178.24,-14.32],[-178.11,-14.4],[-178,-14.37],[-177.98,-14.27],[-178.1,-14.18],[-178.2,-14.16],[-178.28,-14.25],[-178.24,-14.32]]]]},"properties":{"ISO_A2_EH":"WF"}},
{"type":"Feature","geometry":{"type":"Polygon","coordinates":[[[-63.19,18.11],[-63.19,18.09],[-63.18,18.02],[-63.12,18],[-63.01,18],[-62.94,18.07],[-62.96,18.16],[-63.19,18.11]]]},"properties":{"ISO_A2_EH":"MF"}},
{"type":"Feature","geometry":{"type":"Polygon","coordinates":[[[-62.9,17.82],[-62.81,17.81],[-62.74,17.96],[-62.91,17.99],[-62.95,17.9],[-62.9,17.82]]]},"properties":{"ISO_A2_EH":"BL"}},
{"type":"Feature","geometry":{"type":"MultiPolygon","coordinates":[[[[-151.53,-16.72],[-151.55,-16.9],[-151.46,-16.95],[-151.3,-16.89],[-151.41,-16.55],[-151.51,-16.5],[-151.59,-16.62],[-151.53,-16.72]]],[[[-149.78,-17.61],[-149.71,-17.47],[-149.79,-17.4],[-149.95,-17.41],[-149.99,-17.5],[-149.94,-17.61],[-149.78,-17.61]]],[[[-149.69,-17.51],[-149.71,-17.63],[-149.63,-17.8],[-149.38,-17.81],[-149.29,-17.92],[-149.15,-17.93],[-149.07,-17.82],[-149.12,-17.68],[-149.25,-17.64],[-149.33,-17.46],[-149.51,-17.42],[-149.69,-17.51]]],[[[-139.21,-9.83],[-139.21,-10.01],[-139.13,-10.08],[-139.01,-9.98],[-139,-9.89],[-138.84,-9.86],[-138.75,-9.74],[-138.78,-9.69],[-139.03,-9.62],[-139.2,-9.71],[-139.21,-9.83]]],[[[-138.64,-10.59],[-138.54,-10.44],[-138.6,-10.39],[-138.75,-10.38],[-138.76,-10.53],[-138.64,-10.59]]],[[[-140.1,-8.99],[-139.97,-8.9],[-140,-8.74],[-140.25,-8.71],[-140.33,-8.85],[-140.27,-9],[-140.1,-8.99]]],[[[-140.04,-9.49],[-139.96,-9.32],[-140.07,-9.25],[-140.21,-9.33],[-140.21,-9.41],[-140.11,-9.52],[-140.04,-9.49]]],[[[-140.76,-17.64],[-140.86,-17.71],[-140.93,-17.81],[-140.87,-17.94],[-140.75,-17.92],[-140.72,-17.81],[-140.57,-17.71],[-140.64,-17.59],[-140.76,-17.64]]],[[[-139.58,-9.02],[-139.44,-8.96],[-139.43,-8.87],[-139.59,-8.78],[-139.71,-8.88],[-139.66,-9.01],[-139.58,-9.02]]],[[[-140.7,-18.29],[-140.76,-18.16],[-140.88,-18.03],[-141,-17.99],[-141.02,-18.13],[-140.85,-18.3],[-140.84,-18.41],[-140.66,-18.49],[-140.62,-18.33],[-140.7,-18.29]]],[[[-136.5,-18.4],[-136.55,-18.46],[-136.5,-18.55],[-136.31,-18.64],[-136.22,-18.54],[-136.29,-18.46],[-136.5,-18.4]]],[[[-136.9,-18.35],[-136.99,-18.21],[-137.14,-18.26],[-137.03,-18.41],[-136.9,-18.35]]],[[[-138.47,-20.75],[-138.53,-20.7],[-138.64,-20.77],[-138.55,-20.95],[-138.42,-20.89],[-138.47,-20.75]]],[[[-142.48,-16.16],[-142.41,-16.04],[-142.45,-15.95],[-142.57,-15.97],[-142.6,-16.09],[-142.48,-16.16]]],[[[-143.49,-16.54],[-143.65,-16.51],[-143.78,-16.59],[-143.63,-16.72],[-143.53,-16.69],[-143.37,-16.74],[-143.31,-16.66],[-143.4,-16.55],[-143.49,-16.54]]],[[[-145.04,-15.76],[-145.09,-15.7],[-145.2,-15.7],[-145.2,-15.83],[-145.08,-15.97],[-145.02,-15.96],[-144.97,-15.83],[-145.04,-15.76]]],[[[-145.5,-16.42],[-145.42,-16.3],[-145.55,-16.05],[-145.66,-16.02],[-145.69,-16.14],[-145.61,-16.33],[-145.5,-16.42]]]]},"properties":{"ISO_A2_EH":"PF"}},
{"type":"Feature","geometry":{"type":"MultiPolygon","coordinates":[[[[167.05,-22.15],[167.01,-22.04],[166.73,-21.89],[166.35,-21.58],[166.09,-21.42],[165.99,-21.38],[165.82,-21.25],[165.71,-21.21],[165.5,-21.03],[165.44,-20.89],[165.23,-20.71],[165.02,-20.62],[164.64,-20.32],[164.45,-20.2],[164.33,-20.23],[164.11,-20.08],[163.96,-20.15],[163.96,-20.25],[164.08,-20.37],[164.1,-20.51],[164.25,-20.67],[164.4,-20.88],[164.6,-21.04],[164.88,-21.35],[164.97,-21.39],[165.19,-21.58],[165.7,-21.84],[165.78,-21.91],[166.05,-22.02],[166.12,-22.14],[166.36,-22.25],[166.44,-22.33],[166.54,-22.33],[166.77,-22.46],[167.03,-22.38],[167.09,-22.27],[167.05,-22.15]]],[[[167.59,-22.69],[167.59,-22.53],[167.41,-22.48],[167.34,-22.64],[167.54,-22.74],[167.59,-22.69]]],[[[160.01,-19.36],[160.05,-19.24],[160.04,-19.11],[159.94,-19.05],[159.85,-19.16],[159.86,-19.34],[160.01,-19.36]]],[[[168.08,-21.7],[168.18,-21.66],[168.22,-21.45],[168.07,-21.38],[168,-21.27],[167.75,-21.36],[167.81,-21.62],[167.92,-21.71],[168.08,-21.7]]],[[[166.62,-20.73],[166.69,-20.63],[166.68,-20.53],[166.74,-20.43],[166.65,-20.35],[166.53,-20.36],[166.45,-20.77],[166.62,-20.73]]],[[[167.11,-20.63],[166.99,-20.66],[167.01,-20.85],[166.96,-20.89],[167.01,-21.04],[167.09,-21.12],[167.23,-21.16],[167.32,-21.25],[167.46,-21.23],[167.51,-21.04],[167.37,-20.86],[167.38,-20.71],[167.21,-20.6],[167.11,-20.63]]]]},"properties":{"ISO_A2_EH":"NC"}},
{"type":"Feature","geometry":{"type":"MultiPolygon","coordinates":[[[[70.6,-49.07],[70.43,-48.99],[70.28,-48.99],[69.8,-49.16],[69.7,-49.05],[69.67,-48.92],[69.49,-48.9],[69.46,-48.83],[69.24,-48.81],[69.23,-48.72],[69.11,-48.58],[68.95,-48.59],[68.72,-48.83],[68.66,-49.07],[68.71,-49.16],[68.7,-49.37],[68.76,-49.42],[68.67,-49.66],[68.73,-49.76],[69.04,-49.78],[69.23,-49.61],[69.6,-49.73],[69.75,-49.7],[69.87,-49.76],[70.17,-49.77],[70.31,-49.71],[70.44,-49.5],[70.64,-49.29],[70.67,-49.2],[70.6,-49.07]]],[[[51.82,-46.52],[51.92,-46.48],[51.91,-46.37],[51.75,-46.26],[51.56,-46.36],[51.62,-46.48],[51.82,-46.52]]]]},"properties":{"ISO_A2_EH":"TF"}},
{"type":"Feature","geometry":{"type":"MultiPolygon","coordinates":[[[[19.56,60.31],[19.37,60.19],[19.41,60.09],[19.76,60.01],[20.14,60.05],[20.42,60.26],[20.35,60.34],[19.93,60.47],[19.71,60.44],[19.56,60.31]]],[[[20.55,60.14],[20.34,60.12],[20.25,60.04],[20.34,59.96],[20.7,59.97],[20.76,60.06],[20.55,60.14]]]]},"properties":{"ISO_A2_EH":"AX"}},
{"type":"Feature","geometry":{"type":"Polygon","coordinates":[[[24.19,65.73],[24.54,65.61],[24.8,65.59],[25.17,65.46],[25.07,65.12],[24.8,65.16],[24.41,65.07],[24.44,64.85],[24.13,64.55],[23.14,63.95],[22.66,63.74],[22.4,63.69],[22.37,63.6],[22.06,63.45],[22.15,63.34],[21.92,63.29],[21.59,63.28],[21.08,63.35],[20.95,63.32],[21.01,63.16],[21.22,63.08],[21.3,62.98],[21,62.76],[20.95,62.62],[21.02,62.38],[21.2,62.23],[21.09,61.97],[21.25,61.88],[21.42,61.62],[21.33,61.19],[21.21,60.97],[21.26,60.7],[21.1,60.66],[21.11,60.5],[21.24,60.41],[21.67,60.45],[21.71,60.27],[21.39,60.19],[21.34,60.12],[21.49,60.02],[21.75,60.02],[21.96,60.1],[22.29,60.09],[22.38,59.97],[22.67,59.96],[22.91,60.04],[22.83,59.8],[23.02,59.74],[23.26,59.78],[23.5,59.91],[23.74,59.89],[24.33,59.97],[24.46,59.94],[24.7,60.06],[25.24,60.13],[25.33,60.18],[25.82,60.2],[26.17,60.33],[27.02,60.4],[27.2,60.47],[27.47,60.39],[27.82,60.47],[27.8,60.54],[28.41,60.9],[29.25,61.29],[29.69,61.55],[30.57,62.13],[30.94,62.32],[31.29,62.57],[31.53,62.89],[31.51,62.96],[31.18,63.21],[30.42,63.5],[30.06,63.69],[30.5,64.02],[30.49,64.24],[30.11,64.37],[29.99,64.56],[30.12,64.64],[30.07,64.77],[29.78,64.8],[29.6,64.97],[29.81,65.11],[29.63,65.22],[29.73,65.47],[29.72,65.62],[30.1,65.68],[30.09,65.79],[29.9,66.09],[29.67,66.28],[29.46,66.53],[29.09,66.85],[29.09,66.97],[29.57,67.32],[29.94,67.55],[29.98,67.69],[29.82,67.75],[29.34,68.06],[28.69,68.19],[28.47,68.49],[28.75,68.77],[28.57,68.93],[28.97,69.02],[28.85,69.18],[29.33,69.47],[29.14,69.67],[28.41,69.82],[27.89,70.06],[27.59,70.04],[27.11,69.9],[26.53,69.92],[26.01,69.65],[25.75,69.23],[25.75,68.99],[25.58,68.89],[25.36,68.86],[24.94,68.59],[23.85,68.81],[23.71,68.71],[23.32,68.65],[22.41,68.72],[22.3,68.86],[21.62,69.27],[21.27,69.27],[21.05,69.19],[21.13,69.08],[20.62,69.04],[21.47,68.69],[22,68.52],[22.78,68.39],[23.1,68.26],[23.64,67.95],[23.5,67.88],[23.54,67.59],[23.47,67.45],[23.73,67.42],[23.77,67.33],[23.62,67.18],[23.68,67.07],[23.99,66.81],[23.87,66.58],[23.7,66.48],[23.75,66.19],[23.91,66.15],[24.19,65.73]]]},"properties":{"ISO_A2_EH":"FI"}},
{"type":"Feature","geometry":{"type":"MultiPolygon","coordinates":[[[[179,-16.39],[178.81,-16.49],[178.68,-16.59],[178.56,-16.55],[178.45,-16.69],[178.44,-16.83],[178.56,-16.87],[178.68,-17.04],[178.84,-17.02],[178.9,-16.97],[179.05,-16.97],[179.11,-16.86],[179.23,-16.78],[179.41,-16.88],[179.73,-16.81],[179.86,-16.84],[179.81,-16.98],[179.91,-17.07],[180,-17.04],[180,-16.72],[180,-16.61],[180,-16.42],[179.86,-16.41],[180,-16.27],[180,-16.09],[179.83,-16.14],[179.71,-16.13],[179.52,-16.18],[179.32,-16.31],[179,-16.39]]],[[[177.22,-18.06],[177.26,-18.13],[177.44,-18.22],[177.62,-18.25],[177.83,-18.33],[178.19,-18.32],[178.36,-18.2],[178.61,-18.18],[178.74,-18.11],[178.65,-17.75],[178.75,-17.81],[178.88,-17.79],[178.93,-17.69],[178.87,-17.56],[178.74,-17.56],[178.66,-17.62],[178.46,-17.47],[178.29,-17.27],[178.18,-17.24],[177.93,-17.32],[177.81,-17.32],[177.58,-17.4],[177.32,-17.6],[177.33,-17.71],[177.2,-17.81],[177.18,-17.91],[177.22,-18.06]]],[[[-179.9,-16.63],[-180,-16.69],[-180,-17.03],[-179.81,-16.9],[-179.74,-16.77],[-179.83,-16.62],[-179.9,-16.63]]],[[[178.11,-19.21],[178.55,-19.06],[178.55,-18.93],[178.33,-18.86],[178.17,-18.9],[177.89,-19.1],[178.01,-19.23],[178.11,-19.21]]],[[[-178.97,-18.05],[-178.94,-17.9],[-179.05,-17.85],[-179.15,-17.93],[-179.07,-18.06],[-178.97,-18.05]]],[[[-178.7,-18.28],[-178.71,-18.14],[-178.79,-18.11],[-178.91,-18.16],[-178.87,-18.28],[-178.7,-18.28]]],[[[-178.26,-18.03],[-178.19,-17.99],[-178.23,-17.82],[-178.35,-17.81],[-178.43,-17.93],[-178.33,-18.04],[-178.26,-18.03]]],[[[-178.94,-17.11],[-179.1,-17.14],[-179.08,-17.32],[-178.97,-17.38],[-178.83,-17.22],[-178.94,-17.11]]],[[[-178.67,-19.16],[-178.53,-19.26],[-178.46,-19.18],[-178.49,-19.08],[-178.65,-19.06],[-178.67,-19.16]]],[[[-179.89,-18.88],[-179.94,-19.05],[-179.75,-19.02],[-179.73,-18.9],[-179.89,-18.88]]],[[[177.23,-17.22],[177.35,-17.14],[177.34,-17],[177.24,-16.98],[177.14,-17.04],[177.11,-17.14],[177.23,-17.22]]],[[[179.45,-17.44],[179.53,-17.31],[179.43,-17.19],[179.32,-17.21],[179.31,-17.4],[179.45,-17.44]]],[[[179.4,-18.16],[179.44,-18.07],[179.41,-17.96],[179.32,-17.87],[179.21,-17.92],[179.18,-18.06],[179.29,-18.16],[179.4,-18.16]]],[[[-180,-16.39],[-180,-16.6],[-179.86,-16.55],[-179.86,-16.37],[-180,-16.39]]],[[[-179.95,-16.22],[-179.9,-16.07],[-180,-16.06],[-180,-16.23],[-179.95,-16.22]]],[[[177.12,-12.58],[177.21,-12.48],[177.16,-12.41],[176.95,-12.44],[176.98,-12.57],[177.12,-12.58]]],[[[174.69,-21.74],[174.7,-21.63],[174.59,-21.59],[174.5,-21.65],[174.54,-21.76],[174.69,-21.74]]],[[[-178.8,-20.62],[-178.71,-20.74],[-178.63,-20.68],[-178.68,-20.58],[-178.8,-20.62]]]]},"properties":{"ISO_A2_EH":"FJ"}},
{"type":"Feature","geometry":{"type":"Polygon","coordinates":[[[35.27,5.49],[35.33,5.36],[35.47,5.42],[35.75,5.34],[35.8,5.16],[35.76,4.95],[35.76,4.81],[35.92,4.62],[35.98,4.5],[36.08,4.45],[36.82,4.43],[36.91,4.41],[37.38,4.11],[38.09,3.65],[38.23,3.62],[38.61,3.6],[38.75,3.56],[39.23,3.48],[39.49,3.46],[39.66,3.58],[39.84,3.85],[40.01,3.95],[40.77,4.27],[41.09,3.99],[41.22,3.94],[41.74,3.98],[41.88,3.98],[42.02,4.14],[42.23,4.2],[42.79,4.29],[42.89,4.36],[43.02,4.56],[43.13,4.64],[43.54,4.84],[44.03,4.95],[44.91,4.9],[44.94,4.91],[45.44,5.46],[45.93,6],[46.42,6.5],[46.97,7.03],[47.45,7.49],[47.98,8],[46.98,8],[46.92,8.03],[46.3,8.23],[45.56,8.48],[44.89,8.7],[44.02,8.99],[43.62,9.34],[43.48,9.38],[43.3,9.61],[43.18,9.88],[43.07,9.93],[42.84,10.2],[42.78,10.37],[42.66,10.62],[42.92,11],[42.78,11.01],[42.65,11.08],[42.56,11.08],[42.31,11.01],[41.96,10.94],[41.8,10.98],[41.76,11.41],[41.77,11.59],[41.82,11.72],[42,11.91],[42.38,12.47],[42.13,12.77],[41.95,12.88],[41.77,13.18],[41.63,13.31],[41.36,13.5],[41.12,13.74],[40.94,13.98],[40.77,14.14],[40.52,14.23],[40.22,14.43],[40.06,14.46],[39.9,14.44],[39.76,14.5],[39.53,14.54],[39.27,14.47],[39.2,14.48],[39.07,14.63],[38.81,14.48],[38.5,14.42],[38.38,14.47],[38.22,14.65],[38,14.74],[37.88,14.85],[37.57,14.15],[37.51,14.16],[37.35,14.37],[37.26,14.45],[37.13,14.41],[37.02,14.27],[36.81,14.32],[36.52,14.26],[36.44,13.99],[36.45,13.84],[36.39,13.63],[36.21,13.27],[36.16,13.09],[36.14,12.81],[36.11,12.73],[35.82,12.68],[35.67,12.62],[35.6,12.54],[35.25,11.96],[35.11,11.82],[34.96,11.28],[34.97,11.16],[34.93,10.86],[34.77,10.75],[34.57,10.88],[34.43,10.79],[34.28,10.53],[34.31,10.25],[34.29,10.12],[34.19,9.92],[34.12,9.73],[34.08,9.46],[34.1,8.75],[34.09,8.58],[33.95,8.44],[33.79,8.43],[33.41,8.45],[33.23,8.4],[33.01,7.95],[33.01,7.87],[33.23,7.76],[33.67,7.67],[33.9,7.51],[34.02,7.37],[34.06,7.23],[34.28,7],[34.48,6.9],[34.56,6.78],[34.71,6.66],[34.84,6.3],[34.96,6.05],[34.98,5.86],[35.08,5.67],[35.27,5.49]]]},"properties":{"ISO_A2_EH":"ET"}},
{"type":"Feature","geometry":{"type":"Polygon","coordinates":[[[27.88,59.51],[27,59.52],[26.67,59.63],[26.48,59.63],[25.8,59.71],[25.42,59.7],[25.37,59.59],[24.85,59.59],[24.56,59.53],[24.34,59.55],[24.12,59.45],[23.34,59.23],[23.37,59.12],[23.28,58.93],[23.39,58.71],[23.15,58.76],[23.11,58.94],[23,59.05],[22.67,59.16],[22.51,59.15],[22.36,59.04],[22.04,59.01],[21.92,58.94],[22.11,58.83],[22.29,58.82],[22.33,58.67],[22.19,58.59],[21.9,58.59],[21.73,58.52],[21.84,58.38],[21.74,58.34],[21.77,58.21],[22,58.13],[21.86,58.02],[21.92,57.87],[22.26,57.92],[22.39,58.13],[22.8,58.17],[23.21,58.37],[23.56,58.47],[23.66,58.31],[24.09,58.19],[24.32,58.23],[24.33,58.12],[24.19,57.88],[24.46,57.91],[25.11,58.06],[25.34,58.04],[25.79,57.87],[25.99,57.84],[26.3,57.6],[26.53,57.53],[26.9,57.61],[27.35,57.53],[27.4,57.67],[27.54,57.8],[27.75,57.84],[27.49,58.27],[27.53,58.44],[27.43,58.73],[27.46,58.84],[27.76,59.05],[27.9,59.28],[28.15,59.37],[27.88,59.51]]]},"properties":{"ISO_A2_EH":"EE"}},
{"type":"Feature","geometry":{"type":"MultiPolygon","coordinates":[[[[36.52,14.26],[36.81,14.32],[37.02,14.27],[37.13,14.41],[37.26,14.45],[37.35,14.37],[37.51,14.16],[37.57,14.15],[37.88,14.85],[38,14.74],[38.22,14.65],[38.38,14.47],[38.5,14.42],[38.81,14.48],[39.07,14.63],[39.2,14.48],[39.27,14.47],[39.53,14.54],[39.76,14.5],[39.9,14.44],[40.06,14.46],[40.22,14.43],[40.52,14.23],[40.77,14.14],[40.94,13.98],[41.12,13.74],[41.36,13.5],[41.63,13.31],[41.77,13.18],[41.95,12.88],[42.13,12.77],[42.38,12.47],[42.48,12.51],[42.67,12.38],[42.77,12.42],[42.88,12.62],[43.19,12.73],[43.15,12.86],[43.05,12.95],[42.85,12.92],[42.8,13.06],[42.55,13.3],[42.45,13.29],[42.42,13.42],[42.3,13.64],[41.71,14.03],[41.54,14.29],[41.22,14.68],[40.84,14.81],[40.58,15],[40.25,15.07],[40.15,15.19],[40.11,15.37],[39.85,15.54],[39.75,15.45],[39.62,15.59],[39.56,15.6],[39.49,15.82],[39.37,15.96],[39.3,16.21],[39.22,16.75],[39.11,17.11],[38.98,17.46],[38.68,18.04],[38.52,17.94],[38.37,17.72],[38.25,17.58],[38.03,17.54],[37.78,17.46],[37.51,17.29],[37.41,17.06],[37.17,17.04],[37.01,17.06],[36.98,16.8],[36.89,16.62],[36.91,16.3],[36.81,15.99],[36.68,15.73],[36.52,15.25],[36.43,15.13],[36.52,14.26]]],[[[39.98,15.96],[39.88,15.9],[39.87,15.75],[39.92,15.55],[40.3,15.51],[40.45,15.53],[40.47,15.66],[40.22,15.77],[40.14,15.92],[40.18,15.96],[40.14,16.13],[40.03,16.17],[39.92,16.05],[39.98,15.96]]]]},"properties":{"ISO_A2_EH":"ER"}},
{"type":"Feature","geometry":{"type":"MultiPolygon","coordinates":[[[[11.33,2.17],[9.98,2.17],[9.73,2.31],[9.71,2.06],[9.73,1.94],[9.65,1.82],[9.57,1.61],[9.43,1.47],[9.32,1.16],[9.32,1.11],[9.51,1.03],[9.76,1.07],[9.91,0.96],[10.03,1],[11.34,1],[11.33,2.17]]],[[[8.41,3.23],[8.65,3.14],[8.74,3.16],[8.86,3.37],[9.02,3.6],[9.02,3.73],[8.94,3.83],[8.73,3.83],[8.63,3.79],[8.52,3.54],[8.41,3.51],[8.36,3.33],[8.41,3.23]]]]},"properties":{"ISO_A2_EH":"GQ"}},
{"type":"Feature","geometry":{"type":"Polygon","coordinates":[[[-89.36,14.42],[-89.54,14.41],[-89.55,14.24],[-89.67,14.18],[-89.75,14.08],[-89.87,14.05],[-90.1,13.83],[-90.13,13.67],[-90.01,13.62],[-89.84,13.49],[-89.3,13.41],[-88.89,13.22],[-88.51,13.11],[-88.44,13.14],[-88.19,13.09],[-87.9,13.11],[-87.75,13.3],[-87.83,13.39],[-87.72,13.81],[-87.8,13.89],[-87.99,13.88],[-88.15,13.99],[-88.45,13.85],[-88.51,13.98],[-88.67,14.02],[-88.85,14.12],[-89.06,14.33],[-89.36,14.42]]]},"properties":{"ISO_A2_EH":"SV"}},
{"type":"Feature","geometry":{"type":"Polygon","coordinates":[[[36.95,22],[36.89,22.14],[36.47,22.44],[36.28,22.69],[35.95,22.8],[35.77,22.98],[35.64,23.29],[35.6,23.45],[35.58,23.78],[35.61,23.87],[35.84,23.89],[35.84,23.99],[35.54,24.21],[35.26,24.52],[34.92,25.18],[34.75,25.47],[34.64,25.73],[34.4,26.06],[34.12,26.59],[34.04,26.68],[33.97,27.07],[33.87,27.32],[33.76,27.39],[33.63,27.62],[33.63,27.92],[33.56,28.02],[33.43,28.11],[33.27,28.25],[33.09,28.49],[32.97,28.61],[32.85,28.83],[32.71,29],[32.72,29.19],[32.63,29.43],[32.47,29.57],[32.48,29.72],[32.57,29.78],[32.64,29.5],[32.8,29.25],[33.01,29.03],[33.12,28.77],[33.17,28.53],[33.36,28.34],[33.53,28.21],[33.7,28],[34,27.77],[34.24,27.7],[34.39,27.85],[34.51,28.1],[34.53,28.34],[34.7,28.74],[34.81,29.24],[34.85,29.3],[34.87,29.35],[34.93,29.47],[34.87,29.56],[34.66,30.19],[34.53,30.45],[34.49,30.6],[34.25,31.21],[34.14,31.37],[33.87,31.25],[33.66,31.2],[33.37,31.2],[33.23,31.17],[33.16,31.23],[32.67,31.15],[32.58,31.16],[32.37,31.31],[32.2,31.36],[32.02,31.56],[31.9,31.62],[31.54,31.53],[31.22,31.66],[31.07,31.68],[30.97,31.63],[30.55,31.54],[30.35,31.53],[30.17,31.33],[30.04,31.34],[29.89,31.29],[29.54,31.07],[29.25,30.93],[29.08,30.9],[28.54,31.12],[28,31.17],[27.86,31.27],[27.58,31.28],[27.28,31.45],[26.78,31.54],[26.47,31.58],[25.89,31.69],[25.38,31.59],[25.28,31.6],[25.23,31.69],[25.15,31.65],[24.85,31.33],[24.88,31.06],[24.97,30.78],[24.88,30.46],[24.73,30.25],[24.71,30.13],[24.8,29.89],[24.92,29.38],[24.98,29.18],[24.98,28.06],[24.98,27.16],[24.98,26.26],[24.98,25.59],[24.98,24.69],[24.98,24.02],[24.98,23.12],[24.98,22],[26.13,22],[27.27,22],[28.04,22],[28.8,22],[29.56,22],[30.33,22],[31.21,21.99],[31.26,22],[31.36,22.19],[31.49,22.15],[31.43,22],[32.61,22],[33.92,22],[34.57,22],[35.89,22],[36.95,22]]]},"properties":{"ISO_A2_EH":"EG"}},
{"type":"Feature","geometry":{"type":"MultiPolygon","coordinates":[[[[-75.28,-0.11],[-75.46,-0.04],[-75.62,0.06],[-75.78,0.09],[-75.88,0.15],[-76.07,0.35],[-76.31,0.45],[-76.41,0.38],[-76.43,0.26],[-76.49,0.24],[-76.73,0.27],[-76.92,0.27],[-77.11,0.36],[-77.29,0.36],[-77.42,0.42],[-77.47,0.64],[-77.65,0.72],[-77.7,0.84],[-77.83,0.83],[-78.04,0.9],[-78.31,1.05],[-78.51,1.2],[-78.68,1.28],[-78.83,1.43],[-78.93,1.43],[-79.04,1.35],[-79.04,1.24],[-79.25,1.17],[-79.49,1.13],[-79.63,1.04],[-79.77,1.05],[-79.93,0.93],[-80.07,0.9],[-80.16,0.81],[-80.1,0.41],[-80.12,0.18],[-80.19,0.04],[-80.37,-0.11],[-80.56,-0.35],[-80.49,-0.54],[-80.57,-0.66],[-80.62,-0.8],[-80.89,-0.92],[-80.98,-1.07],[-80.87,-1.39],[-80.91,-1.64],[-80.83,-1.84],[-80.84,-2.04],[-81.03,-2.16],[-80.99,-2.32],[-80.87,-2.41],[-80.72,-2.46],[-80.49,-2.68],[-80.31,-2.77],[-80.35,-3.04],[-80.11,-3.09],[-80.03,-2.9],[-79.91,-2.83],[-79.99,-3.06],[-80.07,-3.17],[-80.2,-3.26],[-80.36,-3.33],[-80.27,-3.42],[-80.22,-3.61],[-80.22,-3.79],[-80.18,-3.88],[-80.3,-4.01],[-80.44,-3.98],[-80.51,-4.07],[-80.45,-4.21],[-80.35,-4.21],[-80.49,-4.39],[-80.38,-4.46],[-80.14,-4.3],[-79.8,-4.48],[-79.64,-4.45],[-79.52,-4.54],[-79.5,-4.67],[-79.33,-4.93],[-79.08,-4.99],[-78.98,-4.87],[-78.86,-4.67],[-78.69,-4.56],[-78.65,-4.46],[-78.68,-4.33],[-78.55,-3.99],[-78.42,-3.78],[-78.4,-3.59],[-78.35,-3.43],[-78.23,-3.49],[-78.18,-3.35],[-77.94,-3.05],[-77.86,-2.98],[-77.36,-2.81],[-76.68,-2.56],[-76.09,-2.13],[-75.57,-1.53],[-75.42,-0.96],[-75.25,-0.95],[-75.28,-0.71],[-75.26,-0.56],[-75.42,-0.41],[-75.49,-0.25],[-75.48,-0.16],[-75.28,-0.11]]],[[[-90.38,-0.43],[-90.5,-0.45],[-90.6,-0.55],[-90.62,-0.71],[-90.41,-0.85],[-90.22,-0.81],[-90.12,-0.69],[-90.11,-0.51],[-90.25,-0.41],[-90.38,-0.43]]],[[[-89.63,-0.98],[-89.54,-1.03],[-89.37,-0.97],[-89.18,-0.74],[-89.21,-0.66],[-89.32,-0.6],[-89.47,-0.66],[-89.69,-0.86],[-89.63,-0.98]]],[[[-91.46,-0.54],[-91.38,-0.53],[-91.31,-0.42],[-91.21,-0.58],[-91.37,-0.64],[-91.51,-0.75],[-91.57,-0.85],[-91.55,-0.96],[-91.39,-1.09],[-91.12,-1.09],[-90.86,-1],[-90.71,-0.75],[-90.88,-0.53],[-90.91,-0.38],[-91.11,-0.19],[-91.14,-0.01],[-91.25,0.14],[-91.35,0.2],[-91.54,0.17],[-91.67,0.02],[-91.65,-0.06],[-91.47,-0.18],[-91.7,-0.22],[-91.72,-0.42],[-91.66,-0.5],[-91.46,-0.54]]],[[[-90.44,-1.41],[-90.31,-1.3],[-90.35,-1.21],[-90.5,-1.15],[-90.59,-1.31],[-90.44,-1.41]]],[[[-90.56,-0.41],[-90.48,-0.26],[-90.64,-0.12],[-90.8,-0.08],[-90.88,-0.14],[-90.94,-0.28],[-90.84,-0.4],[-90.61,-0.44],[-90.56,-0.41]]]]},"properties":{"ISO_A2_EH":"EC"}},
{"type":"Feature","geometry":{"type":"Polygon","coordinates":[[[-71.82,17.99],[-71.77,17.95],[-71.68,17.71],[-71.57,17.67],[-71.47,17.55],[-71.35,17.58],[-71.04,18.04],[-71.01,18.2],[-70.75,18.27],[-70.68,18.27],[-70.5,18.14],[-70.16,18.18],[-69.98,18.31],[-69.76,18.37],[-69.52,18.34],[-69.28,18.37],[-69.08,18.33],[-68.95,18.33],[-68.75,18.15],[-68.61,18.16],[-68.55,18.26],[-68.39,18.37],[-68.29,18.51],[-68.26,18.62],[-68.33,18.72],[-68.65,18.97],[-68.88,19.06],[-69.15,19.1],[-69.21,19.17],[-69.16,19.29],[-69.31,19.4],[-69.71,19.37],[-69.8,19.49],[-69.82,19.62],[-69.92,19.74],[-70.14,19.71],[-70.27,19.74],[-70.41,19.84],[-70.62,19.85],[-70.8,19.95],[-70.95,19.99],[-71.27,19.92],[-71.43,19.97],[-71.57,19.97],[-71.72,19.9],[-71.81,19.78],[-71.76,19.69],[-71.71,19.42],[-71.75,19.29],[-71.65,19.2],[-71.66,19.13],[-71.81,18.99],[-71.73,18.86],[-71.74,18.73],[-71.87,18.61],[-72,18.6],[-71.87,18.42],[-71.76,18.34],[-71.77,17.97],[-71.82,17.99]]]},"properties":{"ISO_A2_EH":"DO"}},
{"type":"Feature","geometry":{"type":"Polygon","coordinates":[[[-61.24,15.6],[-61.27,15.65],[-61.49,15.7],[-61.56,15.51],[-61.41,15.17],[-61.22,15.19],[-61.18,15.37],[-61.24,15.6]]]},"properties":{"ISO_A2_EH":"DM"}},
{"type":"Feature","geometry":{"type":"Polygon","coordinates":[[[43.29,11.56],[43.19,11.63],[42.9,11.66],[43.32,11.91],[43.45,12.06],[43.49,12.19],[43.42,12.4],[43.19,12.73],[42.88,12.62],[42.77,12.42],[42.67,12.38],[42.48,12.51],[42.38,12.47],[42,11.91],[41.82,11.72],[41.77,11.59],[41.76,11.41],[41.8,10.98],[41.96,10.94],[42.31,11.01],[42.56,11.08],[42.65,11.08],[42.78,11.01],[42.92,11],[43.29,11.56]]]},"properties":{"ISO_A2_EH":"DJ"}},
{"type":"Feature","geometry":{"type":"MultiPolygon","coordinates":[[[[-20.75,82.05],[-21.57,82.15],[-23.21,82.09],[-24.13,81.92],[-24.85,82.07],[-27.92,82.12],[-23.68,82.22],[-22.09,82.33],[-21.09,82.52],[-21.19,82.72],[-22.23,82.85],[-24.08,82.96],[-24.53,83.18],[-25.5,83.34],[-26.77,83.44],[-28.17,83.5],[-28.6,83.56],[-30.6,83.67],[-33.13,83.67],[-34.01,83.61],[-36.99,83.61],[-38,83.57],[-39.19,83.44],[-39.49,83.36],[-40.49,83.4],[-41.9,83.29],[-43.07,83.34],[-45.57,83.13],[-46.5,83.12],[-47.11,82.95],[-46.33,82.76],[-47.67,82.71],[-47.86,82.52],[-46.99,82.23],[-48.57,82.47],[-49.93,82.54],[-50.97,82.55],[-51.57,82.5],[-51.25,82.23],[-52.48,82.39],[-53.37,82.38],[-54.87,82.42],[-56.25,82.29],[-56.66,82.3],[-59.04,82.15],[-59.77,82.04],[-60.73,81.98],[-61.69,81.77],[-61.58,81.4],[-61.75,81.23],[-63.05,81.29],[-63.67,81.16],[-64.81,81.06],[-66,80.73],[-66.7,80.63],[-67.39,80.45],[-67.62,80.29],[-67.45,80.1],[-66.98,80],[-65.74,79.95],[-65.24,79.98],[-65.51,79.6],[-65.79,79.36],[-66.22,79.19],[-67.66,79.18],[-68.56,79.1],[-69.44,78.97],[-69.37,78.9],[-70.62,78.78],[-71,78.71],[-71.64,78.71],[-72.65,78.56],[-73.02,78.42],[-72.96,78.29],[-73.13,78.13],[-72.27,77.88],[-71.44,77.75],[-70.92,77.72],[-70.2,77.49],[-69.47,77.4],[-68.77,77.4],[-69.17,77.28],[-69.65,77.3],[-71.04,77.24],[-71.48,77.09],[-71.46,77.01],[-70.77,76.76],[-69.1,76.61],[-69.81,76.41],[-69.62,76.29],[-68.51,76.03],[-68.27,76],[-66.84,75.89],[-66.4,75.95],[-66.43,76.06],[-65.98,76.15],[-65.52,76.06],[-64.74,76.11],[-64.32,76.2],[-63.67,76.15],[-63.27,76.27],[-62.79,76.18],[-62.19,76.17],[-61.46,76.11],[-59.62,75.8],[-59.28,75.71],[-58.75,75.64],[-58.55,75.51],[-58.92,75.41],[-58.48,75.23],[-58.03,74.99],[-57.56,74.89],[-57.11,74.66],[-56.64,74.54],[-57.01,74.44],[-56.92,74.27],[-57.42,74.17],[-57.25,74.04],[-56.47,74.1],[-56.12,73.8],[-56.36,73.6],[-56.35,73.52],[-56.02,73.43],[-55.91,73.33],[-55.55,73.34],[-55.63,73.22],[-55.94,73.14],[-55.79,72.93],[-56.45,72.74],[-56.32,72.61],[-55.85,72.55],[-55.73,72.38],[-55.9,72.21],[-55.67,72.11],[-55.77,71.8],[-55.9,71.7],[-55.81,71.53],[-55.46,71.36],[-54.69,71.29],[-54.23,71.32],[-53.76,71.42],[-53.64,71.54],[-53.29,71.4],[-53.85,71.34],[-54.16,71.18],[-54.05,71.03],[-53.67,70.96],[-53.3,71.02],[-53.19,71.12],[-52.53,71.13],[-52.29,71.03],[-52.36,70.86],[-52.25,70.81],[-51.53,70.76],[-51.65,70.56],[-52.29,70.75],[-52.74,70.82],[-53.37,70.83],[-54.21,70.89],[-54.48,70.85],[-54.76,70.71],[-54.71,70.63],[-54.31,70.43],[-54.85,70.31],[-55.04,70.13],[-54.95,70.01],[-55.13,69.71],[-54.84,69.55],[-54.31,69.49],[-54.41,69.4],[-53.9,69.2],[-53.54,69.18],[-52.69,69.3],[-51.97,69.43],[-51.69,69.59],[-51.89,69.86],[-52.29,69.93],[-52.34,69.99],[-51.67,69.94],[-51.37,69.48],[-51.09,69.43],[-51.26,69.3],[-51.44,68.75],[-51.69,68.61],[-52.23,68.77],[-52.64,68.78],[-53.21,68.65],[-53.57,68.32],[-53.34,68.23],[-53.53,68],[-53.76,67.87],[-53.98,67.45],[-54.08,67.12],[-53.84,66.94],[-53.26,66.8],[-53.58,66.69],[-53.82,66.42],[-53.78,66.11],[-53.33,65.91],[-53.41,65.78],[-53.37,65.56],[-53.24,65.51],[-52.84,65.51],[-52.65,65.39],[-52.73,65.34],[-52.61,65.16],[-52.42,65.11],[-52.26,64.68],[-52.26,64.41],[-52.15,64.22],[-51.85,64.16],[-51.62,63.9],[-51.71,63.76],[-51.62,63.62],[-51.33,63.4],[-51.16,63.23],[-50.86,63],[-50.63,62.9],[-50.41,62.66],[-50.46,62.44],[-50.17,62.31],[-49.87,62.22],[-49.81,61.98],[-49.54,61.91],[-49.44,61.59],[-49.17,61.47],[-49.04,61.22],[-48.66,61.18],[-48.53,61.12],[-48.49,60.95],[-48.33,60.9],[-48.41,60.79],[-48.04,60.65],[-47.72,60.66],[-47.63,60.76],[-47.2,60.71],[-46.93,60.75],[-46.6,60.63],[-46.17,60.56],[-45.66,60.46],[-45.48,60.39],[-45.53,60.16],[-44.87,59.98],[-44.61,59.94],[-44.46,59.82],[-43.88,59.74],[-43.61,59.79],[-43.54,59.86],[-43.25,59.85],[-42.97,60.04],[-43.01,60.35],[-42.96,60.46],[-42.57,60.74],[-42.5,61.05],[-42.18,61.7],[-41.95,61.84],[-41.98,62.04],[-42.16,62.16],[-42.04,62.4],[-42.03,62.61],[-41.81,62.67],[-41.14,63.1],[-40.93,63.27],[-40.88,63.43],[-40.62,63.49],[-40.61,63.6],[-40.38,63.7],[-40.49,63.93],[-40.45,64.13],[-40.61,64.2],[-40.15,64.38],[-40,64.46],[-40.05,64.56],[-40.28,64.71],[-40.37,64.86],[-40.67,65.03],[-40.24,64.97],[-39.92,65.05],[-39.52,65.24],[-39.41,65.35],[-39.78,65.49],[-38.59,65.55],[-38.14,65.64],[-38.1,65.58],[-37.73,65.52],[-37.4,65.58],[-37.29,65.47],[-36.92,65.46],[-36.77,65.68],[-36.49,65.78],[-36.16,65.82],[-35.43,66.12],[-34.97,66.22],[-34.49,66.39],[-34.31,66.56],[-34.05,66.61],[-33.93,66.7],[-33.35,67.24],[-32.99,67.6],[-32.12,67.88],[-31.98,67.97],[-32,68.23],[-31.53,68.07],[-30.98,67.99],[-30.09,68.13],[-29.91,68.22],[-29.19,68.23],[-28.08,68.41],[-27.79,68.42],[-26.74,68.59],[-26.21,68.65],[-25.55,68.84],[-25.39,68.99],[-25.15,69.03],[-24.87,69.21],[-24.15,69.39],[-23.95,69.48],[-23.56,69.54],[-23.51,69.67],[-22.96,69.72],[-22.83,69.85],[-22.31,69.93],[-22.04,70.04],[-22.01,70.13],[-22.22,70.2],[-23.16,70.19],[-23.96,70.25],[-24.68,70.36],[-25.53,70.43],[-26.13,70.38],[-25.7,70.54],[-25.24,70.6],[-25.13,70.68],[-25.28,70.99],[-25.59,71.11],[-25.42,71.35],[-24.91,71.23],[-24.57,71.11],[-24.34,70.77],[-23.95,70.5],[-23.41,70.38],[-21.99,70.37],[-21.49,70.41],[-21.29,70.52],[-21.45,70.87],[-21.45,71.21],[-21.54,71.53],[-21.97,71.59],[-21.77,71.78],[-22.18,71.82],[-22.3,71.96],[-22.73,72.03],[-24.24,72.4],[-23.32,72.26],[-22.41,72.06],[-22.2,72.05],[-21.85,72.36],[-21.77,72.64],[-21.8,72.95],[-22.65,73.13],[-22.82,73.23],[-22.08,73.2],[-21.27,73.39],[-20.54,73.39],[-20.27,73.46],[-20.07,73.82],[-20.15,73.9],[-21.16,74.04],[-20.56,74.07],[-19.95,74.17],[-19.18,74.23],[-19.01,74.33],[-18.96,74.49],[-19.3,74.67],[-19.76,75.02],[-20.22,75.09],[-20.71,75.1],[-20.34,75.24],[-19.99,75.1],[-19.17,75.05],[-18.79,74.93],[-17.49,74.92],[-17.08,75.01],[-17.22,75.17],[-17.6,75.22],[-17.72,75.42],[-17.88,75.47],[-18.63,75.46],[-19.09,75.36],[-19.22,75.77],[-19.65,76],[-19.55,76.13],[-19.9,76.28],[-20.43,76.31],[-20.83,76.37],[-21.32,76.34],[-21.46,76.42],[-21.49,76.61],[-20.43,76.85],[-20,76.85],[-19.28,76.77],[-19.4,76.44],[-18.99,76],[-18.68,75.94],[-18.28,76.01],[-18.43,76.67],[-18.02,76.91],[-17.97,77.14],[-18.19,77.31],[-18.48,77.36],[-19.24,77.31],[-20.01,77.43],[-20.16,77.61],[-19.46,77.48],[-18.96,77.54],[-19.22,77.76],[-20.13,77.92],[-20.97,77.99],[-21.05,78.06],[-20.85,78.36],[-20.59,78.55],[-20.71,78.65],[-20.36,78.75],[-19.79,78.78],[-19.42,79.02],[-18.78,79.11],[-18.58,79.21],[-19.04,79.4],[-18.82,79.65],[-17.83,79.64],[-17.24,79.8],[-16.98,79.94],[-17.1,80.08],[-16.17,80.2],[-15.5,80.38],[-15.31,80.58],[-14.92,80.66],[-14.24,80.7],[-13.79,80.81],[-13.9,80.95],[-12.76,81.04],[-11.83,81.27],[-11.11,81.39],[-10.94,81.51],[-12.16,81.74],[-14.16,81.89],[-15.78,81.9],[-16.68,81.8],[-17.56,81.5],[-18.69,81.57],[-18.89,81.69],[-20.65,81.7],[-20.75,82.05]],[[-18.3,80.11],[-19.79,79.93],[-19.23,80.18],[-18.3,80.11]],[[-23.86,73.47],[-24.54,73.49],[-24.17,73.61],[-23.86,73.47]],[[-67.58,77.46],[-66.82,77.6],[-66.61,77.52],[-66.75,77.42],[-67.58,77.46]]],[[[-72.82,77.41],[-72.58,77.3],[-72.09,77.24],[-71.17,77.31],[-71.15,77.43],[-72.06,77.54],[-72.65,77.51],[-72.82,77.41]]],[[[-18.26,81.8],[-18.33,81.98],[-18.84,82.15],[-19.88,82.18],[-20.11,81.98],[-19.39,81.77],[-18.57,81.75],[-18.26,81.8]]],[[[-19.66,78.26],[-19.47,77.93],[-19.08,77.87],[-18.67,77.94],[-18.53,78.12],[-18.57,78.45],[-18.97,78.51],[-19.4,78.47],[-19.66,78.26]]],[[[-18.05,77.57],[-17.42,77.68],[-17.36,77.9],[-17.82,77.96],[-18.18,77.91],[-18.58,77.66],[-18.05,77.57]]]]},"properties":{"ISO_A2_EH":"GL"}},
{"type":"Feature","geometry":{"type":"MultiPolygon","coordinates":[[[[-6.6,61.93],[-6.52,62.12],[-6.38,62.12],[-6.23,62.28],[-6.42,62.39],[-6.93,62.4],[-7.31,62.32],[-7.25,62.22],[-7.54,62.18],[-7.51,62.02],[-7.3,61.98],[-7.04,61.98],[-7.01,61.84],[-6.74,61.7],[-6.55,61.71],[-6.48,61.85],[-6.6,61.93]]],[[[-6.95,61.45],[-6.79,61.35],[-6.54,61.38],[-6.59,61.6],[-6.8,61.69],[-7.03,61.69],[-7.08,61.59],[-6.95,61.45]]]]},"properties":{"ISO_A2_EH":"FO"}},
{"type":"Feature","geometry":{"type":"MultiPolygon","coordinates":[[[[12.43,56.18],[12.18,56.19],[11.78,56.02],[11.39,56],[11.23,55.81],[11.03,55.81],[10.86,55.75],[10.9,55.59],[11.06,55.45],[11.04,55.31],[11.19,55.15],[11.55,55.13],[11.61,54.96],[11.57,54.9],[11.31,55.03],[11.05,55.01],[11.05,55.2],[10.74,55.67],[10.47,55.64],[10.28,55.69],[10.17,55.78],[10.3,55.83],[10.43,56.16],[10.66,56.13],[10.97,56.26],[11.06,56.45],[10.91,56.59],[10.53,56.59],[10.42,56.65],[10.43,56.97],[10.66,57.22],[10.67,57.46],[10.58,57.57],[10.72,57.69],[10.71,57.79],[10.48,57.81],[10.2,57.68],[9.89,57.65],[9.71,57.52],[9.45,57.28],[9.28,57.22],[8.91,57.22],[8.56,57.18],[8.16,56.88],[8.06,56.65],[7.99,56.13],[8.07,55.98],[8,55.57],[8.5,55.37],[8.54,55.2],[8.48,55.12],[8.53,54.99],[8.54,54.96],[8.67,54.9],[8.9,54.9],[9.34,54.81],[9.73,54.86],[10.02,54.81],[10.16,54.84],[10.4,54.76],[10.53,54.78],[10.63,54.68],[10.91,54.73],[11.45,54.55],[11.89,54.64],[11.89,54.72],[12.17,54.76],[12.39,54.89],[12.54,54.88],[12.67,54.95],[12.61,55.05],[12.29,55.14],[12.55,55.26],[12.5,55.44],[12.81,55.57],[12.66,55.92],[12.62,56.06],[12.43,56.18]]],[[[10.7,55.99],[10.5,56.06],[10.38,55.97],[10.4,55.74],[10.63,55.7],[10.8,55.88],[10.7,55.99]]],[[[10.8,57.33],[10.75,57.24],[11.04,57.16],[11.26,57.27],[11.28,57.37],[11.08,57.4],[10.8,57.33]]],[[[15.15,54.96],[15.26,55.07],[15.26,55.18],[14.84,55.35],[14.74,55.37],[14.59,55.26],[14.55,55.06],[14.83,54.97],[15.15,54.96]]]]},"properties":{"ISO_A2_EH":"DK"}},
{"type":"Feature","geometry":{"type":"Polygon","coordinates":[[[18.83,49.51],[18.81,49.61],[18.59,49.76],[18.56,49.88],[18.31,49.91],[18.03,50.04],[17.87,49.97],[17.59,50.16],[17.71,50.19],[17.72,50.3],[17.42,50.25],[17.15,50.38],[16.87,50.41],[16.99,50.26],[16.68,50.1],[16.21,50.42],[16.42,50.57],[16.28,50.66],[16.01,50.61],[15.73,50.74],[15.35,50.81],[15.26,50.96],[14.99,51.01],[14.98,50.89],[14.81,50.86],[14.72,50.81],[14.51,51.01],[14.32,51.04],[14.37,50.9],[13.9,50.76],[13.53,50.69],[13.47,50.62],[13.24,50.58],[13.02,50.49],[12.97,50.42],[12.77,50.43],[12.45,50.35],[12.28,50.18],[12.28,50.04],[12.46,49.96],[12.5,49.85],[12.39,49.74],[12.63,49.46],[12.81,49.33],[12.92,49.33],[13.14,49.16],[13.34,49.06],[13.44,48.96],[13.55,48.96],[13.81,48.77],[13.99,48.69],[14.05,48.6],[14.37,48.58],[14.49,48.63],[14.69,48.6],[14.82,48.77],[14.92,48.77],[14.97,48.98],[15.2,48.95],[15.31,48.97],[15.7,48.86],[15.83,48.86],[16.06,48.75],[16.37,48.74],[16.48,48.8],[16.88,48.7],[16.95,48.6],[17.06,48.78],[17.19,48.86],[17.48,48.83],[17.76,48.89],[18.09,49.07],[18.16,49.26],[18.36,49.34],[18.6,49.49],[18.83,49.51]]]},"properties":{"ISO_A2_EH":"CZ"}},
{"type":"Feature","geometry":{"type":"Polygon","coordinates":[[[32.73,35.24],[32.65,35.18],[32.92,35.09],[33.19,35.17],[33.38,35.16],[33.53,35.04],[33.68,35.02],[34,35.14],[34.07,35.11],[34.02,35.25],[34.52,35.54],[34.64,35.66],[34.56,35.73],[34.38,35.7],[34.02,35.54],[33.59,35.42],[33.45,35.41],[32.89,35.45],[32.81,35.24],[32.73,35.24]]]},"properties":{"ISO_A2_EH":"-99"}},
{"type":"Feature","geometry":{"type":"Polygon","coordinates":[[[32.73,35.24],[32.51,35.22],[32.39,35.13],[32.23,35.12],[32.23,34.93],[32.39,34.67],[32.68,34.58],[32.84,34.59],[32.88,34.51],[33.05,34.51],[33.14,34.62],[33.45,34.69],[33.74,34.9],[33.95,34.9],[34.13,34.95],[34.07,35.11],[34,35.14],[33.68,35.02],[33.53,35.04],[33.38,35.16],[33.19,35.17],[32.92,35.09],[32.65,35.18],[32.73,35.24]]]},"properties":{"ISO_A2_EH":"CY"}},
{"type":"Feature","geometry":{"type":"MultiPolygon","coordinates":[[[[-79.66,21.6],[-79.29,21.49],[-79.19,21.48],[-78.83,21.55],[-78.7,21.47],[-78.61,21.28],[-78.56,21.02],[-78.16,20.7],[-78.01,20.64],[-77.47,20.62],[-77.28,20.58],[-77.17,20.45],[-77.26,20.36],[-77.61,20.13],[-77.78,19.9],[-77.76,19.8],[-77.46,19.79],[-77.21,19.82],[-76.99,19.82],[-76.77,19.87],[-76.16,19.92],[-75.78,19.89],[-75.57,19.82],[-75.27,19.82],[-74.97,19.86],[-74.82,19.93],[-74.62,19.99],[-74.22,20.01],[-74.09,20.13],[-74.06,20.24],[-74.11,20.34],[-74.23,20.4],[-74.36,20.4],[-74.47,20.44],[-74.69,20.63],[-74.85,20.72],[-75.21,20.79],[-75.52,20.79],[-75.57,20.91],[-75.52,20.99],[-75.58,21.11],[-75.7,21.18],[-76.05,21.2],[-76.23,21.29],[-76.45,21.35],[-76.6,21.35],[-76.78,21.43],[-77.07,21.66],[-77.25,21.77],[-77.46,21.94],[-77.57,21.96],[-77.57,22.09],[-77.78,22.16],[-77.83,22.27],[-78.12,22.5],[-78.24,22.5],[-78.31,22.6],[-78.64,22.63],[-78.77,22.56],[-78.72,22.45],[-79.25,22.48],[-79.27,22.71],[-79.56,22.88],[-79.75,22.86],[-79.78,22.95],[-79.93,22.94],[-80.05,23.01],[-80.35,23.01],[-80.5,23.07],[-80.63,23.18],[-81.02,23.16],[-81.15,23.13],[-81.23,23.22],[-81.57,23.19],[-82.1,23.26],[-82.37,23.22],[-82.68,23.11],[-83.28,23.04],[-84.08,22.73],[-84.34,22.52],[-84.43,22.41],[-84.46,22.25],[-84.42,22.1],[-84.56,22.1],[-84.94,21.95],[-84.96,21.83],[-84.85,21.75],[-84.57,21.86],[-84.57,21.74],[-84.42,21.73],[-84.21,21.83],[-83.99,21.88],[-83.87,22.1],[-83.56,22.14],[-83.49,22.11],[-83.34,22.16],[-83.09,22.33],[-82.96,22.46],[-82.71,22.62],[-81.91,22.61],[-81.79,22.53],[-82.1,22.46],[-82.15,22.38],[-82.02,22.24],[-81.83,22.13],[-81.47,22.11],[-81.38,22.03],[-81.13,22.04],[-80.97,21.98],[-80.46,21.99],[-80.27,21.81],[-79.94,21.68],[-79.66,21.6]],[[-78.59,22.4],[-78.44,22.39],[-78.13,22.24],[-78.1,22.17],[-78.59,22.4]]],[[[-82.9,21.37],[-82.62,21.45],[-82.48,21.53],[-82.56,21.81],[-82.65,21.94],[-82.73,21.98],[-83.03,22.02],[-83.15,21.86],[-83.13,21.68],[-83.23,21.68],[-83.26,21.58],[-83.11,21.4],[-82.9,21.37]]]]},"properties":{"ISO_A2_EH":"CU"}},
{"type":"Feature","geometry":{"type":"Polygon","coordinates":[[[13.52,45.57],[13.4,45.51],[13.53,45.08],[13.79,44.78],[14.03,44.77],[14.2,44.96],[14.33,44.64],[14.47,44.55],[14.67,44.63],[14.83,44.44],[15.05,44.29],[14.98,44.19],[14.78,44.2],[14.8,44.09],[15.06,43.86],[15.47,43.84],[15.85,43.62],[15.92,43.46],[16.14,43.43],[16.38,43.47],[16.28,43.2],[16.52,43.08],[16.58,42.92],[16.7,42.85],[16.86,42.82],[17.19,42.85],[17.25,42.76],[17.72,42.63],[17.84,42.7],[18.48,42.37],[18.59,42.38],[18.44,42.56],[18.3,42.6],[17.84,42.85],[17.8,42.9],[17.61,42.9],[17.62,43.04],[17.29,43.31],[17.27,43.45],[17.08,43.52],[16.71,43.78],[16.59,43.91],[16.38,44.06],[16.21,44.22],[16.13,44.47],[15.88,44.68],[15.74,44.77],[15.79,45.18],[16.03,45.19],[16.29,45.01],[16.53,45.22],[16.79,45.2],[16.92,45.28],[17.13,45.17],[17.55,45.12],[17.69,45.16],[17.81,45.08],[18,45.14],[18.28,45.13],[18.66,45.08],[18.84,44.88],[19.01,44.87],[19.1,44.97],[19.06,45.14],[19.39,45.17],[19.33,45.27],[19.09,45.34],[19,45.4],[19.06,45.53],[18.84,45.84],[18.91,45.93],[18.67,45.91],[18.44,45.77],[17.96,45.77],[17.71,45.83],[17.61,45.91],[17.31,46],[17.15,46.14],[16.94,46.25],[16.75,46.42],[16.52,46.5],[16.32,46.53],[16.23,46.37],[16.07,46.37],[16,46.31],[15.64,46.2],[15.67,46.05],[15.62,45.83],[15.28,45.73],[15.34,45.47],[15.11,45.45],[14.95,45.5],[14.73,45.51],[14.53,45.65],[14.37,45.48],[14.09,45.48],[13.99,45.51],[13.88,45.43],[13.62,45.48],[13.52,45.57]]]},"properties":{"ISO_A2_EH":"HR"}},
{"type":"Feature","geometry":{"type":"Polygon","coordinates":[[[-7.99,10.16],[-8.14,10.02],[-8.14,9.5],[-8.03,9.4],[-7.9,9.42],[-7.92,9.19],[-7.78,9.08],[-7.94,8.98],[-7.95,8.79],[-7.78,8.72],[-7.69,8.56],[-7.68,8.41],[-7.82,8.47],[-8.05,8.5],[-8.24,8.46],[-8.26,8.25],[-8.02,8.14],[-8.01,8.08],[-8.13,7.87],[-8.12,7.76],[-8.23,7.56],[-8.43,7.6],[-8.49,7.56],[-8.44,7.52],[-8.3,7.07],[-8.33,6.8],[-8.4,6.71],[-8.6,6.51],[-8.45,6.46],[-8.34,6.35],[-8.2,6.29],[-7.98,6.29],[-7.89,6.23],[-7.8,5.98],[-7.73,5.92],[-7.45,5.84],[-7.4,5.55],[-7.43,5.32],[-7.51,5.11],[-7.57,5.08],[-7.59,4.82],[-7.57,4.39],[-7.54,4.28],[-7.4,4.31],[-7.2,4.42],[-7.03,4.48],[-6.89,4.58],[-6.52,4.69],[-5.89,4.94],[-5.55,5.02],[-4.9,5.07],[-4.65,5.1],[-4.03,5.16],[-3.9,5.15],[-3.13,5.02],[-3.09,5.13],[-2.95,5.12],[-2.8,5.18],[-2.75,5.43],[-2.79,5.6],[-2.96,5.64],[-3,5.71],[-3.11,6.09],[-3.2,6.35],[-3.24,6.54],[-3.24,6.81],[-3.17,6.94],[-2.99,7.2],[-2.96,7.45],[-2.9,7.69],[-2.79,7.93],[-2.61,8.05],[-2.61,8.15],[-2.51,8.21],[-2.6,8.8],[-2.65,8.96],[-2.75,9.11],[-2.67,9.28],[-2.7,9.48],[-2.82,9.43],[-2.99,9.69],[-3.1,9.75],[-3.22,9.9],[-3.29,9.88],[-3.58,9.92],[-3.88,9.89],[-4.27,9.74],[-4.33,9.65],[-4.53,9.72],[-4.63,9.71],[-4.97,9.93],[-4.99,10.05],[-5.1,10.24],[-5.26,10.32],[-5.38,10.31],[-5.52,10.43],[-5.69,10.43],[-5.84,10.39],[-6.03,10.19],[-6.24,10.28],[-6.19,10.4],[-6.26,10.72],[-6.43,10.67],[-6.41,10.57],[-6.56,10.59],[-6.65,10.66],[-6.69,10.51],[-6.69,10.35],[-6.95,10.34],[-7.04,10.14],[-7.1,10.2],[-7.36,10.26],[-7.5,10.44],[-7.66,10.43],[-7.81,10.24],[-7.99,10.16]]]},"properties":{"ISO_A2_EH":"CI"}},
{"type":"Feature","geometry":{"type":"Polygon","coordinates":[[[-82.52,9.63],[-82.73,9.73],[-82.98,10.05],[-83.08,10.1],[-83.38,10.5],[-83.59,10.97],[-83.61,10.86],[-83.81,10.74],[-83.92,10.74],[-84.17,10.78],[-84.35,10.98],[-84.49,10.99],[-84.7,11.05],[-84.91,10.95],[-85.54,11.17],[-85.62,11.18],[-85.7,11.08],[-85.82,11.06],[-85.93,10.98],[-85.98,10.89],[-85.74,10.72],[-85.74,10.65],[-85.9,10.43],[-85.92,10.29],[-85.86,10.1],[-85.66,9.84],[-85.36,9.75],[-85.12,9.51],[-85.01,9.55],[-84.77,9.85],[-84.72,9.78],[-84.73,9.61],[-84.62,9.51],[-84.26,9.4],[-84.16,9.32],[-83.93,9.22],[-83.7,9],[-83.69,8.82],[-83.81,8.61],[-83.65,8.42],[-83.57,8.38],[-83.3,8.33],[-83.24,8.35],[-83.09,8.24],[-82.93,8.02],[-82.88,8.13],[-83,8.37],[-82.86,8.45],[-82.86,8.64],[-82.92,8.74],[-82.74,8.9],[-82.74,8.95],[-82.94,9.06],[-82.94,9.45],[-82.8,9.59],[-82.64,9.51],[-82.52,9.63]]]},"properties":{"ISO_A2_EH":"CR"}},
{"type":"Feature","geometry":{"type":"Polygon","coordinates":[[[30.75,-8.19],[30.72,-8.1],[30.41,-7.46],[30.31,-7.2],[30.11,-6.92],[29.71,-6.62],[29.54,-6.31],[29.48,-6.02],[29.6,-5.78],[29.59,-5.65],[29.34,-4.98],[29.33,-4.84],[29.4,-4.45],[29.33,-4.1],[29.22,-3.91],[29.21,-3.36],[29.22,-3.05],[29.02,-2.8],[29.01,-2.72],[28.92,-2.68],[28.86,-2.45],[28.88,-2.4],[29.11,-2.23],[29.15,-2.13],[29.13,-1.86],[29.2,-1.72],[29.35,-1.52],[29.58,-1.39],[29.56,-0.98],[29.65,-0.54],[29.63,-0.44],[29.72,0.1],[29.78,0.17],[29.93,0.5],[29.94,0.82],[30.18,0.97],[30.32,1.19],[30.48,1.24],[30.94,1.68],[31.25,2.04],[31.27,2.15],[31.18,2.27],[31.08,2.29],[30.96,2.4],[30.83,2.4],[30.73,2.46],[30.77,2.68],[30.85,2.85],[30.82,2.97],[30.75,3.04],[30.83,3.28],[30.91,3.41],[30.84,3.49],[30.76,3.62],[30.56,3.65],[30.51,3.84],[30.19,3.98],[29.87,4.33],[29.78,4.48],[29.68,4.59],[29.55,4.64],[29.47,4.61],[29.38,4.5],[29.22,4.39],[29.15,4.39],[28.94,4.49],[28.73,4.5],[28.43,4.32],[28.19,4.35],[27.98,4.53],[27.79,4.64],[27.66,4.85],[27.49,4.97],[27.4,5.11],[27.11,5.2],[27.02,5.18],[26.82,5.06],[26.63,5.09],[26.17,5.17],[25.71,5.28],[25.53,5.31],[25.4,5.26],[25.25,5.02],[25.07,4.97],[24.98,4.98],[24.77,4.93],[24.44,5.01],[24.32,4.99],[23.85,4.82],[23.68,4.77],[23.42,4.66],[23.31,4.66],[23.12,4.74],[22.86,4.72],[22.76,4.65],[22.62,4.45],[22.51,4.21],[22.42,4.13],[21.91,4.25],[21.69,4.28],[21.54,4.24],[21.35,4.31],[21.23,4.3],[20.96,4.41],[20.56,4.46],[20.39,4.69],[20.23,4.83],[20,4.94],[19.81,5.09],[19.5,5.13],[19.32,5.07],[19.07,4.89],[18.83,4.52],[18.7,4.38],[18.59,4.35],[18.57,4.26],[18.62,4.12],[18.63,3.95],[18.6,3.68],[18.61,3.48],[18.62,3.3],[18.49,2.92],[18.21,2.41],[18.07,2.01],[18.06,1.53],[17.9,1.12],[17.89,0.86],[17.93,0.54],[17.89,0.23],[17.77,-0.05],[17.72,-0.28],[17.75,-0.55],[17.54,-0.77],[17.28,-1],[17.11,-1.06],[16.88,-1.23],[16.78,-1.38],[16.54,-1.84],[16.22,-2.18],[16.19,-2.28],[16.22,-3.03],[16.15,-3.46],[15.99,-3.77],[15.87,-3.93],[15.6,-4.03],[15.39,-4.24],[15.27,-4.31],[15.11,-4.46],[14.91,-4.71],[14.71,-4.88],[14.41,-4.83],[14.37,-4.59],[14.45,-4.45],[14.36,-4.3],[13.94,-4.48],[13.78,-4.43],[13.72,-4.45],[13.69,-4.69],[13.41,-4.84],[13.22,-4.71],[13.14,-4.6],[13.07,-4.63],[12.83,-4.74],[12.57,-5],[12.45,-5.07],[12.52,-5.15],[12.5,-5.7],[12.21,-5.76],[12.15,-5.79],[12.34,-6.02],[12.49,-6.03],[12.71,-5.98],[13,-5.87],[13.18,-5.86],[13.98,-5.86],[14.4,-5.89],[14.75,-5.88],[15.73,-5.86],[16.32,-5.87],[16.54,-5.97],[16.72,-6.24],[16.71,-6.47],[16.74,-6.62],[16.92,-6.93],[16.97,-7.06],[16.98,-7.26],[17.16,-7.46],[17.25,-7.62],[17.54,-8.08],[17.58,-8.1],[17.91,-8.07],[18.01,-8.11],[18.19,-8.02],[18.65,-7.94],[18.9,-8],[19.14,-8],[19.34,-7.97],[19.37,-7.66],[19.48,-7.47],[19.48,-7.28],[19.53,-7.14],[19.66,-7.04],[19.88,-6.99],[20.48,-6.92],[20.6,-6.94],[20.54,-7.12],[20.61,-7.28],[21.19,-7.28],[21.75,-7.31],[21.84,-7.42],[21.83,-7.6],[21.78,-7.87],[21.8,-8.11],[21.9,-8.34],[21.91,-8.69],[21.83,-9.17],[21.81,-9.47],[21.86,-9.59],[21.95,-9.73],[22.09,-9.86],[22.2,-10.04],[22.3,-10.4],[22.28,-10.78],[22.18,-10.89],[22.23,-11.12],[22.28,-11.19],[22.39,-11.16],[22.56,-11.06],[22.81,-11.08],[23.16,-11.07],[23.4,-10.98],[23.83,-11.01],[23.97,-10.87],[24.08,-10.89],[24.14,-11.03],[24.32,-11.07],[24.4,-11.26],[24.34,-11.37],[24.52,-11.44],[24.67,-11.35],[25.18,-11.24],[25.32,-11.24],[25.28,-11.4],[25.35,-11.62],[25.51,-11.75],[25.62,-11.74],[26.03,-11.89],[26.6,-11.97],[26.89,-11.94],[26.95,-11.9],[27.05,-11.62],[27.2,-11.61],[27.24,-11.78],[27.42,-11.94],[27.53,-12.2],[27.64,-12.27],[27.86,-12.28],[28.36,-12.48],[28.47,-12.62],[28.55,-12.84],[28.67,-12.86],[28.77,-12.98],[29.01,-13.37],[29.2,-13.4],[29.55,-13.25],[29.63,-13.3],[29.65,-13.41],[29.8,-13.39],[29.8,-12.16],[29.56,-12.2],[29.49,-12.27],[29.5,-12.39],[29.43,-12.43],[29.06,-12.35],[28.85,-12.12],[28.57,-11.91],[28.48,-11.81],[28.36,-11.48],[28.4,-11.35],[28.54,-10.8],[28.64,-10.67],[28.61,-10.4],[28.63,-9.83],[28.54,-9.51],[28.4,-9.27],[28.4,-9.22],[28.62,-9.07],[28.79,-8.89],[28.92,-8.7],[28.97,-8.46],[29.77,-8.34],[30.75,-8.19]]]},"properties":{"ISO_A2_EH":"CD"}},
{"type":"Feature","geometry":{"type":"Polygon","coordinates":[[[11.08,-3.97],[11.3,-4.17],[11.33,-4.24],[11.62,-4.48],[11.71,-4.59],[11.71,-4.7],[11.84,-4.91],[11.96,-5.05],[12.08,-4.95],[12.2,-4.78],[12.31,-4.77],[12.38,-4.62],[12.64,-4.53],[12.8,-4.43],[12.88,-4.45],[13.07,-4.63],[13.14,-4.6],[13.22,-4.71],[13.41,-4.84],[13.69,-4.69],[13.72,-4.45],[13.78,-4.43],[13.94,-4.48],[14.36,-4.3],[14.45,-4.45],[14.37,-4.59],[14.41,-4.83],[14.71,-4.88],[14.91,-4.71],[15.11,-4.46],[15.27,-4.31],[15.39,-4.24],[15.6,-4.03],[15.87,-3.93],[15.99,-3.77],[16.15,-3.46],[16.22,-3.03],[16.19,-2.28],[16.22,-2.18],[16.54,-1.84],[16.78,-1.38],[16.88,-1.23],[17.11,-1.06],[17.28,-1],[17.54,-0.77],[17.75,-0.55],[17.72,-0.28],[17.77,-0.05],[17.89,0.23],[17.93,0.54],[17.89,0.86],[17.9,1.12],[18.06,1.53],[18.07,2.01],[18.21,2.41],[18.49,2.92],[18.62,3.3],[18.61,3.48],[18.47,3.62],[18.32,3.58],[18.16,3.5],[18.11,3.55],[17.88,3.55],[17.44,3.68],[17.3,3.62],[17,3.56],[16.67,3.54],[16.57,3.46],[16.5,3.21],[16.47,2.83],[16.18,2.27],[16.08,2.11],[16.09,1.92],[16.14,1.72],[16.06,1.68],[15.98,1.76],[15.74,1.91],[15.6,1.95],[15.34,1.94],[15.2,2.02],[14.9,2.01],[14.88,2.08],[14.76,2.08],[14.58,2.2],[14.48,2.15],[13.29,2.16],[13.21,1.92],[13.16,1.65],[13.27,1.24],[13.85,1.42],[14.18,1.37],[14.24,1.32],[14.3,1.12],[14.39,1],[14.43,0.81],[14.32,0.62],[14.23,0.55],[14.09,0.54],[13.95,0.35],[13.88,0.19],[13.86,-0.2],[14.07,-0.27],[14.21,-0.43],[14.36,-0.47],[14.48,-0.62],[14.41,-0.97],[14.46,-1.41],[14.4,-1.59],[14.42,-1.71],[14.38,-1.89],[14.25,-2],[14.16,-2.22],[14.2,-2.35],[14.09,-2.47],[13.89,-2.47],[13.89,-2.37],[13.78,-2.16],[13.73,-2.14],[13.62,-2.28],[13.46,-2.4],[13.36,-2.4],[12.99,-2.31],[12.79,-1.93],[12.59,-1.83],[12.43,-1.93],[12.48,-2.11],[12.45,-2.33],[12.06,-2.41],[11.95,-2.34],[11.73,-2.39],[11.58,-2.4],[11.6,-2.6],[11.54,-2.84],[11.64,-2.86],[11.76,-2.98],[11.69,-3.13],[11.72,-3.18],[11.93,-3.32],[11.83,-3.53],[11.88,-3.63],[11.85,-3.7],[11.69,-3.68],[11.5,-3.52],[11.29,-3.64],[11.19,-3.76],[11.08,-3.97]]]},"properties":{"ISO_A2_EH":"CG"}},
{"type":"Feature","geometry":{"type":"MultiPolygon","coordinates":[[[[44.57,-12.13],[44.53,-12.03],[44.45,-11.99],[44.33,-12.1],[44.21,-12.1],[44.15,-12.19],[44.42,-12.39],[44.53,-12.43],[44.6,-12.34],[44.57,-12.13]]],[[[43.87,-12.28],[43.73,-12.19],[43.58,-12.19],[43.56,-12.31],[43.62,-12.41],[43.85,-12.44],[43.93,-12.37],[43.87,-12.28]]],[[[43.21,-11.38],[43.18,-11.41],[43.15,-11.77],[43.26,-11.91],[43.45,-11.99],[43.57,-11.87],[43.45,-11.6],[43.47,-11.38],[43.36,-11.29],[43.21,-11.38]]]]},"properties":{"ISO_A2_EH":"KM"}},
{"type":"Feature","geometry":{"type":"Polygon","coordinates":[[[-71.26,11.82],[-71.06,12.02],[-71.08,12.19],[-71.21,12.39],[-71.48,12.5],[-71.74,12.49],[-72.2,12.23],[-72.23,12.09],[-72.33,11.94],[-72.48,11.87],[-72.76,11.78],[-73.34,11.37],[-73.78,11.35],[-74.06,11.41],[-74.18,11.39],[-74.27,11.3],[-74.32,11.07],[-74.45,11.06],[-74.86,11.19],[-74.97,11.11],[-75.34,10.78],[-75.5,10.66],[-75.62,10.36],[-75.77,10.18],[-75.67,10],[-75.76,9.72],[-75.68,9.54],[-75.76,9.49],[-75.92,9.5],[-76.07,9.42],[-76.19,9.31],[-76.33,9.04],[-76.73,8.76],[-76.93,8.68],[-76.99,8.57],[-76.88,8.42],[-76.84,8.3],[-76.93,8.29],[-77.08,8.45],[-77.21,8.54],[-77.33,8.72],[-77.48,8.5],[-77.41,8.43],[-77.35,8.27],[-77.21,8.03],[-77.22,7.93],[-77.35,7.84],[-77.35,7.71],[-77.59,7.54],[-77.73,7.71],[-77.74,7.54],[-77.83,7.44],[-77.9,7.23],[-77.95,7.18],[-77.86,7.09],[-77.66,6.79],[-77.57,6.62],[-77.48,6.62],[-77.43,6.51],[-77.46,6.35],[-77.53,6.33],[-77.54,6.15],[-77.41,5.96],[-77.33,5.79],[-77.38,5.73],[-77.57,5.6],[-77.61,5.54],[-77.46,5.38],[-77.43,5.21],[-77.44,5.07],[-77.41,4.81],[-77.36,4.72],[-77.42,4.44],[-77.58,4.3],[-77.58,4.18],[-77.51,4.14],[-77.5,4.04],[-77.42,3.91],[-77.22,3.8],[-77.3,3.62],[-77.46,3.41],[-77.61,3.13],[-77.75,3.1],[-77.74,2.91],[-77.9,2.8],[-77.99,2.67],[-78.2,2.73],[-78.36,2.54],[-78.42,2.56],[-78.58,2.48],[-78.69,2.33],[-78.7,2.04],[-78.63,1.87],[-78.8,1.93],[-79.01,1.8],[-79.1,1.61],[-78.93,1.43],[-78.83,1.43],[-78.68,1.28],[-78.51,1.2],[-78.31,1.05],[-78.04,0.9],[-77.83,0.83],[-77.7,0.84],[-77.65,0.72],[-77.47,0.64],[-77.42,0.42],[-77.29,0.36],[-77.11,0.36],[-76.92,0.27],[-76.73,0.27],[-76.49,0.24],[-76.43,0.26],[-76.41,0.38],[-76.31,0.45],[-76.07,0.35],[-75.88,0.15],[-75.78,0.09],[-75.62,0.06],[-75.46,-0.04],[-75.28,-0.11],[-75.14,-0.05],[-74.95,-0.19],[-74.8,-0.2],[-74.76,-0.3],[-74.62,-0.37],[-74.42,-0.58],[-74.33,-0.85],[-74.25,-0.97],[-74.05,-1.03],[-73.86,-1.2],[-73.66,-1.25],[-73.49,-1.54],[-73.5,-1.69],[-73.35,-1.78],[-73.2,-1.83],[-73.13,-2.08],[-73.15,-2.28],[-72.89,-2.41],[-72.63,-2.35],[-72.4,-2.43],[-72.14,-2.38],[-71.98,-2.33],[-71.75,-2.15],[-71.56,-2.22],[-71.4,-2.33],[-71.2,-2.31],[-71.11,-2.25],[-70.91,-2.22],[-70.58,-2.42],[-70.1,-2.66],[-70.07,-2.75],[-70.74,-3.78],[-70.53,-3.87],[-70.34,-3.81],[-70.24,-3.88],[-70.17,-4.05],[-69.97,-4.24],[-69.95,-4.2],[-69.85,-3.66],[-69.67,-2.67],[-69.48,-1.62],[-69.4,-1.19],[-69.45,-1],[-69.54,-0.92],[-69.62,-0.72],[-69.59,-0.64],[-69.67,-0.48],[-69.92,-0.32],[-70.07,-0.14],[-70.05,0.58],[-69.81,0.61],[-69.47,0.73],[-69.28,0.63],[-69.17,0.64],[-69.16,0.86],[-69.26,1.02],[-69.36,1.06],[-69.62,1.07],[-69.85,1.06],[-69.85,1.71],[-69.58,1.77],[-69.32,1.72],[-68.18,1.72],[-68.26,1.85],[-68.19,1.99],[-68.13,1.96],[-67.99,1.75],[-67.82,1.79],[-67.61,2.04],[-67.5,2.11],[-67.35,2.09],[-67.12,1.7],[-67.09,1.62],[-67.09,1.21],[-67.07,1.18],[-66.88,1.22],[-66.88,1.36],[-66.98,1.6],[-66.99,1.68],[-67.11,2.05],[-67.22,2.28],[-67.21,2.39],[-67.49,2.64],[-67.6,2.77],[-67.83,2.89],[-67.35,3.32],[-67.31,3.42],[-67.5,3.69],[-67.66,3.86],[-67.78,4.2],[-67.8,4.38],[-67.86,4.51],[-67.86,4.67],[-67.81,4.93],[-67.82,5.27],[-67.79,5.38],[-67.69,5.45],[-67.64,5.56],[-67.63,5.71],[-67.58,5.83],[-67.47,5.93],[-67.44,6.03],[-67.48,6.18],[-67.57,6.24],[-67.86,6.29],[-67.94,6.24],[-68.14,6.2],[-68.47,6.16],[-68.74,6.16],[-68.94,6.2],[-69.09,6.18],[-69.27,6.1],[-69.44,6.13],[-69.74,6.49],[-70.1,6.94],[-70.39,6.97],[-70.66,7.08],[-70.81,7.08],[-71.01,6.99],[-71.22,6.99],[-71.62,7.03],[-71.89,6.99],[-72.08,7.1],[-72.21,7.37],[-72.44,7.45],[-72.48,7.61],[-72.45,7.97],[-72.36,8.09],[-72.42,8.38],[-72.67,8.63],[-72.8,9.11],[-72.96,9.14],[-73.06,9.26],[-73.19,9.19],[-73.34,9.17],[-73.36,9.23],[-73.06,9.67],[-73.01,9.79],[-72.94,10.2],[-72.87,10.49],[-72.69,10.84],[-72.45,11.11],[-72.25,11.2],[-72.01,11.6],[-71.96,11.67],[-71.54,11.77],[-71.32,11.86],[-71.26,11.82]]]},"properties":{"ISO_A2_EH":"CO"}},
{"type":"Feature","geometry":{"type":"MultiPolygon","coordinates":[[[[107.99,21.44],[108.16,21.49],[108.28,21.48],[108.56,21.58],[108.62,21.67],[108.75,21.56],[109.01,21.55],[109.01,21.41],[109.15,21.35],[109.36,21.38],[109.58,21.48],[109.71,21.39],[109.69,21.26],[109.6,21.15],[109.62,21.05],[109.58,20.91],[109.73,20.7],[109.71,20.61],[109.81,20.46],[109.8,20.34],[109.9,20.23],[110.12,20.19],[110.37,20.23],[110.51,20.31],[110.6,20.44],[110.58,20.55],[110.41,20.69],[110.52,20.9],[110.62,21],[110.6,21.15],[110.81,21.32],[111.06,21.37],[111.07,21.41],[111.34,21.41],[111.42,21.47],[111.63,21.49],[111.8,21.64],[111.91,21.65],[112.01,21.77],[112.16,21.7],[112.32,21.67],[112.45,21.76],[112.45,21.6],[112.55,21.54],[112.66,21.57],[112.77,21.51],[112.86,21.57],[112.88,21.67],[113.11,22.01],[113.3,22.02],[113.5,22.13],[113.53,22.25],[113.6,22.17],[113.67,22.36],[113.63,22.43],[113.63,22.62],[113.86,22.49],[114.19,22.56],[114.37,22.52],[114.47,22.45],[114.61,22.48],[114.69,22.56],[114.87,22.54],[115.19,22.74],[115.36,22.65],[115.54,22.65],[115.64,22.78],[115.86,22.73],[116.27,22.87],[116.51,22.88],[116.6,22.98],[116.61,23.14],[116.72,23.16],[116.8,23.32],[116.93,23.41],[116.97,23.56],[117.06,23.5],[117.28,23.59],[117.35,23.52],[117.48,23.58],[117.54,23.73],[117.66,23.77],[117.78,23.94],[117.88,23.94],[117.97,24.06],[118.14,24.22],[118.13,24.35],[118.22,24.42],[118.26,24.5],[118.42,24.55],[118.5,24.52],[118.72,24.57],[118.81,24.75],[118.96,24.87],[119.04,25],[119.03,25.15],[119.25,25.13],[119.36,25.21],[119.31,25.36],[119.4,25.38],[119.61,25.28],[119.88,25.41],[119.92,25.61],[119.81,25.72],[119.67,25.7],[119.73,25.92],[119.62,26.07],[119.74,26.18],[119.95,26.3],[119.98,26.51],[120.16,26.64],[120.21,26.86],[120.34,27.05],[120.44,27.1],[120.68,27.38],[120.76,27.71],[120.91,27.86],[120.91,27.93],[121.07,28.01],[121.18,27.99],[121.32,28.04],[121.38,28.16],[121.52,28.24],[121.68,28.25],[121.68,28.38],[121.57,28.64],[121.7,28.73],[121.77,28.93],[121.74,29.05],[121.98,29.08],[122.05,29.49],[122.01,29.66],[122.17,29.59],[122.26,29.68],[122.16,29.91],[122.27,29.88],[122.3,29.79],[122.44,29.78],[122.48,29.86],[122.46,30],[122.34,30.13],[122.13,30.21],[121.91,30.19],[121.9,30.04],[121.72,30.04],[121.49,30.28],[121.27,30.38],[121.13,30.37],[120.88,30.23],[120.67,30.21],[120.62,30.32],[120.84,30.28],[120.96,30.34],[121.06,30.5],[121.36,30.64],[121.56,30.77],[121.79,30.8],[121.95,30.89],[121.86,31.2],[121.72,31.37],[121.94,31.47],[121.91,31.57],[121.94,31.83],[121.91,31.93],[121.72,32.11],[121.49,32.23],[121.49,32.4],[121.34,32.52],[121.03,32.63],[120.94,32.7],[120.99,32.83],[120.95,33.04],[120.81,33.27],[120.69,33.52],[120.59,33.66],[120.4,34.2],[120.25,34.38],[120,34.51],[119.8,34.56],[119.64,34.64],[119.48,34.77],[119.26,34.85],[119.29,34.97],[119.43,35.07],[119.5,35.26],[119.59,35.31],[119.77,35.53],[119.93,35.59],[120.13,35.81],[120.39,35.97],[120.68,36.06],[120.77,36.14],[120.77,36.33],[120.98,36.39],[120.98,36.52],[121.45,36.67],[121.96,36.89],[122.12,36.89],[122.18,36.8],[122.37,36.76],[122.61,36.91],[122.62,37.04],[122.68,37.15],[122.67,37.29],[122.76,37.42],[122.61,37.5],[122.35,37.48],[122.16,37.59],[122.03,37.61],[121.92,37.52],[121.66,37.53],[121.42,37.65],[121.26,37.67],[121.1,37.79],[120.75,37.91],[120.35,37.77],[120.25,37.76],[120.2,37.63],[120.1,37.55],[119.79,37.39],[119.72,37.22],[119.45,37.2],[119.16,37.26],[119.04,37.35],[119.07,37.6],[119.19,37.68],[119.12,37.92],[119.01,38.09],[118.83,38.2],[118.54,38.17],[118.05,38.25],[117.83,38.37],[117.74,38.46],[117.65,38.64],[117.7,38.83],[117.86,39.09],[118.04,39.15],[118.28,39],[118.64,39.1],[118.92,39.09],[119.11,39.17],[119.31,39.38],[119.35,39.54],[119.47,39.71],[119.64,39.84],[119.9,39.92],[120.41,40.14],[120.54,40.17],[120.85,40.55],[120.98,40.63],[121.21,40.83],[121.5,40.81],[121.57,40.77],[121.79,40.79],[122.06,40.64],[122.17,40.52],[122.1,40.39],[121.73,40.01],[121.44,39.9],[121.36,39.69],[121.18,39.56],[121.2,39.35],[121.35,39.31],[121.59,39.31],[121.56,39.15],[121.03,38.96],[121.03,38.8],[121.13,38.67],[121.35,38.74],[121.71,38.81],[121.79,38.92],[121.9,38.93],[122.19,39.11],[122.4,39.31],[122.87,39.53],[123.07,39.6],[123.27,39.62],[123.38,39.69],[123.73,39.75],[124.14,39.77],[124.29,39.85],[124.39,40.1],[124.71,40.32],[124.89,40.46],[125.31,40.64],[125.42,40.66],[125.73,40.87],[125.99,40.9],[126.14,41.08],[126.25,41.14],[126.41,41.32],[126.49,41.36],[126.6,41.64],[126.9,41.78],[127.01,41.74],[127.18,41.53],[127.69,41.44],[127.92,41.46],[128.11,41.39],[128.29,41.56],[128.03,41.9],[128.05,41.99],[128.31,42.03],[128.43,42.01],[128.92,42.04],[129.2,42.22],[129.31,42.41],[129.52,42.38],[129.72,42.48],[129.78,42.78],[129.9,43],[130.08,42.97],[130.24,42.89],[130.25,42.74],[130.36,42.63],[130.53,42.54],[130.58,42.62],[130.42,42.73],[130.58,42.81],[131.07,42.9],[131.09,43.04],[131.18,43.14],[131.26,43.43],[131.18,43.51],[131.17,43.7],[131.21,44],[131.26,44.07],[131.06,44.66],[130.97,44.8],[131.08,44.91],[131.45,44.98],[131.58,45.08],[131.65,45.21],[131.85,45.33],[131.98,45.24],[132.94,45.03],[133.11,45.13],[133.11,45.32],[133.19,45.49],[133.44,45.6],[133.51,45.88],[133.69,46.01],[133.7,46.14],[133.86,46.25],[133.9,46.37],[133.87,46.5],[134.02,46.71],[134.04,46.86],[134.2,47.13],[134.17,47.3],[134.29,47.41],[134.48,47.45],[134.6,47.52],[134.75,47.72],[134.57,48.02],[134.67,48.15],[134.67,48.25],[134.56,48.32],[134.29,48.37],[133.84,48.27],[133.47,48.1],[133.14,48.11],[132.88,47.98],[132.71,47.95],[132.56,47.77],[132.38,47.73],[131.79,47.68],[131.56,47.68],[131.32,47.73],[131,47.69],[130.85,47.93],[130.73,48.02],[130.71,48.13],[130.8,48.34],[130.55,48.6],[130.62,48.77],[130.55,48.86],[130.2,48.89],[130.04,48.97],[129.79,49.2],[129.53,49.32],[129.5,49.39],[129.12,49.36],[128.82,49.46],[128.7,49.6],[128.24,49.56],[128,49.57],[127.71,49.67],[127.5,49.87],[127.51,50.07],[127.59,50.21],[127.4,50.3],[127.31,50.45],[127.35,50.55],[127.31,50.71],[126.92,51.1],[126.83,51.31],[126.81,51.51],[126.71,51.57],[126.7,51.7],[126.51,51.93],[126.46,52.13],[126.31,52.4],[126.16,52.55],[126.02,52.61],[126.05,52.74],[125.87,52.87],[125.73,52.89],[125.65,53.04],[125.42,53.08],[125.23,53.17],[124.97,53.2],[124.81,53.13],[124.64,53.21],[124.47,53.23],[124.29,53.34],[123.99,53.41],[123.61,53.55],[123.15,53.54],[122.74,53.47],[122.34,53.49],[122.09,53.45],[121.41,53.32],[120.99,53.28],[120.7,53.17],[120.42,52.97],[120.09,52.79],[120.07,52.63],[120.36,52.63],[120.66,52.57],[120.7,52.49],[120.67,52.3],[120.75,52.1],[120.68,51.97],[120.51,51.85],[120.24,51.72],[120.07,51.6],[119.97,51.42],[119.81,51.27],[119.75,51.11],[119.57,50.95],[119.45,50.7],[119.28,50.56],[119.19,50.38],[119.35,50.28],[119.26,50.07],[118.98,49.98],[118.76,49.96],[118.45,49.84],[117.87,49.51],[117.48,49.61],[117.25,49.62],[116.68,49.82],[116.24,49.17],[115.95,48.69],[115.82,48.58],[115.79,48.25],[115.53,48.13],[115.56,47.95],[115.71,47.8],[115.9,47.69],[116.23,47.86],[116.51,47.84],[116.76,47.87],[117.07,47.81],[117.35,47.65],[117.77,47.99],[118.15,48.03],[118.5,47.98],[118.76,47.76],[119.08,47.65],[119.12,47.56],[119.53,47.26],[119.71,47.15],[119.79,46.98],[119.9,46.86],[119.87,46.67],[119.71,46.61],[119.16,46.64],[118.84,46.76],[118.72,46.69],[118.31,46.72],[117.91,46.62],[117.81,46.54],[117.67,46.52],[117.55,46.59],[117.41,46.57],[117.33,46.36],[116.98,46.36],[116.86,46.39],[116.56,46.29],[116.36,46.1],[116.21,45.89],[116.24,45.8],[116.11,45.69],[115.93,45.63],[115.68,45.46],[115.16,45.39],[114.92,45.38],[114.74,45.42],[114.52,45.36],[114.42,45.2],[114.03,44.94],[113.88,44.9],[113.59,44.75],[113.05,44.81],[112.6,44.92],[112.41,45.06],[111.9,45.06],[111.75,44.97],[111.62,44.83],[111.49,44.51],[111.4,44.37],[111.52,44.19],[111.84,43.93],[111.93,43.81],[111.93,43.71],[111.77,43.66],[111.55,43.5],[111.01,43.34],[110.4,42.77],[109.7,42.55],[109.44,42.46],[108.69,42.42],[108.17,42.45],[106.77,42.29],[105.87,41.99],[105.31,41.77],[105.2,41.74],[105.05,41.62],[104.5,41.66],[104.5,41.88],[103.71,41.75],[103.07,42.01],[102.16,42.16],[101.97,42.22],[101.71,42.47],[101.5,42.54],[101.09,42.55],[99.98,42.68],[99.47,42.57],[98.95,42.62],[97.72,42.74],[97.21,42.79],[96.39,42.72],[96.3,42.93],[95.91,43.21],[95.84,43.38],[95.53,43.95],[95.36,44.01],[95.35,44.28],[95.05,44.26],[94.71,44.35],[94.36,44.52],[94.2,44.65],[93.96,44.67],[93.66,44.9],[93.29,44.98],[92.79,45.04],[92.42,45.01],[92.03,45.07],[91.58,45.08],[91.31,45.12],[91.05,45.22],[90.88,45.2],[90.66,45.53],[90.71,45.73],[90.8,45.85],[91,46.04],[90.91,46.27],[91.03,46.53],[90.99,46.75],[90.87,46.95],[90.72,47],[90.5,47.29],[90.43,47.5],[90.31,47.68],[90.1,47.75],[90.03,47.88],[89.78,47.83],[89.56,48],[89.33,48.02],[89.2,47.98],[89.05,48],[88.58,48.22],[88.52,48.38],[88.31,48.47],[87.98,48.56],[88.03,48.74],[87.83,48.79],[87.74,48.88],[87.86,48.97],[87.81,49.16],[87.32,49.09],[87.05,49.11],[86.89,49.09],[86.75,49.01],[86.72,48.7],[86.55,48.53],[86.27,48.45],[85.75,48.39],[85.63,48.2],[85.53,47.92],[85.59,47.49],[85.67,47.34],[85.66,47.25],[85.48,47.06],[85.23,47.04],[85.01,46.91],[84.79,46.83],[84.67,46.97],[84.34,47],[84.02,46.97],[83.63,47.04],[83.19,47.19],[83.03,47.19],[83,47.03],[82.69,46.39],[82.56,46.16],[82.43,45.81],[82.32,45.59],[82.33,45.52],[82.58,45.44],[82.62,45.29],[82.56,45.16],[82.48,45.12],[82.27,45.22],[81.99,45.16],[81.79,45.23],[81.69,45.35],[81.6,45.31],[80.85,45.13],[80.63,45.13],[80.06,45.01],[79.87,44.88],[80,44.8],[80.26,44.81],[80.46,44.75],[80.4,44.68],[80.34,44.44],[80.36,44.1],[80.5,43.89],[80.7,43.43],[80.67,43.31],[80.79,43.16],[80.39,43.04],[80.38,42.97],[80.54,42.91],[80.25,42.8],[80.17,42.67],[80.26,42.24],[80.21,42.19],[80.22,42.03],[79.84,42],[79.77,41.9],[79.35,41.78],[79.29,41.78],[78.74,41.56],[78.36,41.37],[78.35,41.28],[78.12,41.08],[77.82,41.06],[77.58,40.99],[77.18,41.01],[76.99,41.04],[76.82,40.98],[76.64,40.74],[76.58,40.58],[76.48,40.45],[76.32,40.35],[76.26,40.43],[76.06,40.39],[75.87,40.3],[75.66,40.33],[75.58,40.61],[75.52,40.63],[75.24,40.48],[75,40.45],[74.87,40.49],[74.84,40.34],[74.68,40.31],[74.41,40.14],[73.99,40.04],[73.84,39.8],[73.91,39.61],[73.82,39.49],[73.63,39.45],[73.61,39.23],[73.8,39],[73.7,38.85],[73.8,38.61],[74.03,38.54],[74.13,38.66],[74.28,38.66],[74.51,38.6],[74.75,38.51],[74.84,38.4],[74.77,38.27],[74.79,38.1],[74.94,37.77],[74.89,37.6],[75.1,37.45],[75.12,37.39],[74.89,37.23],[74.73,37.29],[74.37,37.16],[74.54,37.02],[74.69,37.04],[74.89,36.95],[75.05,36.99],[75.35,36.91],[75.42,36.74],[75.67,36.74],[75.84,36.65],[75.93,36.52],[75.97,36.38],[75.95,36.02],[76.07,35.98],[76.15,35.83],[76.25,35.81],[76.55,35.89],[76.56,35.77],[76.77,35.66],[77.09,35.55],[77.45,35.48],[77.8,35.5],[78.05,35.45],[78.01,35.25],[78.28,34.65],[78.33,34.61],[78.67,34.52],[78.94,34.35],[78.97,34.23],[78.75,34.09],[78.73,34.01],[78.78,33.81],[78.8,33.5],[78.95,33.35],[79.11,33.23],[79.11,33.02],[79.2,32.95],[79.23,32.7],[79.22,32.5],[79.07,32.39],[78.92,32.36],[78.77,32.47],[78.7,32.6],[78.41,32.56],[78.39,32.52],[78.5,32.22],[78.74,31.96],[78.69,31.74],[78.8,31.62],[78.73,31.47],[78.79,31.29],[78.97,31.33],[79.11,31.4],[79.34,31.11],[79.57,30.95],[79.79,30.97],[80.08,30.78],[80.19,30.76],[80.19,30.57],[80.26,30.56],[80.68,30.41],[80.99,30.24],[81.01,30.16],[81.11,30.04],[81.26,30.09],[81.42,30.34],[81.64,30.39],[82.04,30.33],[82.16,30.12],[82.49,29.94],[82.85,29.68],[83.01,29.62],[83.16,29.61],[83.36,29.44],[83.58,29.18],[83.67,29.19],[83.94,29.28],[84.1,29.22],[84.23,28.91],[84.71,28.6],[84.86,28.55],[85.07,28.61],[85.16,28.59],[85.09,28.37],[85.12,28.32],[85.41,28.28],[85.68,28.28],[85.84,28.14],[85.95,27.93],[86.06,27.93],[86.08,28.08],[86.41,27.93],[86.52,27.96],[86.55,28.09],[86.69,28.09],[86.75,28.02],[87.02,27.93],[87.14,27.84],[87.29,27.82],[87.68,27.82],[87.86,27.89],[88.11,27.87],[88.11,27.93],[88.43,28.01],[88.62,28.09],[88.8,28.01],[88.85,27.87],[88.75,27.52],[88.76,27.43],[88.89,27.32],[88.95,27.46],[89.1,27.59],[89.16,27.71],[89.54,28.11],[89.75,28.19],[89.82,28.26],[89.98,28.31],[90.35,28.24],[90.35,28.08],[90.72,28.07],[91.08,27.97],[91.23,28.07],[91.61,27.95],[91.63,27.76],[91.98,27.73],[92.1,27.81],[92.41,27.82],[92.66,27.95],[92.64,28.06],[92.7,28.15],[92.88,28.23],[93.12,28.4],[93.21,28.59],[93.36,28.65],[93.66,28.69],[93.9,28.8],[94.29,29.14],[94.62,29.31],[94.77,29.18],[95,29.15],[95.28,29.05],[95.42,29.05],[95.52,29.21],[95.71,29.31],[96.04,29.45],[96.23,29.25],[96.34,29.21],[96.12,29.08],[96.16,28.91],[96.44,29.05],[96.58,28.76],[96.4,28.61],[96.28,28.43],[96.43,28.41],[96.6,28.46],[96.78,28.37],[96.98,28.34],[97.08,28.37],[97.32,28.22],[97.54,28.51],[97.69,28.47],[97.77,28.36],[97.86,28.36],[98.1,28.14],[98.13,27.97],[98.3,27.55],[98.41,27.64],[98.5,27.65],[98.65,27.57],[98.67,27.19],[98.72,27.04],[98.73,26.58],[98.67,26.3],[98.66,26.14],[98.57,26.11],[98.65,25.92],[98.63,25.83],[98.47,25.79],[98.33,25.59],[98.17,25.59],[98.1,25.42],[98.01,25.29],[97.82,25.25],[97.71,25.03],[97.72,24.84],[97.58,24.77],[97.53,24.63],[97.53,24.49],[97.67,24.38],[97.71,24.23],[97.69,24.13],[97.57,23.99],[97.69,23.9],[98.02,24.07],[98.21,24.11],[98.5,24.12],[98.58,24.07],[98.76,24.12],[98.68,23.84],[98.79,23.74],[98.83,23.62],[98.8,23.52],[98.89,23.31],[98.86,23.19],[99.06,23.13],[99.34,23.1],[99.46,23.05],[99.51,22.96],[99.39,22.83],[99.34,22.69],[99.34,22.5],[99.24,22.37],[99.17,22.19],[99.19,22.13],[99.59,22.09],[99.92,22.03],[99.93,21.82],[99.98,21.7],[100.1,21.66],[100.09,21.56],[100.21,21.46],[100.35,21.5],[100.53,21.46],[100.68,21.5],[100.84,21.66],[101.02,21.74],[101.12,21.75],[101.14,21.57],[101.2,21.52],[101.18,21.41],[101.22,21.22],[101.28,21.18],[101.54,21.23],[101.7,21.15],[101.8,21.24],[101.72,21.31],[101.75,21.61],[101.74,21.83],[101.6,21.99],[101.52,22.25],[101.62,22.33],[101.67,22.46],[101.76,22.49],[101.84,22.39],[102.02,22.44],[102.13,22.38],[102.24,22.47],[102.43,22.73],[102.52,22.74],[102.83,22.59],[102.94,22.47],[103.01,22.45],[103.14,22.59],[103.36,22.75],[103.47,22.6],[103.53,22.61],[103.62,22.78],[103.92,22.54],[103.97,22.55],[104.05,22.75],[104.21,22.81],[104.37,22.7],[104.53,22.8],[104.69,22.82],[104.8,22.91],[104.86,23.14],[105.19,23.28],[105.28,23.35],[105.49,23.18],[105.55,23.07],[105.69,23.03],[105.84,22.92],[106,22.97],[106.15,22.97],[106.25,22.87],[106.54,22.91],[106.78,22.78],[106.7,22.64],[106.58,22.57],[106.54,22.4],[106.65,22.24],[106.66,21.98],[106.73,22],[107.01,21.89],[107.02,21.83],[107.18,21.72],[107.27,21.71],[107.35,21.61],[107.47,21.6],[107.8,21.65],[107.99,21.44]]],[[[111.06,19.84],[111,19.99],[110.8,20.11],[110.72,20.21],[110.63,20.21],[110.51,20.09],[110.14,20.12],[110.05,20.06],[109.9,20.04],[109.65,20.06],[109.48,19.97],[109.3,19.98],[109.16,19.89],[109.11,19.74],[108.86,19.54],[108.64,19.39],[108.57,19.28],[108.56,18.91],[108.63,18.49],[109,18.3],[109.37,18.21],[109.5,18.14],[109.71,18.18],[109.85,18.33],[110.04,18.34],[110.14,18.48],[110.29,18.59],[110.44,18.64],[110.52,18.71],[110.71,19.26],[110.87,19.5],[111.1,19.62],[111.06,19.84]]]]},"properties":{"ISO_A2_EH":"CN"}},
{"type":"Feature","geometry":{"type":"Polygon","coordinates":[[[113.5,22.13],[113.6,22.17],[113.53,22.25],[113.5,22.13]]]},"properties":{"ISO_A2_EH":"MO"}},
{"type":"Feature","geometry":{"type":"Polygon","coordinates":[[[113.86,22.49],[113.84,22.34],[113.76,22.25],[113.86,22.14],[114.05,22.16],[114.2,22.12],[114.29,22.16],[114.41,22.37],[114.37,22.52],[114.19,22.56],[113.86,22.49]]]},"properties":{"ISO_A2_EH":"HK"}},
{"type":"Feature","geometry":{"type":"MultiPolygon","coordinates":[[[[-70.47,-18.4],[-70.43,-18.43],[-70.41,-18.83],[-70.35,-19.28],[-70.29,-19.5],[-70.22,-19.81],[-70.22,-20.22],[-70.27,-20.53],[-70.27,-20.73],[-70.16,-21.26],[-70.16,-21.48],[-70.31,-22.19],[-70.34,-22.55],[-70.41,-22.83],[-70.49,-22.97],[-70.62,-23.01],[-70.67,-23.25],[-70.67,-23.39],[-70.57,-23.54],[-70.48,-23.58],[-70.56,-23.76],[-70.6,-23.97],[-70.59,-24.13],[-70.62,-24.32],[-70.65,-24.65],[-70.64,-24.79],[-70.53,-25.18],[-70.56,-25.35],[-70.7,-25.51],[-70.8,-25.78],[-70.72,-26],[-70.79,-26.58],[-70.88,-26.83],[-70.89,-26.94],[-70.98,-27.17],[-70.99,-27.5],[-71.12,-27.69],[-71.24,-28.05],[-71.27,-28.36],[-71.34,-28.48],[-71.38,-28.64],[-71.56,-28.81],[-71.6,-28.92],[-71.56,-29.23],[-71.43,-29.38],[-71.4,-29.65],[-71.43,-29.92],[-71.48,-30.1],[-71.75,-30.29],[-71.79,-30.63],[-71.74,-30.99],[-71.75,-31.18],[-71.66,-31.51],[-71.61,-31.81],[-71.6,-32.22],[-71.51,-32.39],[-71.54,-32.65],[-71.67,-32.94],[-71.84,-33.07],[-71.78,-33.3],[-71.75,-33.62],[-71.91,-33.79],[-72.09,-34.15],[-72.08,-34.28],[-72.14,-34.6],[-72.27,-34.9],[-72.31,-35.06],[-72.46,-35.2],[-72.58,-35.41],[-72.72,-35.57],[-72.68,-35.74],[-72.86,-35.95],[-72.96,-36.37],[-73.08,-36.59],[-73.2,-36.64],[-73.26,-37.04],[-73.37,-37.15],[-73.65,-37.13],[-73.76,-37.34],[-73.7,-37.48],[-73.76,-37.58],[-73.75,-37.72],[-73.56,-38.05],[-73.62,-38.36],[-73.56,-38.66],[-73.32,-39.23],[-73.34,-39.41],[-73.49,-39.75],[-73.77,-39.93],[-73.76,-40.07],[-73.84,-40.25],[-73.88,-40.45],[-74.01,-40.85],[-74.08,-40.96],[-74.06,-41.13],[-73.89,-41.56],[-73.78,-41.62],[-73.82,-41.78],[-74.07,-41.73],[-74.16,-41.82],[-74.12,-41.89],[-74.16,-42.08],[-74.25,-42.19],[-74.3,-42.49],[-74.26,-42.6],[-74.31,-42.86],[-74.49,-43.25],[-74.42,-43.32],[-74.13,-43.43],[-73.83,-43.44],[-73.7,-43.4],[-73.65,-43.2],[-73.47,-43.12],[-73.33,-42.93],[-73.49,-42.71],[-73.66,-42.61],[-73.38,-42.49],[-73.43,-42.36],[-73.35,-42.32],[-73.36,-42.13],[-73.45,-41.86],[-73.21,-41.85],[-73.1,-41.8],[-72.94,-41.6],[-72.75,-41.7],[-72.93,-41.91],[-72.79,-42.06],[-72.62,-42.08],[-72.86,-42.22],[-72.89,-42.31],[-72.83,-42.44],[-72.95,-42.66],[-72.94,-42.83],[-72.86,-42.93],[-72.95,-42.98],[-73.03,-43.18],[-73.17,-43.29],[-73.2,-43.47],[-73.1,-43.64],[-73.15,-43.81],[-73.3,-43.85],[-73.37,-44.2],[-73.35,-44.3],[-73.4,-44.49],[-73.54,-44.59],[-73.65,-44.43],[-73.6,-44.23],[-73.75,-44.18],[-73.85,-44.07],[-74.03,-44.07],[-74.17,-44.15],[-74.21,-44.27],[-74.61,-44.44],[-74.59,-44.55],[-74.72,-44.64],[-74.33,-45.12],[-74.5,-45.15],[-74.61,-45.25],[-74.6,-45.41],[-74.8,-45.65],[-74.78,-45.75],[-75.15,-45.83],[-75.18,-46.02],[-75.07,-46.15],[-75.32,-46.31],[-75.75,-46.57],[-75.81,-46.79],[-75.72,-46.91],[-75.53,-47.02],[-75.37,-47],[-75.28,-46.86],[-75.35,-46.72],[-75.14,-46.68],[-75.09,-46.8],[-74.73,-46.93],[-74.27,-46.98],[-74.28,-47.15],[-74.49,-47.28],[-74.58,-47.49],[-74.78,-47.7],[-74.69,-47.81],[-74.49,-47.86],[-74.66,-47.94],[-74.82,-47.78],[-74.83,-47.68],[-75.11,-47.62],[-75.37,-47.76],[-75.25,-47.91],[-75.65,-48.02],[-75.68,-48.09],[-75.63,-48.31],[-75.76,-48.58],[-75.7,-48.82],[-75.76,-48.97],[-75.61,-49.06],[-75.75,-49.2],[-75.62,-49.3],[-75.43,-49.55],[-75.58,-49.56],[-75.68,-49.69],[-75.61,-49.85],[-75.47,-49.85],[-75.37,-49.95],[-75.48,-50.1],[-75.56,-50.32],[-75.51,-50.43],[-75.6,-50.66],[-75.47,-50.83],[-75.16,-50.81],[-74.89,-51.12],[-75.03,-51.24],[-75.2,-51.21],[-75.42,-51.55],[-75.29,-51.7],[-75.1,-51.61],[-74.99,-51.49],[-74.63,-51.48],[-74.45,-51.39],[-74.44,-51.27],[-74.15,-51.27],[-74.01,-51.34],[-74.1,-51.51],[-74.29,-51.64],[-74.57,-51.69],[-74.76,-51.57],[-74.95,-51.58],[-75.24,-51.77],[-75.13,-52.06],[-74.94,-52.34],[-74.62,-52.34],[-74.55,-52.18],[-74.41,-52.01],[-74.16,-52.02],[-73.93,-51.85],[-73.75,-51.9],[-73.81,-52.15],[-74.28,-52.02],[-74.41,-52.1],[-74.27,-52.4],[-74.14,-52.44],[-74.12,-52.68],[-73.94,-52.77],[-73.72,-52.74],[-73.73,-52.99],[-74.03,-52.9],[-74.24,-52.88],[-74.49,-52.72],[-74.67,-52.65],[-74.83,-52.71],[-74.83,-52.79],[-74.66,-52.97],[-74.31,-53.16],[-74,-53.15],[-73.71,-53.27],[-73.75,-53.36],[-73.94,-53.5],[-73.94,-53.59],[-73.73,-53.63],[-73.52,-53.81],[-73.42,-53.8],[-73.42,-53.98],[-73.12,-54.09],[-72.98,-54.17],[-72.8,-54.2],[-72.51,-54.14],[-72.35,-54.07],[-72.09,-54.24],[-72.01,-54.36],[-72.06,-54.52],[-72.01,-54.65],[-71.86,-54.7],[-71.47,-54.69],[-71.57,-54.89],[-71.49,-54.99],[-71.24,-54.97],[-71.02,-55.12],[-70.69,-55.18],[-70.48,-55.25],[-70.18,-55.15],[-70.15,-55.06],[-70.31,-54.88],[-69.97,-54.88],[-70.09,-55.2],[-69.6,-55.42],[-69.47,-55.51],[-69.26,-55.55],[-69.01,-55.46],[-68.91,-55.52],[-68.62,-55.52],[-68.39,-55.57],[-68.33,-55.65],[-68.08,-55.73],[-67.92,-55.69],[-67.93,-55.5],[-68.19,-55.32],[-68.13,-55.29],[-67.77,-55.33],[-67.54,-55.27],[-67.36,-55.37],[-67.08,-55.29],[-66.95,-55.17],[-67.07,-54.98],[-67.23,-54.94],[-68.07,-54.88],[-68.25,-54.89],[-68.37,-54.89],[-68.65,-54.85],[-68.64,-54.32],[-68.63,-53.25],[-68.63,-52.58],[-68.54,-52.61],[-68.81,-52.5],[-69.11,-52.6],[-69.36,-52.41],[-69.36,-52.32],[-69.22,-52.28],[-69.06,-52.33],[-68.44,-52.43],[-68.46,-52.29],[-68.72,-52.26],[-69.21,-52.14],[-69.49,-52.14],[-69.96,-52.01],[-70.48,-52],[-71.92,-51.99],[-71.95,-51.88],[-72.27,-51.69],[-72.41,-51.54],[-72.3,-51.3],[-72.38,-51.1],[-72.28,-50.91],[-72.34,-50.68],[-72.51,-50.61],[-72.8,-50.64],[-73.08,-50.76],[-73.15,-50.74],[-73.39,-50.23],[-73.5,-50.13],[-73.53,-49.91],[-73.47,-49.79],[-73.58,-49.58],[-73.46,-49.31],[-73.14,-49.3],[-73.15,-49.19],[-72.98,-48.98],[-72.73,-48.9],[-72.61,-48.79],[-72.61,-48.52],[-72.5,-48.42],[-72.35,-48.37],[-72.29,-48.23],[-72.33,-48.11],[-72.51,-47.97],[-72.52,-47.88],[-72.34,-47.57],[-72.35,-47.49],[-72.1,-47.34],[-72.04,-47.24],[-71.9,-47.2],[-71.96,-47.02],[-71.94,-46.83],[-71.73,-46.71],[-71.7,-46.58],[-71.78,-46.28],[-71.88,-46.16],[-71.68,-46.04],[-71.63,-45.95],[-71.75,-45.84],[-71.77,-45.72],[-71.69,-45.53],[-71.51,-45.51],[-71.49,-45.44],[-71.35,-45.33],[-71.35,-45.23],[-71.6,-44.98],[-72.04,-44.9],[-71.96,-44.79],[-71.46,-44.75],[-71.26,-44.76],[-71.15,-44.49],[-71.21,-44.44],[-71.82,-44.38],[-71.81,-44.11],[-71.68,-43.93],[-71.79,-43.75],[-71.75,-43.59],[-71.9,-43.44],[-71.9,-43.35],[-71.76,-43.29],[-71.78,-43.17],[-72.05,-43.1],[-72.15,-42.99],[-72.11,-42.78],[-72.14,-42.58],[-72.05,-42.47],[-72.12,-42.3],[-72.03,-42.15],[-71.94,-42.17],[-71.76,-42.1],[-71.77,-41.97],[-71.91,-41.65],[-71.87,-41.56],[-71.89,-41.39],[-71.87,-40.89],[-71.93,-40.69],[-71.8,-40.44],[-71.7,-40.34],[-71.82,-40.18],[-71.66,-40.02],[-71.64,-39.89],[-71.72,-39.64],[-71.54,-39.6],[-71.42,-39.29],[-71.43,-38.99],[-71.29,-38.85],[-71.09,-38.76],[-70.95,-38.74],[-70.85,-38.54],[-70.97,-38.45],[-71.03,-38.04],[-71.17,-37.76],[-71.19,-37.63],[-71.13,-37.45],[-71.2,-37.3],[-71.12,-37.11],[-71.19,-36.84],[-71.07,-36.64],[-71.06,-36.52],[-70.91,-36.42],[-70.75,-36.39],[-70.72,-36.28],[-70.56,-36.15],[-70.4,-36.06],[-70.42,-35.88],[-70.38,-35.77],[-70.47,-35.33],[-70.56,-35.25],[-70.39,-35.15],[-70.29,-34.73],[-70.1,-34.43],[-70.05,-34.3],[-69.85,-34.22],[-69.89,-33.73],[-69.88,-33.6],[-69.8,-33.4],[-69.82,-33.28],[-70.02,-33.27],[-70.08,-33.2],[-70.09,-33.03],[-70.02,-32.88],[-70.12,-32.81],[-70.18,-32.63],[-70.17,-32.47],[-70.32,-32.27],[-70.36,-32.08],[-70.25,-31.96],[-70.45,-31.84],[-70.59,-31.57],[-70.52,-31.15],[-70.39,-31.12],[-70.31,-31.02],[-70.35,-30.9],[-70.16,-30.44],[-69.96,-30.36],[-69.86,-30.12],[-69.96,-30.08],[-69.93,-29.77],[-70.03,-29.32],[-70,-29.25],[-69.83,-29.1],[-69.74,-28.78],[-69.73,-28.64],[-69.66,-28.41],[-69.44,-28.19],[-69.25,-27.97],[-69.17,-27.92],[-69,-27.45],[-68.94,-27.41],[-68.85,-27.15],[-68.71,-27.1],[-68.65,-27.15],[-68.35,-27.03],[-68.32,-26.88],[-68.58,-26.52],[-68.59,-26.42],[-68.53,-26.28],[-68.41,-26.15],[-68.51,-25.74],[-68.6,-25.49],[-68.54,-25.24],[-68.38,-25.09],[-68.47,-24.93],[-68.56,-24.84],[-68.51,-24.63],[-68.25,-24.39],[-67.36,-24.03],[-67.01,-23],[-67.19,-22.82],[-67.58,-22.89],[-67.79,-22.88],[-67.88,-22.82],[-67.88,-22.49],[-67.95,-22.33],[-67.99,-22.06],[-68.08,-21.98],[-68.11,-21.75],[-68.19,-21.62],[-68.2,-21.3],[-68.44,-20.95],[-68.53,-20.92],[-68.56,-20.72],[-68.5,-20.61],[-68.75,-20.46],[-68.69,-20.31],[-68.73,-20.23],[-68.73,-20.07],[-68.6,-20.04],[-68.58,-19.86],[-68.7,-19.72],[-68.46,-19.43],[-68.86,-19.09],[-68.97,-18.97],[-69.09,-18.28],[-69.15,-18.14],[-69.09,-18.05],[-69.31,-17.94],[-69.36,-17.77],[-69.5,-17.62],[-69.51,-17.51],[-69.68,-17.65],[-69.85,-17.7],[-69.8,-17.9],[-69.84,-18.09],[-69.93,-18.21],[-70.18,-18.33],[-70.38,-18.33],[-70.47,-18.4]],[[-69.73,-52.58],[-69.96,-52.74],[-70.13,-52.66],[-69.73,-52.58]],[[-70.5,-52.74],[-70.35,-52.91],[-70.56,-53.06],[-70.58,-53.22],[-70.41,-53.43],[-70.06,-53.49],[-69.83,-53.42],[-69.48,-53.45],[-70.17,-53.67],[-70.27,-53.73],[-70.27,-53.9],[-70.08,-54.16],[-69.81,-54.24],[-69.94,-54.3],[-70.12,-54.25],[-70.3,-54.12],[-70.27,-54.02],[-70.41,-53.61],[-70.48,-53.56],[-70.7,-53.6],[-70.83,-53.57],[-70.86,-53.44],[-70.83,-53.24],[-70.7,-52.97],[-70.69,-52.81],[-70.5,-52.74]],[[-70.97,-53.86],[-70.98,-54.06],[-71.32,-53.97],[-70.97,-53.86]],[[-72.18,-53.18],[-71.84,-53.06],[-71.37,-52.85],[-71.29,-52.89],[-71.48,-53.05],[-71.85,-53.19],[-72.18,-53.18]],[[-75.09,-50.61],[-75.01,-50.49],[-75.09,-50.4],[-74.74,-50.23],[-74.67,-50.28],[-74.91,-50.47],[-74.85,-50.61],[-75.09,-50.61]],[[-73.78,-45.39],[-73.66,-45.31],[-73.62,-45.16],[-73.7,-44.9],[-73.54,-44.87],[-73.45,-44.92],[-73.54,-45.22],[-73.43,-45.32],[-73.59,-45.41],[-73.78,-45.39]]],[[[-109.34,-27.23],[-109.24,-27.21],[-109.16,-27.06],[-109.42,-27],[-109.51,-27.09],[-109.49,-27.23],[-109.34,-27.23]]],[[[-78.88,-33.73],[-78.71,-33.7],[-78.73,-33.55],[-78.93,-33.51],[-79.09,-33.67],[-79.02,-33.74],[-78.88,-33.73]]],[[[-74.99,-44.95],[-74.93,-44.87],[-75.03,-44.72],[-75.26,-44.79],[-75.16,-44.97],[-74.99,-44.95]]],[[[-74.72,-43.69],[-74.56,-43.6],[-74.63,-43.5],[-74.87,-43.49],[-74.94,-43.62],[-74.85,-43.7],[-74.72,-43.69]]],[[[-74.06,-43.97],[-73.94,-44],[-73.7,-43.91],[-73.72,-43.8],[-73.85,-43.71],[-74.21,-43.77],[-74.24,-43.9],[-74.06,-43.97]]],[[[-67.37,-55.85],[-67.21,-55.84],[-67.13,-55.73],[-67.29,-55.53],[-67.45,-55.52],[-67.77,-55.74],[-67.98,-55.83],[-67.89,-55.93],[-67.63,-55.96],[-67.37,-55.85]]],[[[-66.57,-55.1],[-66.77,-55.23],[-66.68,-55.34],[-66.51,-55.35],[-66.32,-55.17],[-66.48,-55.1],[-66.57,-55.1]]]]},"properties":{"ISO_A2_EH":"CL"}},
{"type":"Feature","geometry":{"type":"Polygon","coordinates":[[[23.98,19.5],[23.02,19.97],[22.54,20.21],[21.58,20.68],[20.63,21.15],[19.67,21.63],[19.19,21.86],[18.23,22.34],[17.75,22.57],[16.79,23.05],[15.98,23.45],[14.98,23],[15.09,22.42],[15.17,21.92],[15.18,21.52],[15.29,21.41],[15.61,20.95],[15.54,20.87],[15.59,20.73],[15.67,20.67],[15.93,20.4],[15.95,20.3],[15.74,19.9],[15.64,18.81],[15.56,17.94],[15.47,16.91],[14.75,16.15],[14.37,15.75],[13.81,14.97],[13.64,14.63],[13.45,14.38],[13.61,13.7],[14.06,13.08],[14.24,13.08],[14.46,13.02],[14.52,12.98],[14.54,12.82],[14.62,12.73],[14.76,12.66],[14.85,12.5],[14.88,12.27],[14.97,12.11],[15.08,11.85],[15.08,11.64],[15.12,11.54],[15.06,11.37],[15.03,11.11],[15.07,10.85],[15.2,10.48],[15.28,10.36],[15.53,10.09],[15.54,9.96],[15.32,9.95],[15.19,9.98],[14.84,9.94],[14.38,9.99],[14.24,9.98],[14.14,9.9],[13.98,9.69],[14,9.59],[14.18,9.41],[14.33,9.2],[14.73,8.87],[14.86,8.8],[15.12,8.56],[15.25,8.32],[15.44,7.85],[15.55,7.79],[15.55,7.66],[15.48,7.52],[15.85,7.48],[16.03,7.57],[16.38,7.68],[16.4,7.77],[16.52,7.86],[16.59,7.74],[16.78,7.55],[16.89,7.63],[17.12,7.7],[17.25,7.81],[17.65,7.98],[17.76,7.97],[18.46,8.03],[18.59,8.06],[18.63,8.17],[18.75,8.24],[18.91,8.41],[19.11,8.66],[18.89,8.84],[18.89,8.89],[19.05,9],[19.15,9.02],[19.67,9.02],[19.95,9.08],[20.07,9.13],[20.34,9.13],[20.77,9.41],[20.98,9.64],[21.01,9.71],[21.26,9.97],[21.4,10],[21.53,10.21],[21.63,10.24],[21.73,10.37],[21.71,10.57],[21.77,10.64],[21.96,10.74],[22.04,10.82],[22.16,10.83],[22.24,10.89],[22.49,11],[22.86,10.92],[22.94,11.19],[22.92,11.34],[22.64,11.52],[22.56,11.67],[22.58,11.99],[22.49,12.04],[22.39,12.46],[22.41,12.55],[22.35,12.66],[22.23,12.71],[22,12.67],[21.88,12.7],[21.83,12.79],[21.91,13],[21.99,13.11],[22.16,13.22],[22.23,13.33],[22.2,13.54],[22.11,13.73],[22.17,13.91],[22.51,14.13],[22.53,14.2],[22.45,14.28],[22.38,14.55],[22.47,14.63],[22.67,14.72],[22.68,14.85],[22.76,15],[22.93,15.16],[22.97,15.31],[22.93,15.53],[23.11,15.7],[23.24,15.7],[23.71,15.74],[23.95,15.7],[23.98,15.78],[23.98,16.37],[23.98,17.27],[23.98,18.16],[23.98,19.5]]]},"properties":{"ISO_A2_EH":"TD"}},
{"type":"Feature","geometry":{"type":"Polygon","coordinates":[[[24.15,8.67],[23.68,8.73],[23.54,8.82],[23.55,8.94],[23.49,8.99],[23.47,9.11],[23.6,9.26],[23.62,9.34],[23.66,9.71],[23.65,9.82],[23.55,10.03],[23.31,10.39],[22.96,10.75],[22.86,10.92],[22.49,11],[22.24,10.89],[22.16,10.83],[22.04,10.82],[21.96,10.74],[21.77,10.64],[21.71,10.57],[21.73,10.37],[21.63,10.24],[21.53,10.21],[21.4,10],[21.26,9.97],[21.01,9.71],[20.98,9.64],[20.77,9.41],[20.34,9.13],[20.07,9.13],[19.95,9.08],[19.67,9.02],[19.15,9.02],[19.05,9],[18.89,8.89],[18.89,8.84],[19.11,8.66],[18.91,8.41],[18.75,8.24],[18.63,8.17],[18.59,8.06],[18.46,8.03],[17.76,7.97],[17.65,7.98],[17.25,7.81],[17.12,7.7],[16.89,7.63],[16.78,7.55],[16.59,7.74],[16.52,7.86],[16.4,7.77],[16.38,7.68],[16.03,7.57],[15.85,7.48],[15.48,7.52],[15.38,7.36],[15.25,7.26],[15.03,6.78],[14.86,6.56],[14.74,6.28],[14.51,6.16],[14.43,6.04],[14.5,5.92],[14.62,5.87],[14.62,5.5],[14.56,5.28],[14.64,5.18],[14.71,4.67],[14.77,4.56],[15.02,4.36],[15.14,4.07],[15.03,4.02],[15.13,3.83],[15.46,3.46],[15.78,3.13],[15.9,3.1],[16.06,2.91],[16.06,2.77],[16.11,2.47],[16.18,2.27],[16.47,2.83],[16.5,3.21],[16.57,3.46],[16.67,3.54],[17,3.56],[17.3,3.62],[17.44,3.68],[17.88,3.55],[18.11,3.55],[18.16,3.5],[18.32,3.58],[18.47,3.62],[18.61,3.48],[18.6,3.68],[18.63,3.95],[18.62,4.12],[18.57,4.26],[18.59,4.35],[18.7,4.38],[18.83,4.52],[19.07,4.89],[19.32,5.07],[19.5,5.13],[19.81,5.09],[20,4.94],[20.23,4.83],[20.39,4.69],[20.56,4.46],[20.96,4.41],[21.23,4.3],[21.35,4.31],[21.54,4.24],[21.69,4.28],[21.91,4.25],[22.42,4.13],[22.51,4.21],[22.62,4.45],[22.76,4.65],[22.86,4.72],[23.12,4.74],[23.31,4.66],[23.42,4.66],[23.68,4.77],[23.85,4.82],[24.32,4.99],[24.44,5.01],[24.77,4.93],[24.98,4.98],[25.07,4.97],[25.25,5.02],[25.4,5.26],[25.53,5.31],[25.71,5.28],[26.17,5.17],[26.63,5.09],[26.82,5.06],[27.02,5.18],[27.11,5.2],[27.4,5.11],[27.26,5.29],[27.21,5.62],[27.08,5.78],[26.73,6],[26.51,6.07],[26.42,6.27],[26.31,6.46],[26.36,6.64],[26.17,6.78],[26.04,6.96],[25.89,7.06],[25.38,7.33],[25.19,7.52],[25.25,7.72],[25.2,7.81],[25.01,7.96],[24.85,8.14],[24.74,8.19],[24.46,8.24],[24.29,8.29],[24.18,8.46],[24.22,8.61],[24.15,8.67]]]},"properties":{"ISO_A2_EH":"CF"}},
{"type":"Feature","geometry":{"type":"MultiPolygon","coordinates":[[[[-24.94,17.17],[-24.99,17.24],[-25.12,17.27],[-25.4,17.14],[-25.42,17.06],[-25.37,16.88],[-25.16,16.81],[-25.04,16.73],[-24.82,16.78],[-24.82,16.87],[-24.9,16.99],[-24.94,17.17]]],[[[-23.58,14.85],[-23.47,14.84],[-23.36,15.01],[-23.48,15.2],[-23.63,15.31],[-23.64,15.37],[-23.77,15.4],[-23.84,15.33],[-23.86,15.06],[-23.76,14.91],[-23.58,14.85]]],[[[-22.63,16.05],[-22.62,16.2],[-22.72,16.29],[-22.96,16.29],[-23.03,16.03],[-22.91,15.92],[-22.81,15.91],[-22.65,15.99],[-22.63,16.05]]],[[[-24.31,14.77],[-24.24,14.81],[-24.22,14.94],[-24.27,15.08],[-24.4,15.12],[-24.56,15.03],[-24.6,14.93],[-24.55,14.83],[-24.38,14.74],[-24.31,14.77]]],[[[-24.47,16.65],[-24.39,16.46],[-24.29,16.43],[-24.23,16.52],[-24.1,16.49],[-23.96,16.54],[-24.06,16.69],[-24.39,16.76],[-24.47,16.65]]],[[[-23,16.89],[-23.07,16.85],[-23.05,16.67],[-22.95,16.54],[-22.81,16.65],[-22.85,16.9],[-23,16.89]]],[[[-23.04,15.22],[-23.08,15.39],[-23.25,15.4],[-23.33,15.27],[-23.33,15.16],[-23.24,15.06],[-23.04,15.12],[-23.04,15.22]]]]},"properties":{"ISO_A2_EH":"CV"}},
{"type":"Feature","geometry":{"type":"MultiPolygon","coordinates":[[[[-130.66,54.72],[-130.49,54.64],[-130.56,54.42],[-130.38,54.22],[-130.81,53.98],[-130.82,53.88],[-130.74,53.78],[-130.43,53.78],[-130.64,53.53],[-130.39,53.35],[-130.23,53.29],[-130.01,53.11],[-129.78,53.1],[-129.66,53.18],[-129.38,52.83],[-129.36,52.7],[-129.06,52.42],[-128.92,52.4],[-128.79,52.26],[-128.65,52.22],[-128.49,52.32],[-128.25,52.3],[-128.47,52.17],[-128.3,51.97],[-128.17,51.73],[-128.27,51.62],[-128.12,51.42],[-127.88,51.39],[-127.82,51.12],[-127.52,50.94],[-127.31,50.85],[-127.08,50.8],[-126.64,50.84],[-126.63,50.64],[-126.67,50.58],[-127.15,50.71],[-127.67,50.89],[-127.9,50.93],[-128.3,50.89],[-128.46,50.77],[-128.47,50.68],[-128.2,50.46],[-128.04,50.43],[-128.09,50.34],[-127.94,50.22],[-127.96,50.07],[-127.83,50.04],[-127.53,50.09],[-127.17,49.81],[-127.05,49.8],[-127.03,49.68],[-126.88,49.59],[-126.67,49.53],[-126.66,49.39],[-126.56,49.32],[-126.02,49.17],[-125.94,49.08],[-125.5,48.85],[-125.32,48.92],[-125.24,48.86],[-125.21,48.72],[-124.74,48.53],[-123.95,48.32],[-123.57,48.25],[-123.41,48.35],[-123.23,48.35],[-123.18,48.44],[-123.26,48.63],[-123.32,48.83],[-123.28,48.95],[-123.61,49.15],[-123.75,49.15],[-123.92,49.28],[-124.14,49.37],[-124.58,49.49],[-124.74,49.58],[-124.84,49.77],[-125.04,49.96],[-124.88,49.99],[-124.68,49.84],[-124.72,49.69],[-124.42,49.53],[-124.19,49.45],[-124.04,49.48],[-123.91,49.42],[-123.53,49.32],[-123.41,49.35],[-123.31,49.13],[-123.15,48.92],[-122.89,48.96],[-122.79,48.99],[-120.98,48.99],[-119.7,48.99],[-118,48.99],[-116.72,48.99],[-115.44,48.99],[-113.73,48.99],[-112.03,48.99],[-110.75,48.99],[-109.47,48.99],[-107.76,48.99],[-106.91,48.99],[-105.63,48.99],[-104.78,48.99],[-103.5,48.99],[-102.22,48.99],[-101.37,48.99],[-100.09,48.99],[-99.24,48.99],[-97.96,48.99],[-96.68,48.99],[-95.16,48.99],[-95.16,49.37],[-94.85,49.3],[-94.8,49],[-94.62,48.74],[-94.06,48.66],[-93.85,48.61],[-93.71,48.53],[-93.46,48.56],[-93.26,48.63],[-93,48.61],[-92.5,48.44],[-92.41,48.28],[-92.17,48.34],[-92.01,48.3],[-91.86,48.2],[-91.52,48.06],[-91.22,48.1],[-91.04,48.19],[-90.84,48.2],[-90.74,48.1],[-90.32,48.1],[-90.09,48.12],[-89.99,48.02],[-89.46,48],[-89.19,48.05],[-88.61,48.26],[-88.38,48.3],[-87.49,47.96],[-86.43,47.54],[-85.46,47.14],[-84.88,46.9],[-84.78,46.64],[-84.56,46.46],[-84.19,46.55],[-84.09,46.23],[-83.98,46.08],[-83.62,46.12],[-83.47,45.99],[-83.59,45.82],[-82.55,45.35],[-82.28,44.19],[-82.14,43.57],[-82.41,43.07],[-82.49,42.74],[-82.55,42.62],[-82.87,42.39],[-83.07,42.3],[-83.15,42.14],[-83.14,41.98],[-83.03,41.83],[-82.69,41.68],[-82.44,41.67],[-81.28,42.21],[-80.25,42.37],[-79.04,42.8],[-78.92,42.91],[-79.07,43.11],[-79.06,43.28],[-79.17,43.47],[-78.72,43.62],[-77.88,43.63],[-76.82,43.63],[-76.46,44.06],[-76.15,44.3],[-75.88,44.42],[-75.79,44.5],[-75.4,44.77],[-75.18,44.9],[-74.86,45],[-73.18,45.01],[-71.52,45.01],[-71.42,45.2],[-71.33,45.29],[-71.13,45.26],[-71,45.34],[-70.9,45.26],[-70.8,45.4],[-70.69,45.43],[-70.7,45.55],[-70.42,45.74],[-70.3,45.91],[-70.3,46.06],[-70.25,46.25],[-70.07,46.44],[-70.01,46.71],[-69.24,47.46],[-69.05,47.43],[-69.05,47.27],[-68.83,47.2],[-68.48,47.29],[-68.31,47.35],[-68.1,47.27],[-67.81,47.08],[-67.8,46.5],[-67.78,45.7],[-67.6,45.62],[-67.43,45.6],[-67.49,45.47],[-67.43,45.38],[-67.47,45.28],[-67.37,45.17],[-67.12,45.17],[-66.99,45.06],[-66.91,44.99],[-66.53,45.06],[-66.45,45.02],[-66.08,45.17],[-65.86,45.15],[-65.49,45.28],[-65.23,45.41],[-65,45.48],[-65.01,45.36],[-64.79,45.25],[-64.96,45.18],[-65.71,44.82],[-65.82,44.71],[-66.09,44.62],[-66.32,44.43],[-66.41,44.32],[-66.41,44.22],[-66.29,44.16],[-66.22,43.78],[-66.03,43.67],[-65.94,43.72],[-65.82,43.51],[-65.5,43.44],[-65.3,43.49],[-65.23,43.63],[-65.05,43.65],[-64.78,43.82],[-64.51,44.09],[-64.39,44.13],[-64.16,44.31],[-63.97,44.5],[-63.79,44.42],[-63.57,44.41],[-63.38,44.58],[-63.28,44.57],[-62.47,44.78],[-61.98,44.93],[-61.55,45.08],[-61.18,45.18],[-61.09,45.15],[-60.93,45.29],[-61.05,45.42],[-60.88,45.43],[-60.83,45.53],[-60.66,45.52],[-60.34,45.59],[-60.13,45.69],[-59.96,45.82],[-59.76,45.89],[-59.73,45.98],[-59.79,46.21],[-60.09,46.28],[-60.38,46.4],[-60.23,46.73],[-60.32,46.94],[-60.32,47.04],[-60.61,47.07],[-60.95,46.84],[-61.33,46.34],[-61.5,46.21],[-61.58,46.08],[-61.6,45.94],[-61.56,45.75],[-61.79,45.76],[-61.83,45.89],[-61.96,45.94],[-62.27,45.79],[-62.49,45.72],[-62.9,45.85],[-63.24,45.83],[-63.48,45.95],[-63.67,45.94],[-63.82,46.02],[-63.73,46.09],[-63.88,46.23],[-64.18,46.29],[-64.45,46.31],[-64.54,46.39],[-64.63,46.72],[-64.73,46.75],[-64.8,46.88],[-64.74,47.1],[-65.01,47.18],[-64.81,47.34],[-64.75,47.54],[-64.62,47.68],[-64.44,47.78],[-64.36,47.92],[-64.38,48.05],[-64.51,48.1],[-64.69,47.94],[-64.85,47.87],[-65,47.92],[-65.27,47.88],[-65.58,47.75],[-65.67,47.9],[-65.8,47.98],[-66.04,48.03],[-65.92,48.1],[-65.81,48.05],[-65.37,47.94],[-65.22,47.95],[-64.68,48.18],[-64.57,48.3],[-64.27,48.36],[-64.15,48.53],[-64.11,48.9],[-64.18,48.97],[-64.51,49.17],[-64.8,49.26],[-65.38,49.33],[-66.2,49.28],[-66.63,49.19],[-67.16,49.03],[-67.6,48.92],[-67.94,48.79],[-68.29,48.69],[-68.62,48.51],[-68.86,48.43],[-69.06,48.33],[-69.38,48.1],[-69.55,48.02],[-69.67,47.86],[-69.81,47.8],[-69.66,48.11],[-69.48,48.2],[-69.28,48.35],[-69.14,48.53],[-68.85,48.78],[-68.58,48.89],[-68.54,48.96],[-68.16,49.09],[-68.02,49.19],[-67.31,49.28],[-67.15,49.43],[-67.13,49.58],[-66.86,49.94],[-66.56,50.09],[-66.25,50.15],[-66.1,50.12],[-65.93,50.21],[-65.77,50.19],[-65.28,50.25],[-64.87,50.2],[-64.51,50.24],[-64.16,50.2],[-63.77,50.23],[-63.62,50.19],[-63.2,50.17],[-63.1,50.22],[-62.72,50.23],[-61.96,50.16],[-61.76,50.04],[-61.28,50.13],[-60.93,50.14],[-60.79,50.17],[-60.61,50.15],[-60.05,50.18],[-59.8,50.26],[-59.73,50.37],[-59.54,50.44],[-59.3,50.62],[-59.08,50.73],[-58.97,50.83],[-58.53,51.14],[-58.43,51.23],[-57.97,51.26],[-57.73,51.36],[-57.31,51.41],[-57.11,51.37],[-56.91,51.4],[-56.48,51.62],[-55.94,51.88],[-55.59,52.1],[-55.55,52.19],[-55.75,52.75],[-55.71,52.88],[-55.77,53],[-55.68,53.22],[-55.74,53.36],[-56.04,53.65],[-56.27,53.68],[-56.39,53.82],[-56.71,53.83],[-57.01,53.78],[-57.09,53.96],[-57.33,54.23],[-57.59,54.26],[-57.28,54.54],[-57.42,54.71],[-57.66,54.74],[-57.81,54.81],[-57.88,54.93],[-58.06,54.95],[-58.29,54.93],[-58.41,54.85],[-58.69,54.9],[-58.89,55.19],[-59.04,55.25],[-59.31,55.28],[-59.39,55.22],[-59.72,55.39],[-59.99,55.33],[-60.25,55.31],[-60.04,55.49],[-60.26,55.66],[-60.24,55.83],[-60.55,55.88],[-60.64,55.99],[-60.79,56.03],[-60.86,56.15],[-61.09,56.22],[-61.22,56.18],[-61.34,56.3],[-61.3,56.37],[-61.47,56.46],[-61.52,56.58],[-61.27,56.64],[-61.2,57.04],[-61.71,57.35],[-61.54,57.37],[-61.53,57.57],[-61.79,57.67],[-61.85,57.76],[-61.76,57.87],[-61.86,57.96],[-62.21,58.03],[-62.4,58.22],[-62.6,58.23],[-62.45,58.48],[-62.53,58.56],[-62.76,58.56],[-62.72,58.65],[-62.89,58.9],[-63.26,59.19],[-63.44,59.4],[-63.69,59.42],[-63.61,59.51],[-63.8,59.68],[-63.84,59.78],[-64.03,59.89],[-64.04,59.99],[-64.27,60.15],[-64.34,60.28],[-64.25,60.38],[-64.58,60.59],[-64.96,60.54],[-64.94,60.37],[-65.06,60.28],[-65.32,59.89],[-65.56,59.81],[-65.63,59.65],[-65.6,59.39],[-65.85,59.21],[-65.76,59.09],[-65.92,59.04],[-66.17,58.87],[-66.43,58.86],[-66.59,58.77],[-66.73,58.59],[-67.09,58.49],[-67.57,58.31],[-67.61,58.41],[-67.97,58.57],[-68.1,58.55],[-68.25,58.77],[-68.37,58.87],[-68.68,58.98],[-69.06,58.97],[-69.01,59.1],[-69.2,59.32],[-69.33,59.41],[-69.57,59.41],[-69.44,59.67],[-69.49,59.85],[-69.67,59.99],[-69.49,60.1],[-69.49,60.24],[-69.61,60.44],[-69.51,60.66],[-69.31,60.78],[-69.25,60.89],[-69.39,61.09],[-69.53,61.14],[-69.74,61.11],[-69.82,60.98],[-70.24,61.14],[-70.68,61.12],[-71.15,61.22],[-71.35,61.22],[-71.56,61.34],[-71.56,61.49],[-71.44,61.6],[-71.53,61.67],[-72.49,62],[-72.59,62.19],[-72.82,62.2],[-73.54,62.51],[-73.82,62.54],[-74.28,62.38],[-74.75,62.27],[-74.97,62.33],[-75.32,62.39],[-75.64,62.32],[-75.73,62.38],[-76.83,62.59],[-77.38,62.65],[-77.68,62.59],[-78.19,62.4],[-78.29,62.3],[-78.29,62.1],[-78.23,61.91],[-78.08,61.72],[-77.73,61.55],[-77.88,61.47],[-77.88,61.23],[-77.96,61.12],[-78.29,60.89],[-78.71,60.83],[-78.82,60.75],[-78.76,60.66],[-78.58,60.65],[-78.02,60.74],[-77.81,60.52],[-77.79,60.34],[-77.63,60.17],[-77.76,60.08],[-77.52,59.94],[-77.47,59.82],[-77.6,59.75],[-77.81,59.75],[-77.88,59.59],[-78.01,59.49],[-77.95,59.35],[-78.18,59.24],[-78.59,58.9],[-78.64,58.63],[-78.11,58.35],[-77.76,58.23],[-77.27,57.98],[-77.01,57.73],[-76.78,57.36],[-76.7,57.17],[-76.65,56.71],[-76.68,56.37],[-76.77,56.13],[-76.87,56.04],[-77.42,55.6],[-77.97,55.29],[-78.38,55.13],[-78.97,54.94],[-79.73,54.76],[-79.83,54.7],[-79.59,54.37],[-79.38,54.16],[-79.36,54.07],[-79.16,54],[-79.15,53.86],[-79.24,53.74],[-79.11,53.4],[-79.01,53.02],[-78.85,52.86],[-78.89,52.76],[-78.83,52.59],[-78.67,52.47],[-78.62,52.26],[-78.79,52.08],[-78.92,52.01],[-79.09,51.71],[-79.36,51.7],[-79.58,51.62],[-79.8,51.37],[-79.84,51.27],[-80.06,51.35],[-80.33,51.4],[-80.39,51.55],[-80.56,51.8],[-80.89,52.03],[-81.31,52.19],[-81.5,52.3],[-81.49,52.46],[-81.92,52.85],[-81.89,52.89],[-81.04,52.69],[-80.8,52.66],[-80.64,52.69],[-80.59,52.84],[-80.66,52.96],[-81.07,53.27],[-81.33,53.3],[-81.89,53.26],[-82.03,53.37],[-82.07,53.61],[-82.02,53.82],[-82.13,54.07],[-82.28,54.21],[-82.3,54.35],[-82.09,54.81],[-82.2,55.03],[-82.52,55.21],[-82.8,55.23],[-82.97,55.31],[-83.21,55.29],[-83.64,55.34],[-83.89,55.39],[-84.69,55.33],[-85.1,55.38],[-85.46,55.59],[-85.77,55.72],[-86.33,55.84],[-86.88,55.98],[-87.46,56.1],[-87.78,56.39],[-87.99,56.52],[-88.36,56.66],[-88.74,56.87],[-88.9,56.92],[-89.75,57.05],[-90.01,57.11],[-90.55,57.29],[-90.89,57.33],[-91.14,57.31],[-92.22,57.1],[-92.41,57.11],[-92.3,57.32],[-92.37,57.5],[-92.57,57.8],[-92.71,58.1],[-92.97,58.51],[-93.07,58.78],[-93.77,58.84],[-94.32,58.8],[-94.59,58.95],[-94.68,59.13],[-94.63,59.52],[-94.64,59.95],[-94.5,60.42],[-94.29,60.71],[-94.01,61],[-93.9,61.21],[-93.74,61.32],[-93.78,61.45],[-93.32,61.65],[-93.15,61.77],[-92.97,61.78],[-92.83,61.91],[-92.99,62],[-92.84,62.08],[-92.39,62.13],[-92.4,62.23],[-92.58,62.37],[-92.41,62.48],[-91.94,62.47],[-91.78,62.59],[-91.91,62.76],[-91.44,62.73],[-91.03,62.86],[-90.66,62.92],[-90.53,63.11],[-90.61,63.39],[-90.88,63.5],[-90.52,63.57],[-90.15,63.58],[-89.85,63.79],[-89.88,63.87],[-89.41,63.95],[-89.2,63.9],[-88.99,63.94],[-88.59,63.94],[-87.99,64.13],[-87.84,64.21],[-87.73,64.37],[-87.12,64.8],[-86.87,65.04],[-86.87,65.24],[-87.07,65.33],[-85.89,65.99],[-85.78,66.11],[-85.86,66.23],[-86.48,66.38],[-86.5,66.46],[-86.06,66.45],[-85.57,66.48],[-85.34,66.33],[-85.01,66.21],[-84.63,66.13],[-84.61,66.04],[-84.31,65.89],[-84.29,65.72],[-83.88,65.6],[-83.24,65.56],[-83.06,65.75],[-83.55,65.83],[-83.53,65.95],[-83.79,66.14],[-83.41,66.3],[-83.09,66.13],[-82.89,66.15],[-82.73,66.25],[-83.08,66.38],[-82.85,66.49],[-82.55,66.52],[-82.05,66.72],[-81.8,66.92],[-81.52,66.94],[-81.27,67.07],[-81.08,67.47],[-81.25,67.63],[-81.56,67.77],[-81.88,67.95],[-81.86,68.24],[-82.09,68.28],[-82.29,68.42],[-81.85,68.38],[-81.39,68.5],[-81.1,68.62],[-81.07,68.8],[-81.47,68.95],[-81.14,69.09],[-81.29,69.26],[-82.04,69.35],[-82.15,69.46],[-82.19,69.67],[-82.56,69.76],[-83.55,69.78],[-84.14,69.9],[-84.66,69.92],[-85.07,69.88],[-85.61,69.91],[-85.74,69.84],[-85.63,69.56],[-85.63,69.31],[-85.43,69.12],[-85.08,69.06],[-85.35,68.85],[-85.67,68.82],[-85.93,68.65],[-85.93,68.45],[-86.14,68.1],[-86.45,68.35],[-86.76,68.37],[-87,68.27],[-87.16,68.1],[-87.05,68],[-87.02,67.77],[-86.69,67.66],[-86.72,67.53],[-87.07,67.4],[-87.33,67.39],[-87.84,67.66],[-88.02,67.79],[-88.12,67.96],[-88.13,68.18],[-87.79,68.18],[-87.64,68.29],[-87.62,68.41],[-87.86,68.84],[-88.18,69.01],[-88.49,69.11],[-88.95,69.34],[-89.24,69.34],[-89.52,69.27],[-89.85,69.04],[-90.08,68.53],[-90.37,68.48],[-90.26,68.85],[-90.57,69.15],[-90.09,69.24],[-90,69.44],[-90.46,69.57],[-90.98,69.59],[-91.15,69.72],[-91.44,69.72],[-91.87,69.61],[-92.23,69.74],[-91.89,69.95],[-91.8,70.06],[-91.52,70.08],[-91.34,70.19],[-91.6,70.37],[-91.85,70.42],[-92.23,70.7],[-92.47,70.76],[-92.69,70.91],[-92.73,71.28],[-93.07,71.5],[-93.55,71.67],[-93.51,71.77],[-93.7,71.84],[-94.25,71.87],[-93.82,71.99],[-93.65,72.23],[-93.33,72.4],[-93.37,72.73],[-92.41,72.64],[-91.94,72.7],[-91.38,73.01],[-91.16,73.21],[-90.72,73.49],[-90.33,73.66],[-90.08,73.89],[-90.48,74.01],[-91.02,74.08],[-91.64,74.1],[-92.16,74.06],[-92.66,74.18],[-93.42,74.25],[-93.92,74.2],[-94.55,74.18],[-95.25,74.07],[-95.4,73.97],[-95.35,73.83],[-95.76,73.78],[-95.9,73.59],[-95.84,73.17],[-95.85,72.88],[-95.49,72.49],[-95.36,71.96],[-95.71,71.81],[-96.11,71.58],[-96.12,71.49],[-96.6,71.31],[-96.76,71.13],[-96.7,71.06],[-96.77,70.79],[-96.4,70.59],[-96.76,70.35],[-96.69,70.1],[-96.22,69.79],[-95.86,69.7],[-96.13,69.59],[-96.19,69.41],[-96.74,69.57],[-97.55,69.9],[-97.74,69.94],[-98.19,69.9],[-98.47,69.77],[-98.51,69.65],[-98.71,69.62],[-98.77,69.47],[-98.66,69.35],[-99.13,69.22],[-99.57,69.2],[-99.77,69.03],[-99.61,68.88],[-99.31,68.79],[-98.98,68.79],[-98.5,68.73],[-97.99,68.61],[-98.14,68.52],[-98.1,68.42],[-98.59,68.46],[-98.81,68.4],[-98.66,68.19],[-98.91,68.06],[-98.76,67.87],[-98.98,67.8],[-99.4,67.85],[-100.2,67.91],[-100.53,67.91],[-101.56,67.77],[-101.83,67.82],[-102.28,67.82],[-102.71,67.9],[-103.2,68.12],[-103.46,68.19],[-104.19,68.1],[-104.46,68.16],[-104.46,68.34],[-104.24,68.44],[-104.3,68.54],[-104.65,68.65],[-105.08,68.64],[-105.35,68.74],[-105.53,68.88],[-105.94,68.97],[-106.4,68.97],[-107.52,68.75],[-108.41,68.68],[-108.82,68.41],[-108.93,68.29],[-108.43,68.09],[-107.97,68.07],[-107.94,67.94],[-108.15,67.84],[-108.15,67.71],[-108.32,67.65],[-108.75,67.67],[-108.97,67.77],[-109.54,67.8],[-109.98,68.07],[-110.43,68.03],[-111.04,67.86],[-111.36,67.88],[-111.61,67.83],[-112.27,67.8],[-112.51,67.75],[-113.67,67.77],[-114.25,67.8],[-114.6,67.86],[-115.04,67.88],[-114.99,68.08],[-114.64,68.19],[-114.26,68.17],[-113.99,68.2],[-113.76,68.41],[-114.26,68.71],[-114.89,68.91],[-115.57,69.04],[-115.99,69.06],[-116.38,69.03],[-116.53,68.95],[-117.22,69],[-118,69.11],[-118.8,69.33],[-119.79,69.41],[-120.16,69.47],[-120.84,69.72],[-121.46,69.84],[-122.06,69.89],[-122.98,69.89],[-123.27,69.81],[-123.4,69.57],[-123.66,69.45],[-124.25,69.43],[-123.94,69.63],[-123.94,69.72],[-124.21,69.79],[-124.24,70.13],[-124.53,70.23],[-124.76,70.2],[-125.2,70.03],[-125.57,69.61],[-125.37,69.46],[-125.47,69.42],[-125.92,69.52],[-126.43,69.77],[-126.95,70.28],[-127.61,70.57],[-127.98,70.65],[-128.18,70.62],[-128.38,70.49],[-128.39,70.39],[-128.12,70.24],[-128.47,70.15],[-128.58,69.99],[-128.94,70.04],[-129.34,69.92],[-129.48,69.95],[-129.33,70.12],[-129.57,70.27],[-129.85,70.26],[-130.03,70.17],[-130.49,70.22],[-130.77,70.19],[-131.27,70],[-131.52,69.99],[-132.07,69.81],[-132.57,69.8],[-133.09,69.67],[-133.3,69.49],[-133.53,69.48],[-133.94,69.61],[-134.11,69.73],[-134.48,69.76],[-134.64,69.7],[-134.7,69.55],[-135.23,69.54],[-135.44,69.4],[-135.75,69.38],[-136.14,69.1],[-136.13,68.95],[-136.68,68.96],[-137.19,69.03],[-137.99,69.21],[-138.55,69.37],[-138.91,69.51],[-138.69,69.56],[-138.79,69.67],[-139.22,69.72],[-139.46,69.63],[-139.95,69.7],[-140.4,69.68],[-140.94,69.72],[-141,69.65],[-141,69.07],[-141,68.19],[-141,67.31],[-141,66.73],[-141,65.85],[-141,64.98],[-141,64.1],[-141,63.51],[-141,62.35],[-141,61.76],[-141,60.88],[-141,60.3],[-140.53,60.22],[-140.45,60.3],[-139.97,60.18],[-139.68,60.33],[-139.08,60.34],[-139.19,60.08],[-139.04,59.99],[-138.71,59.9],[-138.63,59.78],[-137.59,59.23],[-137.44,58.9],[-137.28,58.99],[-136.81,59.15],[-136.58,59.15],[-136.47,59.28],[-136.47,59.46],[-136.25,59.53],[-136.32,59.6],[-135.93,59.66],[-135.48,59.79],[-135.05,59.58],[-135.07,59.44],[-134.94,59.29],[-134.44,59.09],[-134.22,58.85],[-133.82,58.71],[-133.4,58.41],[-133.42,58.34],[-133.28,58.22],[-132.55,57.5],[-132.23,57.2],[-132.34,57.08],[-132.03,57.03],[-132.1,56.86],[-131.87,56.79],[-131.82,56.59],[-131.58,56.6],[-131.08,56.4],[-130.74,56.34],[-130.48,56.23],[-130.41,56.12],[-130.02,56.01],[-130.12,55.61],[-130.02,55.36],[-130.13,55.12],[-130.31,54.95],[-130.66,54.72]],[[-97.97,67.85],[-97.73,67.9],[-97.46,67.85],[-97.35,67.74],[-97.49,67.69],[-97.97,67.85]],[[-97.05,68.46],[-96.64,68.39],[-96.32,68.4],[-95.57,68.67],[-95.39,68.68],[-95.05,68.82],[-95.34,68.96],[-95.59,68.94],[-96,69.29],[-95.53,69.26],[-95.2,69.41],[-95.18,69.53],[-94.66,69.53],[-94.44,69.35],[-94.49,69.24],[-94.39,69.1],[-94.75,68.94],[-94.77,68.74],[-94.53,68.67],[-93.94,68.73],[-93.82,68.59],[-94.06,68.53],[-94.42,68.33],[-94.9,68.12],[-95.13,68.17],[-95.45,68.13],[-95.64,68.05],[-95.85,67.74],[-95.64,67.58],[-95.65,67.38],[-95.95,67.37],[-96.18,67.53],[-96.01,67.71],[-95.78,68.23],[-95.89,68.32],[-96.24,68.3],[-96.41,68.38],[-96.86,68.33],[-97.05,68.46]],[[-88.28,65.36],[-88.9,65.42],[-89.11,65.49],[-89.67,65.79],[-89.53,65.8],[-89.2,65.68],[-88.88,65.62],[-88.81,65.56],[-88.28,65.36]],[[-59.08,53.88],[-59.4,53.7],[-59.66,53.6],[-60.05,53.55],[-59.94,53.7],[-59.75,53.77],[-59.46,53.76],[-59.08,53.88]]],[[[-66.96,44.75],[-66.99,44.65],[-66.92,44.56],[-66.67,44.63],[-66.64,44.79],[-66.77,44.87],[-66.89,44.83],[-66.96,44.75]]],[[[-132.67,53.17],[-132.6,53.04],[-132.38,52.97],[-132.26,52.73],[-131.9,52.49],[-131.66,52.36],[-131.51,52.19],[-131.23,52.09],[-131.18,51.94],[-130.94,51.91],[-130.89,52.12],[-131.03,52.31],[-131.14,52.37],[-131.23,52.5],[-131.34,52.49],[-131.46,52.59],[-131.34,52.72],[-131.58,52.81],[-131.5,53.03],[-131.67,53.25],[-131.82,53.3],[-131.8,53.58],[-131.71,53.81],[-131.59,53.96],[-131.55,54.13],[-131.74,54.22],[-131.97,54.11],[-132.14,54.11],[-132.34,54.18],[-133.12,54.23],[-133.18,54.17],[-133.22,53.92],[-133.17,53.75],[-132.93,53.45],[-132.79,53.41],[-132.87,53.3],[-132.67,53.17]]],[[[-108.98,78.43],[-109.22,78.63],[-110.25,78.83],[-111.3,78.76],[-111.87,78.64],[-112.83,78.56],[-113.44,78.45],[-113.66,78.33],[-113.29,78.22],[-112.25,78.28],[-111.94,78.22],[-111.16,78.24],[-110.44,78.22],[-109.29,78.25],[-108.98,78.43]]],[[[-109.78,77.67],[-110.04,77.84],[-109.5,77.91],[-109.28,78.12],[-110.46,78.18],[-111.25,78.16],[-112.44,78.07],[-113.13,77.99],[-113.66,77.97],[-114.24,78.15],[-114.82,78.1],[-115.33,78],[-115.31,77.89],[-114.88,77.72],[-114.4,77.65],[-113.54,77.72],[-113.46,77.49],[-112.59,77.31],[-111.86,77.27],[-111.12,77.36],[-110.52,77.38],[-109.9,77.49],[-109.78,77.67]]],[[[-117.8,76.24],[-117.3,76.2],[-116.9,76.25],[-116.71,76.48],[-116.01,76.56],[-115.7,76.66],[-115.77,76.83],[-115.45,76.93],[-115.98,77.13],[-115.14,77.3],[-115.28,77.41],[-116.23,77.61],[-117.01,77.59],[-117.36,77.49],[-119.3,77.36],[-120.65,76.92],[-120.74,76.84],[-121.22,76.74],[-121.79,76.51],[-122.66,76.44],[-123.2,76.15],[-122.72,75.89],[-122.34,75.87],[-121.89,75.96],[-121.31,75.87],[-121.5,75.72],[-121.19,75.66],[-120.68,75.76],[-119.76,75.79],[-119.23,75.99],[-118.74,76.1],[-118.35,76.31],[-117.8,76.24]]],[[[-106.03,76.1],[-106.37,76.14],[-107.4,75.98],[-107.69,76.12],[-107.91,76.36],[-108.22,76.47],[-108.32,76.6],[-108.15,76.75],[-108.72,76.9],[-109.22,76.88],[-109.6,76.8],[-110.13,76.56],[-110.52,76.46],[-110.62,76.36],[-110.44,76.24],[-109.88,76.15],[-109.72,76.06],[-110.2,75.95],[-110.06,75.82],[-109.2,75.66],[-109.21,75.58],[-110.44,75.63],[-110.95,75.62],[-111.25,75.84],[-112.49,76.26],[-113.16,76.33],[-113.71,76.29],[-113.94,76.49],[-114.45,76.57],[-115.08,76.57],[-115.79,76.5],[-116.35,76.26],[-116.87,76.13],[-116.94,75.89],[-117.47,75.65],[-117.39,75.57],[-117.88,75.3],[-117.7,75.15],[-117.07,75.09],[-116.6,75.09],[-116.35,74.99],[-115.75,74.88],[-115.29,74.93],[-115.03,74.89],[-114.22,75.04],[-113.47,74.94],[-113.99,74.88],[-114.55,74.75],[-114.67,74.67],[-114.38,74.53],[-113.82,74.39],[-113.03,74.33],[-112.45,74.35],[-111.59,74.44],[-110.77,74.58],[-110.08,74.77],[-109.36,74.82],[-108.87,74.94],[-108.34,74.87],[-107.85,74.92],[-107.19,74.85],[-106.81,74.88],[-105.9,75.04],[-105.59,75.17],[-105.19,75.75],[-105.38,75.98],[-106.03,76.1]]],[[[-113.83,73.13],[-113.99,73.34],[-114.66,73.45],[-115.14,73.5],[-115.29,73.66],[-115.77,73.8],[-116.57,74.09],[-117.39,74.3],[-117.94,74.34],[-118.64,74.31],[-119.05,74.26],[-119.85,74.32],[-120.4,74.41],[-121.19,74.59],[-121.79,74.61],[-122.68,74.53],[-123.52,74.51],[-124.93,74.41],[-124.99,74.31],[-124.53,73.95],[-124.08,73.78],[-124.35,73.56],[-124.65,73.45],[-125.09,73.07],[-124.88,72.96],[-125.11,72.92],[-125.26,72.78],[-125.25,72.6],[-125.59,72.46],[-125.97,72.18],[-126.09,71.98],[-126,71.9],[-125.37,71.9],[-124.93,71.78],[-124.17,71.63],[-123.81,71.4],[-123.61,71.2],[-123.18,71.02],[-122.74,71.03],[-122,71.21],[-121.69,71.35],[-121.52,71.31],[-121.08,71.35],[-120.45,71.45],[-120.21,71.63],[-120.14,71.88],[-119.95,72.16],[-119.33,72.26],[-118.79,72.63],[-117.82,72.85],[-118.58,72.57],[-118.73,72.42],[-118.47,72.28],[-118.76,72.22],[-119.15,72.02],[-119.22,71.75],[-119.03,71.63],[-118.34,71.57],[-118.46,71.48],[-118.34,71.38],[-118,71.32],[-117.91,71.22],[-118.56,71.03],[-118.45,70.85],[-117.7,70.56],[-117,70.53],[-116.34,70.55],[-116,70.51],[-114.8,70.55],[-113.8,70.62],[-113.24,70.55],[-112.23,70.39],[-112.63,70.3],[-114.61,70.38],[-116.61,70.24],[-117.24,70.16],[-117.41,70.06],[-117.33,69.81],[-117.18,69.69],[-116.64,69.37],[-116.2,69.27],[-115.65,69.21],[-115.17,69.19],[-114.35,69.2],[-113.87,69.14],[-113.82,68.83],[-113.52,68.57],[-113.24,68.43],[-112.63,68.41],[-112.28,68.44],[-111.24,68.47],[-109.92,68.56],[-109.4,68.61],[-108.84,68.7],[-108.3,68.86],[-107.82,68.88],[-107.33,68.94],[-106.86,69.14],[-106.53,69.19],[-106.23,69.1],[-105.32,69.02],[-105.39,68.95],[-105.23,68.86],[-104.51,68.79],[-104.14,68.8],[-103.48,68.73],[-102.86,68.75],[-102.4,68.82],[-102.5,68.67],[-102.39,68.61],[-101.95,68.51],[-101.7,68.52],[-101.54,68.61],[-101.59,68.82],[-101.94,68.89],[-101.68,68.98],[-101.59,69.13],[-101.64,69.25],[-101.87,69.32],[-101.78,69.45],[-102.1,69.56],[-102.37,69.55],[-102.37,69.71],[-102.21,69.76],[-101.82,69.64],[-101.55,69.62],[-101.44,69.35],[-101.06,69.33],[-100.82,69.43],[-100.94,69.59],[-100.73,69.7],[-100.7,69.88],[-100.85,70.14],[-101.08,70.22],[-101.41,70.22],[-101.45,70.3],[-101.88,70.35],[-102.59,70.57],[-102.99,70.72],[-103.44,70.69],[-103.77,70.81],[-103.98,70.97],[-104.32,71.1],[-104.12,71.44],[-104.16,71.59],[-104.55,71.9],[-105,72.43],[-105.18,72.73],[-105.15,72.86],[-104.86,72.96],[-104.56,73.14],[-104.33,73.34],[-104.3,73.55],[-104.44,73.66],[-104.96,73.8],[-105.54,73.84],[-106.76,73.76],[-107.22,73.52],[-107.03,73.34],[-107.17,73.3],[-107.63,73.4],[-108.15,73.41],[-108.35,73.31],[-108.49,73.1],[-108.17,72.52],[-108.06,72.43],[-107.93,72.13],[-107.6,71.91],[-107.6,71.84],[-107.98,71.76],[-108.54,72.59],[-108.94,72.78],[-109.88,73.05],[-110.8,73.07],[-110.94,72.93],[-110.75,72.82],[-110.46,72.74],[-110.69,72.65],[-111.94,72.95],[-112.68,73.06],[-113.36,73.04],[-113.67,72.89],[-113.74,72.74],[-114.05,72.72],[-113.81,72.96],[-113.83,73.13]]],[[[-88.12,77.86],[-88.45,77.72],[-88.11,77.48],[-87.61,77.28],[-87.83,77.21],[-88.57,77.17],[-89.71,76.88],[-90.2,76.91],[-91.23,76.75],[-91.88,76.75],[-92.39,76.69],[-92.88,76.69],[-92.94,76.8],[-93.68,76.98],[-94.17,76.98],[-95.01,77.08],[-95.89,77.14],[-97.06,77.01],[-97.17,76.71],[-96.3,76.54],[-96.04,76.36],[-95.69,76.31],[-95.49,76.2],[-94.93,76.18],[-94.64,76.22],[-93.86,76.2],[-93.29,76.27],[-92.47,75.82],[-92.36,75.66],[-92.71,75.39],[-92.67,75.25],[-92.39,75.12],[-92.46,75.05],[-92.23,74.77],[-91.73,74.6],[-89.87,74.48],[-88.82,74.53],[-88.52,74.42],[-87.55,74.4],[-87.33,74.43],[-86.72,74.41],[-86.46,74.45],[-85.74,74.43],[-85.42,74.47],[-84.43,74.44],[-83.31,74.54],[-82.84,74.46],[-81.73,74.41],[-81.16,74.5],[-80.18,74.51],[-80.01,74.54],[-79.91,74.76],[-79.33,74.82],[-79.09,74.91],[-79.56,75.09],[-79.23,75.24],[-79.42,75.5],[-79.84,75.54],[-80.16,75.69],[-80.87,75.71],[-81.13,75.82],[-82.39,75.91],[-83.19,75.83],[-84.07,75.88],[-84.71,75.73],[-85.1,75.71],[-86.15,75.59],[-86.64,75.55],[-87.25,75.69],[-88.11,75.61],[-88.55,75.73],[-88.91,75.73],[-89.04,75.84],[-90.01,76.1],[-89.26,76.12],[-88.95,76.21],[-89.05,76.36],[-87.5,76.31],[-87.24,76.36],[-86.55,76.31],[-86.34,76.39],[-85.85,76.29],[-85.13,76.23],[-84.2,76.29],[-83.97,76.38],[-83.39,76.37],[-82.2,76.39],[-81.89,76.43],[-81.14,76.39],[-81.31,76.21],[-81.21,76.13],[-80.6,76.11],[-79.33,76.25],[-78.04,76.53],[-77.67,76.75],[-77.69,76.87],[-78.1,77.04],[-78.45,77.06],[-78.98,76.99],[-79.04,77.19],[-78.02,77.37],[-77.75,77.51],[-77.73,77.87],[-76.98,77.85],[-75.56,77.97],[-75.23,78.19],[-74.8,78.32],[-74.93,78.4],[-74.19,78.59],[-74.04,78.73],[-74.89,78.92],[-74.16,79.02],[-74.18,79.28],[-74.79,79.31],[-73.81,79.43],[-72.93,79.49],[-72.8,79.6],[-71.8,79.64],[-71.11,79.71],[-70.69,79.9],[-70.14,80.06],[-69.77,80.29],[-69.25,80.33],[-68.26,80.64],[-66.31,81.01],[-65.08,81.25],[-64.36,81.42],[-64.38,81.53],[-65.23,81.58],[-63.21,81.8],[-61.74,82],[-60.75,82.26],[-60.66,82.35],[-61.04,82.51],[-62.56,82.6],[-63.05,82.72],[-62.96,82.83],[-64.22,82.9],[-64.56,82.97],[-65.84,82.96],[-66.36,83.01],[-67.83,83.03],[-69.11,83.08],[-69.87,83.19],[-71.57,83.16],[-72.02,83.18],[-74.14,83.08],[-75.75,83.12],[-77.26,83.08],[-77.62,82.97],[-80.08,83.01],[-80.77,82.94],[-81.85,82.72],[-82.67,82.67],[-82.48,82.54],[-83.16,82.37],[-84.95,82.52],[-85.68,82.46],[-86.18,82.35],[-87.09,82.25],[-87.08,82.15],[-88.14,82.17],[-88.87,82.12],[-89.78,81.97],[-90.74,81.94],[-91.6,81.84],[-92.2,81.62],[-91.23,81.49],[-91.15,81.4],[-90.2,81.32],[-90.46,81.11],[-89.88,80.97],[-89.43,80.79],[-88.23,80.61],[-87.07,80.61],[-86.44,80.5],[-85.18,80.45],[-84.34,80.46],[-83.28,80.55],[-82.68,80.44],[-83.91,80.33],[-85.13,80.34],[-86.48,80.38],[-86.91,80.28],[-87.28,80.41],[-88.03,80.5],[-88.55,80.5],[-89.08,80.6],[-89.88,80.6],[-90.86,80.88],[-91.57,81.22],[-92.1,81.33],[-93.32,81.44],[-94.5,81.39],[-94.71,81.32],[-94.58,81.11],[-95.13,81.13],[-95.68,81.04],[-95.98,80.8],[-96.57,80.73],[-96.78,80.27],[-97.14,80.17],[-97,79.91],[-96.04,79.56],[-96.14,79.41],[-95.24,79.22],[-94.59,79.28],[-93.49,79.2],[-94.53,79.03],[-94.45,78.9],[-93.98,78.8],[-93.71,78.61],[-93.14,78.4],[-92.61,78.26],[-91.54,78.12],[-90.59,78.08],[-88.67,78.12],[-88.47,78.16],[-88.14,78.41],[-87.85,78.43],[-87.92,78.15],[-87.5,78.06],[-85.59,78.04],[-86.15,77.86],[-86.94,77.96],[-87.65,77.94],[-88.12,77.86]],[[-86.69,78.86],[-85.85,79.04],[-85.01,79.16],[-84.85,79],[-85.83,78.91],[-86.69,78.86]]],[[[-96.59,77.66],[-96.59,77.58],[-96.15,77.41],[-93.36,77.4],[-93.05,77.59],[-92.81,77.64],[-93.06,77.79],[-93.56,77.84],[-95.18,77.83],[-94.59,78.06],[-94.89,78.24],[-94.53,78.32],[-94.75,78.48],[-95.48,78.59],[-95.88,78.58],[-96.19,78.71],[-97.23,78.85],[-98.4,78.88],[-98.69,78.8],[-98.48,78.58],[-98.68,78.47],[-98.4,78.3],[-97.93,78.13],[-97.99,78.06],[-97.39,77.89],[-97.14,77.74],[-96.59,77.66]]],[[[-94.4,75.67],[-94,75.79],[-94.26,76.04],[-94.58,76.08],[-95.2,75.94],[-94.99,75.72],[-95.74,75.6],[-96.39,75.73],[-97.12,75.58],[-97.12,75.69],[-97.44,75.77],[-97.23,76.19],[-97.42,76.33],[-97.44,76.53],[-98.32,76.72],[-98.74,76.77],[-99.18,76.69],[-99.96,76.72],[-100.41,76.82],[-100.98,76.81],[-101.94,76.63],[-101.89,76.52],[-102.4,76.35],[-102.8,76.38],[-102.78,76.49],[-104,76.74],[-104.7,76.69],[-104.92,76.58],[-104.59,76.28],[-104.72,76.09],[-104.27,75.91],[-103.55,75.72],[-102.93,75.69],[-103.11,75.6],[-102.71,75.44],[-101.45,75.53],[-100.97,75.44],[-101.04,75.32],[-100.72,75.25],[-100.63,75.05],[-100.38,74.94],[-99.53,74.9],[-99.34,74.96],[-98.74,74.93],[-97.81,74.99],[-97.42,75.07],[-97.57,75.28],[-97.24,75.35],[-96.59,75.27],[-96.83,75.12],[-96.86,74.98],[-96.24,74.85],[-96.05,74.77],[-95.41,74.72],[-94.98,74.6],[-94.53,74.56],[-93.97,74.57],[-93.35,74.62],[-93.19,74.86],[-93.21,75.14],[-93.49,75.38],[-94.25,75.65],[-94.4,75.67]]],[[[-96.91,73.84],[-97.54,73.96],[-97.41,74.11],[-97.51,74.17],[-98.13,74.17],[-99.07,74.06],[-99.64,73.95],[-99.96,74.03],[-100.46,73.92],[-101.05,73.87],[-101.24,73.77],[-101.19,73.66],[-101.67,73.58],[-101.78,73.48],[-101.65,73.39],[-100.98,73.2],[-100.57,73.03],[-100.68,72.83],[-101.14,72.79],[-101.76,73.11],[-102.23,73.15],[-102.48,73.13],[-102.78,73.01],[-102.95,72.75],[-102.59,72.55],[-102.18,72.44],[-101.89,72.26],[-100.78,72.11],[-100.34,71.88],[-99.93,71.72],[-99.61,71.53],[-99.42,71.35],[-98.65,71.23],[-98.25,71.3],[-97.98,71.41],[-98.01,71.58],[-97.39,71.56],[-97.08,71.62],[-96.8,71.73],[-96.42,71.79],[-96.4,71.99],[-96.5,72.05],[-96.36,72.21],[-96.45,72.3],[-96.2,72.48],[-96.33,72.74],[-96.85,72.79],[-96.45,72.93],[-96.35,73.09],[-96.83,73.26],[-97.2,73.21],[-97.34,73.05],[-97.69,73.11],[-97.62,73.23],[-97.06,73.34],[-97.12,73.51],[-96.76,73.64],[-96.91,73.84]]],[[[-87.34,63.6],[-87.23,63.52],[-86.78,63.51],[-86.53,63.59],[-85.87,63.63],[-85.63,63.09],[-85.4,63.04],[-84.88,63.13],[-84.52,63.26],[-84.19,63.53],[-83.91,63.61],[-83.59,63.78],[-83.46,64],[-82.62,63.89],[-82.49,63.64],[-82.02,63.6],[-81.07,63.39],[-80.85,63.43],[-80.17,63.72],[-80.1,63.82],[-80.4,63.94],[-80.74,64.15],[-81.08,64.11],[-81.51,64.22],[-81.63,64.45],[-81.92,64.69],[-82.2,64.79],[-82.57,64.84],[-83.09,65.02],[-83.41,65.2],[-83.97,65.28],[-84.14,65.42],[-84.43,65.53],[-84.53,65.82],[-84.82,66.07],[-85.29,66.08],[-85.96,65.87],[-86.18,65.66],[-86.28,65.45],[-86.36,65.02],[-86.54,64.57],[-86.52,64.37],[-86.42,64.16],[-86.99,63.98],[-87.35,63.69],[-87.34,63.6]]],[[[-105.27,78.41],[-105.07,78.31],[-104.45,78.2],[-103.81,78.18],[-103.54,78.09],[-103.06,78.04],[-102.49,78.18],[-101.98,78.2],[-101.15,78.06],[-101,77.9],[-101.92,77.97],[-102.81,77.9],[-102.65,77.68],[-101.79,77.61],[-100.74,77.69],[-100.69,77.78],[-99.97,77.71],[-98.9,77.8],[-98.65,77.99],[-98.82,78.15],[-99.46,78.43],[-99.2,78.56],[-99.71,78.77],[-100.67,78.96],[-101.49,79.14],[-102.3,79.12],[-102.58,79.27],[-103.6,79.43],[-104.87,79.38],[-105.58,79.39],[-105.8,79.33],[-105.95,79.05],[-105.77,78.98],[-105.26,78.96],[-105.34,78.81],[-105.1,78.74],[-104.23,78.7],[-104.38,78.63],[-105.03,78.63],[-105.36,78.53],[-105.27,78.41]]],[[[-59.32,47.57],[-59.14,47.5],[-58.58,47.56],[-58.37,47.62],[-57.95,47.6],[-57.67,47.55],[-57.48,47.56],[-56.74,47.49],[-56.14,47.62],[-56.23,47.51],[-56.08,47.43],[-55.87,47.46],[-55.58,47.39],[-55.45,47.3],[-55.55,47.22],[-55.9,47.13],[-56.06,47],[-56.05,46.89],[-55.79,46.79],[-55.51,46.84],[-55.27,46.84],[-55.05,47.01],[-54.99,47.15],[-54.79,47.32],[-54.59,47.31],[-54.4,47.36],[-54.23,47.33],[-54.14,47.4],[-53.97,47.41],[-54.19,47.12],[-54.28,46.93],[-54.21,46.79],[-54.07,46.74],[-53.95,46.78],[-53.7,46.96],[-53.72,46.67],[-53.59,46.55],[-53.34,46.64],[-53.18,46.57],[-52.99,46.63],[-52.86,46.79],[-52.79,46.96],[-52.8,47.1],[-52.58,47.4],[-52.55,47.55],[-52.61,47.78],[-52.84,47.84],[-52.87,47.99],[-52.77,48.06],[-52.81,48.18],[-52.92,48.22],[-53.36,48.05],[-53.45,48.18],[-53.27,48.29],[-53.13,48.31],[-52.96,48.45],[-52.91,48.57],[-52.97,48.72],[-53.07,48.74],[-53.29,48.64],[-53.63,48.59],[-53.6,48.72],[-53.75,48.76],[-53.78,48.86],[-53.68,48.98],[-53.47,49.11],[-53.46,49.29],[-53.54,49.37],[-53.82,49.49],[-53.94,49.6],[-53.87,49.68],[-54.03,49.81],[-54.18,49.82],[-54.53,49.71],[-54.93,49.65],[-54.98,49.57],[-54.83,49.42],[-55.1,49.36],[-55.1,49.5],[-55.28,49.6],[-55.65,49.51],[-55.78,49.59],[-55.77,49.7],[-55.43,49.9],[-55.4,50],[-55.51,50.08],[-55.73,50.03],[-56.01,50.08],[-56.17,50.2],[-56.33,50.14],[-56.5,49.95],[-56.6,50.02],[-56.38,50.25],[-56.3,50.37],[-56.03,50.63],[-56.01,50.72],[-55.77,50.87],[-55.67,51.08],[-55.69,51.19],[-55.79,51.27],[-55.5,51.33],[-55.33,51.59],[-55.51,51.67],[-55.82,51.63],[-56.06,51.64],[-56.27,51.55],[-56.76,51.38],[-56.91,51.17],[-57.15,51.06],[-57.12,50.95],[-57.21,50.84],[-57.37,50.77],[-57.41,50.66],[-57.57,50.49],[-57.82,50.05],[-58.04,49.72],[-58.04,49.62],[-58.19,49.55],[-58.32,49.4],[-58.28,49.21],[-58.47,49.14],[-58.59,49.04],[-58.75,48.8],[-58.88,48.82],[-59.28,48.59],[-59.24,48.47],[-58.94,48.45],[-58.68,48.47],[-59.03,48.21],[-59.35,48.05],[-59.47,47.86],[-59.32,47.57]]],[[[-67.36,70.17],[-67.72,70.34],[-68.23,70.38],[-68.14,70.53],[-68.27,70.64],[-69.04,70.82],[-69.97,70.92],[-70.44,70.85],[-70.42,71.02],[-70.82,71.19],[-71.05,71.39],[-71.51,71.57],[-72.05,71.66],[-72.53,71.69],[-72.94,71.75],[-73.46,71.58],[-73.57,71.64],[-73.47,71.78],[-73.93,71.84],[-74.13,72.1],[-74.89,72.17],[-74.8,72.27],[-74.97,72.47],[-75.61,72.64],[-76.08,72.64],[-76.38,72.75],[-76.03,72.78],[-75.81,72.87],[-76.06,73.01],[-76.04,73.1],[-76.34,73.19],[-76.57,73.36],[-76.81,73.41],[-77.01,73.55],[-77.97,73.71],[-78.26,73.74],[-79.34,73.71],[-80.03,73.78],[-80.33,73.84],[-80.88,73.82],[-81.19,73.68],[-81.46,73.76],[-81.89,73.8],[-82.7,73.8],[-83.88,73.63],[-84.16,73.53],[-84.53,73.53],[-84.77,73.45],[-85.2,73.39],[-85.73,73.11],[-85.59,72.99],[-85.89,72.78],[-85.88,72.63],[-85.72,72.49],[-85.38,72.31],[-85.75,72.14],[-86.11,72.13],[-86.08,72.47],[-86.37,72.69],[-86.39,72.85],[-85.86,73.23],[-85.48,73.42],[-85.01,73.56],[-84.68,73.72],[-84.98,73.87],[-85.93,73.92],[-86.84,73.9],[-87.57,73.83],[-88.1,73.73],[-88.92,73.44],[-88.99,73.35],[-89.33,73.22],[-89.5,73.08],[-89.59,72.83],[-90.1,72.43],[-90.09,72.24],[-89.97,72.15],[-90.26,71.96],[-90.07,71.47],[-89.85,71.37],[-89.17,71.22],[-89.66,71.09],[-89.41,70.73],[-88.93,70.44],[-88.52,70.38],[-88.02,70.19],[-87.8,70.17],[-87.54,70.25],[-87.01,70.26],[-86.71,70.32],[-86.59,70.18],[-87.14,70.22],[-87.53,70.15],[-87.53,70.06],[-87.31,69.96],[-86.73,69.9],[-86.42,69.93],[-86.32,70.04],[-85.77,69.95],[-85.4,70.03],[-84.97,70.01],[-84.58,69.94],[-83.88,69.89],[-83.15,69.93],[-82.59,69.8],[-82.09,69.77],[-81.6,69.85],[-80.92,69.62],[-80.56,69.59],[-80.12,69.45],[-79.89,69.44],[-79.76,69.54],[-79.45,69.56],[-79.14,69.71],[-79.24,69.83],[-78.74,69.93],[-78.56,70.11],[-77.94,70.16],[-77.76,69.79],[-77.24,69.78],[-77.37,69.64],[-77.23,69.51],[-77.54,69.43],[-77.59,69.27],[-77.32,69.07],[-76.89,69.08],[-76.4,69.35],[-75.93,69.27],[-75.86,69.18],[-76.07,69.1],[-76.41,69.13],[-76.73,69.05],[-76.82,68.7],[-76.71,68.63],[-76.36,68.62],[-75.73,68.78],[-75.33,68.85],[-75.56,68.66],[-75.59,68.5],[-75.46,68.43],[-76.17,68.38],[-76.39,68.39],[-76.9,68.27],[-77.41,67.87],[-77.5,67.71],[-77.41,67.5],[-77.25,67.29],[-77.03,67.18],[-76.69,67.16],[-75.71,67.22],[-75.28,67.31],[-74.94,67.52],[-74.72,67.78],[-74.42,67.72],[-73.61,67.71],[-73.27,67.74],[-73.21,67.83],[-73.3,68.03],[-74.37,68.17],[-74.84,68.13],[-75,68.28],[-74.77,68.28],[-74.59,68.44],[-74.07,68.47],[-74,68.33],[-73.7,68.22],[-73.5,68.23],[-73.24,68.08],[-72.76,67.64],[-72.53,67.32],[-72.51,67.18],[-72.94,67.07],[-73.17,66.78],[-73.41,66.73],[-73.72,66.55],[-74.06,66.41],[-74.52,66.25],[-74.56,66.07],[-74.17,65.83],[-73.9,65.73],[-73.85,65.59],[-74.35,65.54],[-74.51,65.45],[-75.04,65.45],[-75.31,65.35],[-75.73,65.39],[-75.93,65.34],[-76.75,65.49],[-77.24,65.54],[-77.43,65.51],[-77.63,65.38],[-77.55,65.22],[-77.98,65.13],[-78.26,64.96],[-78.35,64.77],[-78.34,64.6],[-78.19,64.47],[-77.9,64.31],[-77.31,64.21],[-76.89,64.16],[-76.65,64.17],[-76.05,64.31],[-75.62,64.34],[-75.57,64.46],[-75.27,64.4],[-74.86,64.4],[-74.57,64.44],[-74.46,64.56],[-74.29,64.56],[-74.27,64.42],[-74.15,64.36],[-73.85,64.39],[-73.61,64.37],[-73.39,64.29],[-73.05,64.07],[-72.79,63.96],[-72.61,63.76],[-72.26,63.63],[-71.86,63.65],[-71.63,63.54],[-72.07,63.5],[-72.15,63.41],[-71.75,63.15],[-71.44,63.01],[-71.24,62.76],[-71.09,62.73],[-70.88,62.55],[-70.58,62.48],[-70.29,62.48],[-70.1,62.57],[-70.15,62.65],[-69.8,62.72],[-69.67,62.7],[-69.5,62.54],[-69.17,62.35],[-68.6,62.19],[-67.49,62.08],[-67.24,62.01],[-66.87,61.95],[-66.36,61.8],[-65.91,61.88],[-65.97,62.07],[-65.81,62.23],[-66.17,62.36],[-66.52,62.65],[-66.86,62.75],[-67.11,62.9],[-67.49,63.06],[-67.57,63.15],[-68.03,63.23],[-68.24,63.39],[-68.54,63.56],[-68.35,63.58],[-67.8,63.34],[-67.59,63.38],[-67.23,63.23],[-66.94,63.15],[-66.73,62.99],[-66.17,62.91],[-65.88,62.83],[-65.75,62.84],[-65.3,62.6],[-65.04,62.55],[-65.13,62.45],[-65.01,62.37],[-64.67,62.31],[-64.35,62.37],[-64.25,62.49],[-64.47,62.63],[-64.89,62.64],[-64.89,62.81],[-64.55,62.85],[-64.59,62.99],[-64.76,63.18],[-64.36,63.22],[-64.34,63.47],[-64.39,63.63],[-64.26,63.69],[-64.57,64.08],[-64.98,64.1],[-65.14,64.24],[-64.9,64.43],[-64.94,64.53],[-65.29,64.77],[-65.66,64.91],[-65.97,64.96],[-66.11,64.91],[-66.42,65.03],[-66.65,65.07],[-67.06,65.36],[-66.96,65.47],[-67.16,65.53],[-67.26,65.63],[-67.54,65.72],[-67.79,65.86],[-67.36,65.85],[-67.13,65.91],[-66.98,66.05],[-67.34,66.23],[-67.01,66.29],[-66.88,66.43],[-66.63,66.24],[-66.34,66.16],[-65.9,65.93],[-65.54,65.91],[-65.58,65.75],[-65.27,65.44],[-64.81,65.13],[-64.58,65.05],[-64.14,64.99],[-64,65.05],[-63.73,64.88],[-63.59,64.86],[-63.33,64.99],[-63.19,65.23],[-63.19,65.54],[-62.52,65.58],[-62.45,65.7],[-62.2,65.8],[-62.24,65.93],[-61.83,66.01],[-61.88,66.11],[-62.27,66.24],[-61.81,66.24],[-61.39,66.33],[-61.37,66.5],[-61.13,66.57],[-61.2,66.73],[-61.84,67.08],[-62.25,67.13],[-62.32,67.26],[-62.85,67.24],[-63.22,67.4],[-63.87,67.47],[-63.66,67.56],[-63.87,67.7],[-64.09,67.71],[-64.39,67.87],[-64.71,67.92],[-64.62,68],[-64.97,68.13],[-65.36,68.02],[-65.75,68.06],[-66.07,68.13],[-66.08,68.33],[-66.63,68.31],[-66.52,68.45],[-66.63,68.52],[-67.11,68.53],[-67.62,68.62],[-67.95,68.64],[-67.6,68.84],[-67.55,69.07],[-67.33,69.11],[-66.77,69.08],[-66.48,69.18],[-66.49,69.3],[-66.94,69.48],[-67.33,69.54],[-67.55,69.63],[-67.05,69.69],[-66.96,69.8],[-67.18,70.07],[-67.36,70.17]],[[-79.84,69.85],[-80.54,69.86],[-80.66,69.82],[-80.97,70],[-80.22,69.92],[-79.84,69.85]],[[-85.43,71.63],[-84.9,71.59],[-84.9,71.44],[-85.43,71.63]],[[-80.04,72.79],[-79.58,72.68],[-79.04,72.7],[-78.26,72.81],[-78.9,72.36],[-79.16,72.44],[-79.85,72.53],[-80.36,72.42],[-80.45,72.53],[-80.03,72.73],[-80.04,72.79]]],[[[-61.61,49.2],[-61.74,49.33],[-62.58,49.69],[-63.05,49.84],[-63.27,49.89],[-63.73,49.95],[-64.11,50.01],[-64.41,49.99],[-64.59,49.91],[-64.52,49.77],[-63.94,49.6],[-63.77,49.49],[-63.64,49.34],[-63.09,49.16],[-62.83,49.1],[-62.23,49.01],[-61.78,49.02],[-61.57,49.12],[-61.61,49.2]]],[[[-63.45,46.11],[-63.12,46.04],[-62.97,45.95],[-62.75,45.89],[-62.5,45.91],[-62.38,45.99],[-62.44,46.15],[-61.97,46.36],[-61.96,46.49],[-62.15,46.56],[-63.11,46.49],[-63.33,46.58],[-63.78,46.64],[-63.96,46.79],[-63.87,46.9],[-63.89,47.06],[-63.99,47.13],[-64.23,47.01],[-64.45,46.81],[-64.51,46.7],[-64.46,46.59],[-64.21,46.54],[-64.2,46.38],[-64.03,46.33],[-63.88,46.34],[-63.7,46.17],[-63.45,46.11]]],[[[-81.8,62.91],[-81.98,63.04],[-82.27,63.05],[-82.74,63.02],[-83.01,62.95],[-83.29,63],[-83.49,62.96],[-83.87,62.61],[-84.04,62.51],[-84.05,62.38],[-83.74,62.09],[-83.35,62.16],[-82.93,62.15],[-82.45,62.36],[-81.98,62.61],[-81.81,62.82],[-81.8,62.91]]],[[[-80.42,62.09],[-80.41,61.79],[-79.87,61.52],[-79.53,61.61],[-79.17,62.01],[-79.14,62.27],[-79.49,62.48],[-79.89,62.48],[-80.15,62.39],[-80.42,62.09]]],[[[-78.57,56.21],[-78.53,56.32],[-78.58,56.49],[-78.86,56.47],[-79.35,56.72],[-79.52,56.87],[-79.66,56.85],[-79.8,56.93],[-79.96,56.94],[-80.08,56.85],[-80.07,56.74],[-79.88,56.69],[-79.71,56.74],[-79.68,56.6],[-79.77,56.46],[-80.17,56.32],[-80.2,56.18],[-80.04,56.12],[-80.12,55.96],[-80.08,55.84],[-79.8,55.74],[-79.57,55.8],[-79.07,55.82],[-78.94,56.07],[-78.67,56.12],[-78.57,56.21]]],[[[-89.74,77.19],[-89.39,77.29],[-89.4,77.46],[-89.94,77.65],[-90.86,77.73],[-91.47,77.63],[-91.46,77.36],[-91.24,77.28],[-90.35,77.14],[-89.74,77.19]]],[[[-105.26,77.76],[-105.88,77.83],[-106.43,77.73],[-105.88,77.34],[-105.45,77.13],[-104.72,77.04],[-104.18,77.14],[-104.24,77.37],[-105.26,77.76]]],[[[-98.37,79.81],[-98.52,80.11],[-99.04,80.2],[-99.73,80.22],[-100.42,80.13],[-100.5,79.91],[-100.24,79.82],[-99.72,79.81],[-99.52,79.71],[-98.65,79.66],[-98.37,79.81]]],[[[-117.43,76.17],[-117.9,76.18],[-118.34,76.05],[-118.84,75.96],[-119.58,75.7],[-119.65,75.56],[-118.93,75.45],[-118.52,75.44],[-117.98,75.57],[-117.35,75.94],[-117.2,76.07],[-117.43,76.17]]],[[[-130.93,54.41],[-130.71,54.5],[-130.63,54.6],[-130.74,54.69],[-130.96,54.7],[-131.08,54.49],[-130.93,54.41]]],[[[-59.98,43.83],[-59.72,43.88],[-59.64,43.96],[-59.69,44.07],[-59.94,44.01],[-60.19,44],[-60.21,43.89],[-59.98,43.83]]],[[[-61.89,47.15],[-61.67,47.25],[-61.67,47.38],[-61.54,47.49],[-61.42,47.49],[-61.31,47.6],[-61.32,47.69],[-61.6,47.7],[-62.02,47.47],[-62.1,47.2],[-61.89,47.15]]],[[[-55.5,50.65],[-55.36,50.75],[-55.38,50.84],[-55.54,50.88],[-55.69,50.84],[-55.73,50.68],[-55.5,50.65]]],[[[-55.38,51.82],[-55.19,51.89],[-55.23,52.06],[-55.42,52.05],[-55.55,51.89],[-55.38,51.82]]],[[[-67.77,60.32],[-67.67,60.45],[-67.9,60.63],[-68.13,60.67],[-68.26,60.6],[-68.51,60.33],[-68.51,60.22],[-68.37,60.16],[-68.18,60.17],[-67.77,60.32]]],[[[-64.71,61.73],[-64.82,61.91],[-65.08,62.01],[-65.34,61.97],[-65.38,61.85],[-65.28,61.75],[-65.56,61.69],[-65.52,61.52],[-64.81,61.28],[-64.55,61.45],[-64.51,61.62],[-64.71,61.73]]],[[[-79.94,75.84],[-79.63,75.75],[-78.86,75.81],[-78.52,76.12],[-79.07,76.22],[-79.41,76.14],[-80.02,75.89],[-79.94,75.84]]],[[[-79.69,57.67],[-79.87,57.65],[-79.98,57.48],[-79.85,57.37],[-79.59,57.48],[-79.69,57.67]]],[[[-79.82,53.29],[-79.89,53.41],[-80.09,53.43],[-80.2,53.36],[-80.05,53.21],[-79.86,53.22],[-79.82,53.29]]],[[[-79.61,51.9],[-79.42,51.87],[-79.26,51.92],[-79.15,52.05],[-79.18,52.13],[-79.34,52.17],[-79.69,52.08],[-79.76,52.02],[-79.61,51.9]]],[[[-78.07,63.07],[-77.73,63.06],[-77.47,63.14],[-77.39,63.31],[-77.62,63.51],[-78.25,63.56],[-78.63,63.51],[-78.71,63.42],[-78.38,63.19],[-78.07,63.07]]],[[[-80.17,59.58],[-79.84,59.76],[-79.76,59.87],[-79.91,59.95],[-80.1,59.94],[-80.41,59.73],[-80.47,59.63],[-80.39,59.56],[-80.17,59.58]]],[[[-97.34,74.44],[-97.01,74.58],[-97.4,74.7],[-97.72,74.65],[-98.05,74.52],[-97.69,74.39],[-97.34,74.44]]],[[[-74.44,62.58],[-74.04,62.54],[-73.88,62.56],[-73.9,62.72],[-74.57,62.81],[-74.75,62.78],[-74.8,62.68],[-74.44,62.58]]],[[[-78.96,68.12],[-78.61,68.26],[-78.88,68.42],[-79.3,68.38],[-79.37,68.21],[-78.96,68.12]]],[[[-76.7,63.32],[-76.56,63.35],[-76.49,63.52],[-76.65,63.63],[-77.15,63.75],[-77.53,63.59],[-77.17,63.4],[-76.7,63.32]]],[[[-77.81,69.71],[-78.09,69.81],[-78.29,69.81],[-78.7,69.7],[-79.03,69.52],[-78.78,69.41],[-79.07,69.18],[-79.41,69.09],[-79.61,68.93],[-79.53,68.81],[-79.31,68.76],[-78.72,68.86],[-78.35,69.11],[-78.02,69.29],[-78.27,69.46],[-77.75,69.62],[-77.81,69.71]]],[[[-77.86,64.1],[-78.14,64.01],[-78.01,63.9],[-77.64,63.87],[-77.38,64],[-77.44,64.09],[-77.86,64.1]]],[[[-95.06,74.47],[-95.01,74.56],[-95.38,74.71],[-95.77,74.71],[-96.11,74.6],[-95.95,74.49],[-95.33,74.43],[-95.06,74.47]]],[[[-113.42,76.67],[-113.22,76.85],[-113.84,76.97],[-114.85,76.91],[-115.18,76.81],[-114.92,76.69],[-113.62,76.63],[-113.42,76.67]]],[[[-103.83,75],[-103.36,75.16],[-103.53,75.37],[-103.96,75.49],[-104.41,75.5],[-104.9,75.38],[-105.18,75.13],[-104.8,75],[-104.34,74.96],[-103.83,75]]],[[[-100.63,69.09],[-100.79,69.04],[-100.81,68.77],[-100.45,68.65],[-100.09,68.73],[-99.98,68.89],[-99.79,69.01],[-99.92,69.16],[-100.19,69.2],[-100.42,69.1],[-100.63,69.09]]],[[[-100.87,70.57],[-100.79,70.5],[-100.42,70.42],[-100.1,70.48],[-100.06,70.6],[-100.3,70.71],[-100.76,70.74],[-100.87,70.57]]],[[[-109.12,67.84],[-108.72,67.84],[-108.73,67.97],[-108.89,68.05],[-109.15,68.05],[-109.33,68.15],[-109.58,68.16],[-109.71,68.03],[-109.43,67.91],[-109.12,67.84]]]]},"properties":{"ISO_A2_EH":"CA"}},
{"type":"Feature","geometry":{"type":"Polygon","coordinates":[[[8.47,4.66],[8.47,4.54],[8.54,4.46],[8.68,4.44],[8.75,4.51],[8.83,4.43],[8.94,4.04],[9.24,3.92],[9.26,3.88],[9.49,3.82],[9.62,3.49],[9.82,3.27],[9.87,3.09],[9.81,2.93],[9.75,2.55],[9.73,2.31],[9.98,2.17],[11.33,2.17],[11.35,2.3],[11.94,2.29],[12.36,2.3],[12.87,2.25],[13.22,2.26],[13.29,2.16],[14.48,2.15],[14.58,2.2],[14.76,2.08],[14.88,2.08],[14.9,2.01],[15.2,2.02],[15.34,1.94],[15.6,1.95],[15.74,1.91],[15.98,1.76],[16.06,1.68],[16.14,1.72],[16.09,1.92],[16.08,2.11],[16.18,2.27],[16.11,2.47],[16.06,2.77],[16.06,2.91],[15.9,3.1],[15.78,3.13],[15.46,3.46],[15.13,3.83],[15.03,4.02],[15.14,4.07],[15.02,4.36],[14.77,4.56],[14.71,4.67],[14.64,5.18],[14.56,5.28],[14.62,5.5],[14.62,5.87],[14.5,5.92],[14.43,6.04],[14.51,6.16],[14.74,6.28],[14.86,6.56],[15.03,6.78],[15.25,7.26],[15.38,7.36],[15.48,7.52],[15.55,7.66],[15.55,7.79],[15.44,7.85],[15.25,8.32],[15.12,8.56],[14.86,8.8],[14.73,8.87],[14.33,9.2],[14.18,9.41],[14,9.59],[13.98,9.69],[14.14,9.9],[14.24,9.98],[14.38,9.99],[14.84,9.94],[15.19,9.98],[15.32,9.95],[15.54,9.96],[15.53,10.09],[15.28,10.36],[15.2,10.48],[15.07,10.85],[15.03,11.11],[15.06,11.37],[15.12,11.54],[15.08,11.64],[15.08,11.85],[14.97,12.11],[14.88,12.27],[14.85,12.5],[14.76,12.66],[14.62,12.73],[14.54,12.82],[14.52,12.98],[14.46,13.02],[14.24,13.08],[14.06,13.08],[14.2,12.38],[14.42,12.34],[14.52,12.3],[14.63,12.11],[14.6,11.83],[14.56,11.73],[14.56,11.49],[14.2,11.27],[14.06,11.25],[13.89,11.14],[13.7,10.87],[13.54,10.61],[13.41,10.17],[13.27,10.04],[13.22,9.65],[13.18,9.54],[12.93,9.43],[12.88,9.3],[12.81,8.89],[12.73,8.75],[12.58,8.62],[12.4,8.6],[12.23,8.28],[12.16,7.94],[12.03,7.73],[12.02,7.59],[11.77,7.27],[11.86,7.12],[11.58,6.89],[11.55,6.7],[11.48,6.6],[11.32,6.48],[11.15,6.44],[11.08,6.51],[11.03,6.7],[10.74,6.99],[10.61,7.06],[10.48,6.89],[10.21,6.89],[10.14,7],[9.87,6.8],[9.78,6.76],[9.66,6.53],[9.37,6.32],[9.06,6.01],[8.94,5.78],[8.8,5.2],[8.47,4.66]]]},"properties":{"ISO_A2_EH":"CM"}},
{"type":"Feature","geometry":{"type":"Polygon","coordinates":[[[107.52,14.71],[107.41,14.56],[107.29,14.59],[107.11,14.42],[107.03,14.43],[106.94,14.33],[106.82,14.31],[106.56,14.51],[106.5,14.58],[106.35,14.45],[106.23,14.48],[106.17,14.37],[105.98,14.34],[106.12,14.05],[106.07,13.92],[105.9,13.92],[105.74,14.08],[105.53,14.16],[105.35,14.11],[105.25,14.2],[105.18,14.35],[105.07,14.23],[104.97,14.37],[104.78,14.43],[104.41,14.37],[104.23,14.4],[104.05,14.36],[103.82,14.36],[103.6,14.42],[103.2,14.33],[103.03,14.25],[102.91,14.14],[102.73,13.84],[102.54,13.66],[102.55,13.59],[102.32,13.54],[102.33,13.29],[102.46,13.02],[102.5,12.67],[102.63,12.57],[102.76,12.43],[102.71,12.26],[102.74,12.09],[102.92,11.73],[102.93,11.64],[102.95,11.44],[102.92,11.26],[103.02,11.2],[103.08,10.89],[103.17,10.83],[103.15,10.74],[103.28,10.61],[103.39,10.73],[103.39,10.85],[103.54,11.06],[103.64,10.89],[103.62,10.81],[103.47,10.7],[103.46,10.58],[103.66,10.43],[103.89,10.52],[104.03,10.5],[104.06,10.5],[104.23,10.47],[104.38,10.36],[104.56,10.52],[104.85,10.53],[105.06,10.73],[105.02,10.89],[105.16,10.9],[105.31,10.85],[105.39,10.94],[105.76,10.99],[105.85,10.86],[105.94,10.89],[106.1,10.8],[106.17,11.01],[105.86,11.29],[105.85,11.64],[105.93,11.65],[106.01,11.76],[106.34,11.68],[106.41,11.74],[106.41,11.95],[106.7,11.98],[106.76,12.05],[106.93,12.08],[107.16,12.28],[107.33,12.32],[107.39,12.26],[107.51,12.36],[107.56,12.54],[107.54,12.71],[107.48,13.03],[107.61,13.44],[107.53,13.65],[107.33,14.13],[107.36,14.37],[107.45,14.45],[107.54,14.65],[107.52,14.71]]]},"properties":{"ISO_A2_EH":"KH"}},
{"type":"Feature","geometry":{"type":"MultiPolygon","coordinates":[[[[100.12,20.32],[100.18,20.59],[100.25,20.73],[100.41,20.82],[100.57,20.83],[100.54,20.99],[100.61,21.06],[100.76,21.31],[100.93,21.37],[101.08,21.47],[101.14,21.57],[101.12,21.75],[101.02,21.74],[100.84,21.66],[100.68,21.5],[100.53,21.46],[100.35,21.5],[100.21,21.46],[100.09,21.56],[100.1,21.66],[99.98,21.7],[99.93,21.82],[99.92,22.03],[99.59,22.09],[99.19,22.13],[99.17,22.19],[99.24,22.37],[99.34,22.5],[99.34,22.69],[99.39,22.83],[99.51,22.96],[99.46,23.05],[99.34,23.1],[99.06,23.13],[98.86,23.19],[98.89,23.31],[98.8,23.52],[98.83,23.62],[98.79,23.74],[98.68,23.84],[98.76,24.12],[98.58,24.07],[98.5,24.12],[98.21,24.11],[98.02,24.07],[97.69,23.9],[97.57,23.99],[97.69,24.13],[97.71,24.23],[97.67,24.38],[97.53,24.49],[97.53,24.63],[97.58,24.77],[97.72,24.84],[97.71,25.03],[97.82,25.25],[98.01,25.29],[98.1,25.42],[98.17,25.59],[98.33,25.59],[98.47,25.79],[98.63,25.83],[98.65,25.92],[98.57,26.11],[98.66,26.14],[98.67,26.3],[98.73,26.58],[98.72,27.04],[98.67,27.19],[98.65,27.57],[98.5,27.65],[98.41,27.64],[98.3,27.55],[98.13,27.97],[98.1,28.14],[97.86,28.36],[97.77,28.36],[97.69,28.47],[97.54,28.51],[97.32,28.22],[97.3,28.09],[97.34,27.94],[97.23,27.89],[96.9,27.64],[96.9,27.44],[97.1,27.16],[97.04,27.1],[96.88,27.18],[96.8,27.3],[96.67,27.34],[96.27,27.28],[96.06,27.22],[95.91,27.05],[95.46,26.76],[95.13,26.6],[95.06,26.47],[95.07,26.19],[95.13,26.04],[95.02,25.91],[94.99,25.77],[94.79,25.52],[94.62,25.41],[94.55,25.24],[94.68,25.14],[94.71,25.05],[94.58,24.77],[94.4,24.51],[94.29,24.32],[94.13,23.88],[93.68,24.01],[93.49,23.97],[93.36,24.07],[93.31,24.02],[93.41,23.68],[93.37,23.13],[93.31,23.03],[93.15,23],[93.16,22.91],[93.08,22.72],[93.16,22.36],[93.15,22.23],[93.07,22.21],[92.96,22],[92.85,22.01],[92.69,22.13],[92.57,21.98],[92.59,21.47],[92.63,21.31],[92.54,21.32],[92.33,21.44],[92.18,21.29],[92.21,21.11],[92.33,20.78],[92.29,20.72],[92.55,20.43],[92.78,20.12],[92.91,19.82],[93.03,19.76],[93.24,19.79],[93.34,19.86],[93.47,19.7],[93.57,19.71],[93.68,19.65],[93.42,19.38],[93.53,19.15],[93.65,18.98],[93.47,18.94],[93.41,18.87],[93.51,18.71],[93.67,18.6],[93.79,18.68],[93.82,18.87],[94.03,18.8],[94.18,18.58],[94.19,18.49],[94.36,18.18],[94.42,17.8],[94.51,17.56],[94.49,17.33],[94.4,17.16],[94.38,16.98],[94.33,16.89],[94.28,16.66],[94.2,16.55],[94.14,16.13],[94.17,15.97],[94.32,15.93],[94.37,15.79],[94.43,15.78],[94.58,15.94],[94.7,15.75],[95.21,15.75],[95.41,15.65],[95.61,15.78],[95.75,15.94],[95.82,16.11],[96.06,16.19],[96.1,16.26],[96.34,16.35],[96.43,16.43],[96.67,16.5],[96.88,16.75],[96.99,17.03],[97.1,17.08],[97.14,16.87],[97.3,16.5],[97.39,16.46],[97.41,16.28],[97.54,16.16],[97.5,16],[97.64,15.85],[97.7,15.43],[97.67,15.3],[97.73,15.17],[97.74,14.84],[97.83,14.66],[97.93,14.31],[98.02,14.15],[98,13.98],[98.04,13.69],[98.13,13.58],[98.21,13.66],[98.35,13.45],[98.42,13.26],[98.5,13.14],[98.56,12.84],[98.59,12.55],[98.54,12.44],[98.53,12.22],[98.38,12.07],[98.4,11.89],[98.16,11.76],[98.04,11.93],[97.95,11.9],[97.95,11.66],[98.03,11.59],[98.13,11.59],[98.11,11.44],[98.26,11.4],[98.39,11.51],[98.56,11.48],[98.67,11.61],[98.67,11.25],[98.61,11.15],[98.51,11.16],[98.41,11.01],[98.48,10.79],[98.39,10.7],[98.45,10.35],[98.42,10.18],[98.54,9.97],[98.69,10.16],[98.77,10.43],[98.76,10.66],[99.03,10.92],[99.19,11.11],[99.48,11.61],[99.61,11.78],[99.52,12.09],[99.46,12.19],[99.39,12.47],[99.41,12.55],[99.22,12.74],[99.17,12.96],[99.11,13.1],[99.18,13.23],[99.17,13.5],[99.14,13.72],[99.01,13.95],[98.93,14.05],[98.57,14.36],[98.25,14.81],[98.2,14.98],[98.19,15.2],[98.57,15.4],[98.56,15.77],[98.59,16.05],[98.82,16.18],[98.89,16.35],[98.84,16.42],[98.69,16.31],[98.48,16.73],[98.44,16.98],[98.26,17.15],[97.79,17.68],[97.7,17.83],[97.72,18.04],[97.6,18.3],[97.45,18.36],[97.48,18.49],[97.73,18.57],[97.75,18.62],[97.71,18.93],[97.8,19.13],[97.82,19.46],[97.99,19.65],[98.02,19.75],[98.11,19.76],[98.24,19.69],[98.49,19.7],[98.76,19.77],[98.92,19.77],[98.99,19.86],[99.02,20.04],[99.2,20.12],[99.34,20.08],[99.5,20.19],[99.46,20.36],[99.64,20.32],[99.77,20.34],[99.89,20.42],[100.12,20.32]]],[[[98.32,10.9],[98.27,11],[98.17,11.05],[98.02,10.93],[98.04,10.83],[98.13,10.82],[98.2,10.68],[98.3,10.66],[98.37,10.78],[98.32,10.9]]],[[[98.13,10.06],[98.07,10.01],[98.06,9.84],[98.16,9.8],[98.35,9.97],[98.35,10.1],[98.19,10.11],[98.13,10.06]]],[[[98.48,12.37],[98.54,12.57],[98.45,12.7],[98.27,12.74],[98.23,12.61],[98.26,12.5],[98.24,12.34],[98.35,12.26],[98.48,12.37]]],[[[98.13,12.35],[98.07,12.47],[97.96,12.47],[97.87,12.36],[98.02,12.11],[98.14,12.07],[98.21,12.12],[98.21,12.26],[98.13,12.35]]],[[[98.22,12.94],[98.36,12.88],[98.39,13.11],[98.31,13.26],[98.18,13.21],[98.19,12.99],[98.22,12.94]]]]},"properties":{"ISO_A2_EH":"MM"}},
{"type":"Feature","geometry":{"type":"Polygon","coordinates":[[[30.55,-2.4],[30.41,-2.31],[30.23,-2.35],[30.14,-2.41],[29.93,-2.34],[29.91,-2.55],[29.87,-2.72],[29.7,-2.79],[29.39,-2.81],[29.3,-2.67],[29.06,-2.6],[29.01,-2.72],[29.02,-2.8],[29.22,-3.05],[29.21,-3.36],[29.22,-3.91],[29.33,-4.1],[29.4,-4.45],[29.72,-4.46],[29.95,-4.31],[30.15,-4.09],[30.27,-3.85],[30.38,-3.73],[30.43,-3.59],[30.63,-3.42],[30.68,-3.31],[30.79,-3.27],[30.81,-3.12],[30.78,-2.98],[30.52,-2.92],[30.42,-2.82],[30.47,-2.69],[30.42,-2.64],[30.55,-2.4]]]},"properties":{"ISO_A2_EH":"BI"}},
{"type":"Feature","geometry":{"type":"Polygon","coordinates":[[[0.9,10.99],[0.99,11.08],[1.06,11.06],[1.15,11.25],[1.32,11.3],[1.43,11.45],[1.6,11.4],[1.86,11.44],[1.98,11.42],[2.29,11.69],[2.39,11.9],[2.09,12.28],[2.07,12.38],[2.2,12.41],[2.21,12.54],[2.07,12.71],[1.96,12.71],[1.79,12.61],[1.56,12.64],[1.1,13],[0.99,13.04],[0.97,13.17],[1.02,13.47],[0.98,13.55],[0.75,13.67],[0.62,13.7],[0.43,13.97],[0.35,14.14],[0.38,14.25],[0.16,14.5],[0.22,14.91],[-0.24,15.06],[-0.41,15.01],[-0.54,15.08],[-0.76,15.05],[-1.05,14.82],[-1.49,14.63],[-1.77,14.49],[-1.97,14.46],[-2.06,14.19],[-2.11,14.17],[-2.46,14.27],[-2.59,14.23],[-2.78,14.07],[-2.87,13.95],[-2.93,13.79],[-2.92,13.68],[-3.04,13.64],[-3.2,13.67],[-3.27,13.58],[-3.27,13.4],[-3.3,13.28],[-3.47,13.2],[-3.58,13.19],[-3.85,13.37],[-4.05,13.38],[-4.33,13.12],[-4.23,12.88],[-4.23,12.79],[-4.48,12.67],[-4.42,12.58],[-4.43,12.34],[-4.59,12.16],[-4.8,12.03],[-5.11,11.97],[-5.29,11.83],[-5.29,11.68],[-5.23,11.52],[-5.3,11.21],[-5.35,11.13],[-5.49,11.04],[-5.46,10.77],[-5.48,10.57],[-5.52,10.43],[-5.38,10.31],[-5.26,10.32],[-5.1,10.24],[-4.99,10.05],[-4.97,9.93],[-4.63,9.71],[-4.53,9.72],[-4.33,9.65],[-4.27,9.74],[-3.88,9.89],[-3.58,9.92],[-3.29,9.88],[-3.22,9.9],[-3.1,9.75],[-2.99,9.69],[-2.82,9.43],[-2.7,9.48],[-2.77,9.66],[-2.75,9.91],[-2.78,10.08],[-2.79,10.4],[-2.91,10.59],[-2.91,10.73],[-2.83,11],[-2.75,10.99],[-1.6,11],[-1.54,11.02],[-1.23,11],[-1.04,11.01],[-0.7,10.99],[-0.65,10.93],[-0.49,11.01],[-0.43,11.09],[-0.3,11.17],[-0.07,11.12],[0.48,10.99],[0.9,10.99]]]},"properties":{"ISO_A2_EH":"BF"}},
{"type":"Feature","geometry":{"type":"Polygon","coordinates":[[[28.11,41.97],[28.07,42.08],[27.79,42.39],[27.63,42.49],[27.81,42.64],[27.99,42.71],[28.02,43.16],[28.2,43.33],[28.5,43.32],[28.66,43.48],[28.68,43.74],[28.42,43.74],[28.05,43.82],[27.88,43.99],[27.43,44.02],[27.09,44.17],[26.49,44.08],[26.22,44.01],[25.93,43.87],[25.82,43.77],[25.5,43.67],[25.16,43.69],[24.43,43.79],[24.23,43.76],[23.95,43.79],[23.53,43.85],[23.22,43.87],[22.92,43.83],[22.87,43.95],[23.03,44.08],[22.71,44.24],[22.6,44.08],[22.42,44.01],[22.37,43.86],[22.39,43.71],[22.55,43.45],[22.77,43.35],[22.98,43.19],[22.94,43.1],[22.71,42.88],[22.47,42.84],[22.44,42.63],[22.52,42.44],[22.34,42.31],[22.58,42.1],[22.84,41.99],[23.01,41.72],[22.95,41.61],[22.92,41.34],[23.16,41.32],[23.24,41.38],[23.64,41.39],[24.06,41.53],[24.39,41.52],[24.52,41.55],[24.6,41.44],[24.77,41.36],[24.85,41.39],[25.13,41.32],[25.25,41.24],[25.78,41.33],[25.92,41.31],[26.14,41.39],[26.16,41.43],[26.07,41.67],[26.2,41.74],[26.32,41.72],[26.36,41.8],[26.51,41.83],[26.62,41.96],[26.88,41.99],[27.01,42.06],[27.29,42.08],[27.53,41.92],[27.88,41.99],[28.11,41.97]]]},"properties":{"ISO_A2_EH":"BG"}},
{"type":"Feature","geometry":{"type":"Polygon","coordinates":[[[115.13,4.97],[115.1,5.06],[114.98,5.1],[114.8,5.01],[114.51,4.79],[114.28,4.68],[114.07,4.66],[114.06,4.59],[114.22,4.48],[114.32,4.26],[114.42,4.26],[114.61,4.02],[114.78,4.17],[114.84,4.39],[114.79,4.46],[114.75,4.72],[115.03,4.9],[115.03,4.69],[115.11,4.39],[115.25,4.35],[115.28,4.46],[115.27,4.63],[115.13,4.97]]]},"properties":{"ISO_A2_EH":"BN"}},
{"type":"Feature","geometry":{"type":"Polygon","coordinates":[[[-66.88,1.22],[-67.07,1.18],[-67.09,1.21],[-67.09,1.62],[-67.12,1.7],[-67.35,2.09],[-67.5,2.11],[-67.61,2.04],[-67.82,1.79],[-67.99,1.75],[-68.13,1.96],[-68.19,1.99],[-68.26,1.85],[-68.18,1.72],[-69.32,1.72],[-69.58,1.77],[-69.85,1.71],[-69.85,1.06],[-69.62,1.07],[-69.36,1.06],[-69.26,1.02],[-69.16,0.86],[-69.17,0.64],[-69.28,0.63],[-69.47,0.73],[-69.81,0.61],[-70.05,0.58],[-70.07,-0.14],[-69.92,-0.32],[-69.67,-0.48],[-69.59,-0.64],[-69.62,-0.72],[-69.54,-0.92],[-69.45,-1],[-69.4,-1.19],[-69.48,-1.62],[-69.67,-2.67],[-69.85,-3.66],[-69.95,-4.2],[-69.97,-4.24],[-70.05,-4.33],[-70.13,-4.29],[-70.24,-4.3],[-70.4,-4.15],[-70.8,-4.17],[-70.97,-4.35],[-71.52,-4.47],[-71.84,-4.5],[-72.26,-4.75],[-72.35,-4.79],[-72.47,-4.9],[-72.7,-5.07],[-72.89,-5.12],[-72.98,-5.63],[-73.16,-5.93],[-73.24,-6.1],[-73.14,-6.34],[-73.14,-6.47],[-73.24,-6.56],[-73.33,-6.57],[-73.5,-6.68],[-73.76,-6.91],[-73.8,-7.08],[-73.72,-7.26],[-73.75,-7.34],[-73.96,-7.38],[-74,-7.56],[-73.82,-7.74],[-73.72,-7.78],[-73.78,-7.94],[-73.61,-8.15],[-73.55,-8.35],[-73.36,-8.48],[-73.3,-8.65],[-73.2,-8.72],[-72.97,-8.99],[-72.97,-9.12],[-73.21,-9.41],[-72.81,-9.41],[-72.38,-9.51],[-72.32,-9.56],[-72.26,-9.77],[-72.17,-9.84],[-72.18,-10],[-71.61,-10.01],[-71.24,-9.97],[-71.12,-9.85],[-70.97,-9.77],[-70.88,-9.67],[-70.64,-9.48],[-70.57,-9.7],[-70.64,-9.82],[-70.64,-11.01],[-70.53,-10.95],[-70.39,-11.06],[-70.22,-11.05],[-69.96,-10.93],[-69.58,-10.95],[-69.23,-10.96],[-68.85,-11.01],[-68.73,-11.12],[-68.62,-11.11],[-68.4,-11.02],[-68.27,-10.93],[-68.07,-10.7],[-67.84,-10.66],[-67.72,-10.68],[-67.58,-10.51],[-67.28,-10.32],[-67.11,-10.27],[-66.73,-9.98],[-66.58,-9.9],[-66.26,-9.83],[-65.71,-9.77],[-65.56,-9.8],[-65.4,-9.71],[-65.31,-9.87],[-65.31,-10.25],[-65.44,-10.45],[-65.44,-10.59],[-65.33,-10.89],[-65.32,-11.02],[-65.39,-11.25],[-65.32,-11.44],[-65.21,-11.58],[-65.16,-11.77],[-65.09,-11.74],[-64.99,-11.98],[-64.83,-12.03],[-64.61,-12.2],[-64.51,-12.25],[-64.42,-12.44],[-64.26,-12.48],[-63.94,-12.53],[-63.79,-12.47],[-63.59,-12.52],[-63.35,-12.68],[-63.25,-12.71],[-63.07,-12.67],[-63.02,-12.81],[-62.77,-13],[-62.69,-12.99],[-62.35,-13.13],[-62.18,-13.13],[-61.94,-13.41],[-61.79,-13.53],[-61.51,-13.54],[-61.08,-13.49],[-60.91,-13.56],[-60.51,-13.79],[-60.4,-14.02],[-60.47,-14.18],[-60.4,-14.33],[-60.34,-14.57],[-60.3,-14.62],[-60.27,-15.09],[-60.53,-15.14],[-60.24,-15.48],[-60.18,-16.27],[-59.43,-16.3],[-58.54,-16.33],[-58.35,-16.28],[-58.35,-16.49],[-58.47,-16.65],[-58.46,-16.91],[-58.4,-17.23],[-57.99,-17.51],[-57.83,-17.51],[-57.78,-17.67],[-57.59,-18.12],[-57.5,-18.21],[-57.57,-18.28],[-57.78,-18.91],[-57.72,-19.04],[-57.8,-19.08],[-58.13,-19.74],[-57.86,-19.98],[-58.02,-20.06],[-58.16,-20.16],[-58.12,-20.29],[-58,-20.47],[-57.98,-20.66],[-57.91,-20.78],[-57.83,-21],[-57.83,-21.13],[-57.89,-21.27],[-57.87,-21.36],[-57.95,-21.49],[-57.92,-21.7],[-57.93,-21.91],[-57.99,-22.05],[-57.96,-22.11],[-57.82,-22.14],[-57.72,-22.1],[-57.57,-22.18],[-57.33,-22.22],[-57.24,-22.2],[-56.94,-22.27],[-56.63,-22.23],[-56.52,-22.1],[-56.39,-22.09],[-56.35,-22.18],[-56.19,-22.28],[-55.85,-22.31],[-55.75,-22.41],[-55.75,-22.51],[-55.62,-22.67],[-55.65,-22.81],[-55.6,-23.09],[-55.56,-23.15],[-55.52,-23.42],[-55.54,-23.58],[-55.46,-23.69],[-55.44,-23.87],[-55.37,-23.99],[-55.19,-24.02],[-54.98,-23.97],[-54.63,-23.81],[-54.44,-23.9],[-54.24,-24.05],[-54.32,-24.13],[-54.28,-24.31],[-54.31,-24.53],[-54.41,-24.87],[-54.47,-25.22],[-54.61,-25.43],[-54.62,-25.58],[-54.44,-25.62],[-54.15,-25.52],[-53.89,-25.67],[-53.82,-25.96],[-53.67,-26.23],[-53.71,-26.35],[-53.75,-26.75],[-53.72,-26.88],[-53.84,-27.12],[-54.04,-27.24],[-54.21,-27.29],[-54.33,-27.42],[-54.55,-27.45],[-54.72,-27.54],[-54.83,-27.55],[-54.91,-27.71],[-55.04,-27.77],[-55.1,-27.87],[-55.35,-27.96],[-55.48,-28.09],[-55.73,-28.2],[-55.69,-28.38],[-55.86,-28.35],[-55.93,-28.47],[-56.02,-28.52],[-56.1,-28.65],[-56.32,-28.85],[-56.39,-29],[-56.57,-29.14],[-56.77,-29.42],[-56.94,-29.59],[-57.22,-29.78],[-57.41,-30.03],[-57.61,-30.19],[-57.55,-30.26],[-57.21,-30.28],[-57.12,-30.14],[-56.83,-30.11],[-56.18,-30.63],[-56,-30.84],[-56,-31.08],[-55.87,-31.07],[-55.56,-30.88],[-55.37,-31.05],[-55.25,-31.23],[-55.09,-31.31],[-55.04,-31.28],[-54.9,-31.39],[-54.59,-31.49],[-54.37,-31.75],[-54.22,-31.86],[-53.92,-31.95],[-53.76,-32.06],[-53.6,-32.4],[-53.36,-32.58],[-53.23,-32.63],[-53.13,-32.74],[-53.53,-33.17],[-53.54,-33.62],[-53.52,-33.68],[-53.31,-33.8],[-52.86,-33.46],[-52.58,-33.17],[-52.43,-32.91],[-52.26,-32.47],[-52.12,-32.27],[-51.75,-31.96],[-51.41,-31.76],[-51.09,-31.53],[-50.86,-31.31],[-50.55,-30.94],[-50.23,-30.46],[-49.96,-29.83],[-49.68,-29.4],[-49.44,-29.12],[-49.22,-28.92],[-48.98,-28.76],[-48.72,-28.62],[-48.72,-28.47],[-48.62,-28.34],[-48.54,-28.08],[-48.53,-27.86],[-48.4,-27.8],[-48.41,-27.72],[-48.33,-27.59],[-48.29,-27.44],[-48.47,-27.21],[-48.54,-26.86],[-48.6,-26.69],[-48.58,-26.47],[-48.46,-26.34],[-48.41,-26.2],[-48.52,-26.1],[-48.49,-25.88],[-48.31,-25.6],[-48.37,-25.49],[-48.34,-25.43],[-48.18,-25.49],[-47.86,-25.21],[-47.84,-25.06],[-47.54,-24.84],[-47.09,-24.55],[-46.82,-24.29],[-46.59,-24.17],[-45.94,-23.86],[-45.68,-23.84],[-45.54,-23.88],[-45.44,-24.01],[-45.2,-23.99],[-45.15,-23.83],[-45.25,-23.67],[-44.92,-23.45],[-44.58,-23.38],[-44.44,-23.16],[-44.35,-23.29],[-43.72,-23.14],[-43.52,-23.12],[-43.36,-23.07],[-43.18,-23.06],[-43.12,-22.96],[-42.98,-23.04],[-42.83,-23.05],[-42.58,-23.01],[-42,-23.01],[-41.86,-22.79],[-41.91,-22.62],[-41.66,-22.37],[-41.55,-22.31],[-41.09,-22.15],[-40.93,-22.04],[-40.91,-21.92],[-40.97,-21.51],[-40.88,-21.27],[-40.76,-21.06],[-40.72,-20.94],[-40.55,-20.84],[-40.33,-20.61],[-40.24,-20.45],[-40.23,-20.33],[-40.13,-20.24],[-40.07,-20],[-39.94,-19.79],[-39.79,-19.7],[-39.66,-19.47],[-39.62,-19.28],[-39.67,-18.84],[-39.66,-18.65],[-39.58,-18.28],[-39.43,-18.03],[-39.23,-17.91],[-39.07,-17.72],[-39.14,-17.31],[-39.05,-16.78],[-38.99,-16.52],[-38.89,-16.21],[-38.8,-15.87],[-38.92,-15.25],[-38.94,-14.93],[-38.98,-14.66],[-38.86,-14.01],[-38.96,-13.93],[-38.97,-13.77],[-38.91,-13.6],[-38.83,-13.49],[-38.9,-13.32],[-38.76,-13.18],[-38.53,-13.03],[-38.38,-13.04],[-38.19,-12.9],[-37.96,-12.63],[-37.89,-12.51],[-37.63,-12.14],[-37.4,-11.68],[-37.34,-11.5],[-37.26,-11.43],[-36.88,-10.87],[-36.6,-10.65],[-36.35,-10.54],[-36.17,-10.27],[-36,-10.12],[-35.73,-9.77],[-35.54,-9.59],[-35.28,-9.27],[-35.09,-8.96],[-34.9,-8.43],[-34.82,-8.12],[-34.76,-7.99],[-34.8,-7.74],[-34.73,-7.29],[-34.77,-6.98],[-34.86,-6.77],[-34.92,-6.37],[-35.03,-6.16],[-35.07,-5.9],[-35.17,-5.54],[-35.33,-5.21],[-35.53,-5.06],[-35.98,-4.98],[-36.17,-5.02],[-36.58,-5.03],[-36.71,-4.99],[-36.83,-4.9],[-37.13,-4.84],[-37.25,-4.65],[-37.58,-4.53],[-37.75,-4.35],[-38,-4.16],[-38.22,-3.9],[-38.31,-3.83],[-38.43,-3.66],[-38.65,-3.59],[-38.97,-3.33],[-39.57,-2.99],[-39.74,-2.92],[-39.94,-2.79],[-40.23,-2.74],[-40.48,-2.72],[-40.88,-2.8],[-41.21,-2.81],[-41.33,-2.86],[-41.61,-2.81],[-41.68,-2.75],[-41.88,-2.67],[-42.01,-2.73],[-42.23,-2.72],[-42.56,-2.6],[-42.64,-2.53],[-42.91,-2.4],[-43.22,-2.31],[-43.4,-2.3],[-43.51,-2.43],[-43.75,-2.45],[-43.88,-2.52],[-44.05,-2.45],[-44.25,-2.4],[-44.37,-2.49],[-44.43,-2.67],[-44.53,-2.66],[-44.45,-2.46],[-44.32,-2.41],[-44.32,-2.25],[-44.37,-2.14],[-44.46,-2.07],[-44.48,-1.93],[-44.59,-1.71],[-44.75,-1.66],[-44.95,-1.46],[-44.81,-1.35],[-44.84,-1.23],[-45.02,-1.21],[-45.09,-1.39],[-45.24,-1.45],[-45.28,-1.55],[-45.41,-1.29],[-45.63,-1.27],[-45.75,-1.19],[-45.93,-1.13],[-46.02,-1.03],[-46.14,-1.05],[-46.17,-0.98],[-46.41,-0.96],[-46.57,-0.91],[-46.77,-0.71],[-46.92,-0.67],[-47.1,-0.67],[-47.25,-0.58],[-47.41,-0.55],[-47.67,-0.65],[-47.81,-0.59],[-48.01,-0.63],[-48.18,-0.69],[-48.39,-0.94],[-48.38,-1.01],[-48.52,-1.13],[-48.49,-1.22],[-48.55,-1.3],[-48.54,-1.41],[-48.74,-1.42],[-49.03,-1.77],[-49.19,-1.81],[-49.25,-1.7],[-49.12,-1.57],[-49.04,-1.59],[-48.89,-1.54],[-48.77,-1.43],[-48.72,-1.33],[-48.76,-1.25],[-48.65,-1.15],[-48.48,-0.87],[-48.48,-0.75],[-48.3,-0.36],[-48.33,-0.25],[-48.58,-0.16],[-49.11,-0.09],[-49.31,-0.09],[-49.3,0.01],[-49.35,0.12],[-49.63,0.22],[-49.7,0.33],[-49.88,0.38],[-50.14,0.3],[-49.97,0.49],[-49.96,0.61],[-50.03,0.7],[-50.3,0.65],[-50.24,0.79],[-49.89,1.07],[-49.82,1.14],[-49.81,1.43],[-49.9,1.7],[-50.02,1.79],[-50.23,1.89],[-50.22,1.98],[-50.28,2.19],[-50.43,2.24],[-50.56,2.18],[-50.61,2.23],[-50.72,2.5],[-50.76,2.67],[-50.93,3.1],[-50.98,3.29],[-51.01,3.69],[-51.16,4.13],[-51.28,4.28],[-51.44,4.39],[-51.6,4.36],[-51.62,4.29],[-51.65,4.06],[-51.77,3.99],[-51.83,3.87],[-51.99,3.7],[-52,3.65],[-52.16,3.36],[-52.33,3.18],[-52.36,3.05],[-52.55,2.65],[-52.56,2.57],[-52.7,2.36],[-52.96,2.18],[-53.23,2.2],[-53.33,2.34],[-53.51,2.25],[-53.73,2.31],[-53.77,2.35],[-54.13,2.12],[-54.29,2.15],[-54.52,2.25],[-54.62,2.33],[-54.72,2.44],[-54.85,2.44],[-55.01,2.59],[-55.34,2.49],[-55.39,2.44],[-55.73,2.41],[-55.94,2.52],[-56.13,2.3],[-55.92,2.04],[-55.93,1.89],[-56.02,1.84],[-56.48,1.94],[-56.84,1.88],[-57.04,1.94],[-57.12,2.01],[-57.41,1.91],[-57.5,1.77],[-57.59,1.7],[-57.8,1.7],[-57.98,1.65],[-58.03,1.52],[-58.34,1.59],[-58.4,1.48],[-58.51,1.44],[-58.51,1.28],[-58.68,1.28],[-58.86,1.2],[-58.97,1.3],[-59.23,1.38],[-59.54,1.7],[-59.67,1.75],[-59.67,1.84],[-59.76,1.9],[-59.76,2.27],[-59.89,2.36],[-59.99,2.69],[-59.97,2.99],[-59.87,3.28],[-59.83,3.35],[-59.85,3.59],[-59.68,3.7],[-59.55,3.93],[-59.74,4.23],[-59.7,4.38],[-59.83,4.48],[-60.11,4.51],[-60.12,4.6],[-60.03,4.74],[-59.99,5.08],[-60.14,5.24],[-60.24,5.26],[-60.34,5.2],[-60.74,5.2],[-60.67,5.16],[-60.6,4.99],[-60.63,4.89],[-60.74,4.77],[-60.91,4.69],[-61,4.54],[-61.1,4.5],[-61.28,4.52],[-61.37,4.43],[-61.48,4.4],[-61.55,4.29],[-62.15,4.1],[-62.41,4.16],[-62.61,4.04],[-62.71,4.02],[-62.76,3.67],[-62.86,3.59],[-62.97,3.59],[-63.29,3.92],[-63.38,3.94],[-63.53,3.89],[-63.65,3.94],[-64.02,3.93],[-64.12,4.07],[-64.26,4.14],[-64.58,4.14],[-64.72,4.27],[-64.82,4.23],[-64.57,3.9],[-64.28,3.66],[-64.22,3.59],[-64.22,3.2],[-64.14,3],[-64.04,2.8],[-64.01,2.67],[-64.05,2.53],[-63.92,2.45],[-63.39,2.41],[-63.39,2.22],[-63.46,2.14],[-63.57,2.12],[-63.84,1.98],[-64.04,1.9],[-64.11,1.62],[-64.3,1.46],[-64.49,1.45],[-64.73,1.25],[-64.82,1.26],[-65.1,1.11],[-65.26,0.93],[-65.36,0.87],[-65.47,0.69],[-65.56,0.69],[-65.52,0.84],[-65.57,0.93],[-65.68,0.98],[-65.81,0.94],[-66.06,0.79],[-66.3,0.75],[-66.43,0.82],[-66.88,1.22]],[[-51.07,-0.1],[-51.12,-0.23],[-51.07,-0.31],[-50.93,-0.4],[-50.76,-0.34],[-50.78,-0.55],[-50.84,-0.61],[-50.88,-0.87],[-51.04,-0.93],[-51.23,-1.07],[-51.08,-0.65],[-51.22,-0.46],[-51.34,-0.43],[-51.22,-0.14],[-51.07,-0.1]],[[-52,-1.47],[-52.18,-1.56],[-52.22,-1.44],[-52,-1.47]],[[-52.05,-31.75],[-51.95,-31.63],[-51.89,-31.42],[-51.67,-31.3],[-51.45,-31.16],[-51.37,-31.07],[-51.39,-30.95],[-51.2,-30.75],[-51.17,-30.5],[-51.08,-30.42],[-50.91,-30.45],[-50.79,-30.39],[-50.77,-30.69],[-50.83,-30.76],[-51.02,-30.86],[-51.05,-31.01],[-51.25,-31.08],[-51.25,-31.31],[-51.33,-31.42],[-51.5,-31.5],[-51.72,-31.71],[-51.9,-31.78],[-52.05,-31.75]],[[-50.58,-0.15],[-50.6,-0.02],[-50.47,-0.08],[-50.58,-0.15]]]},"properties":{"ISO_A2_EH":"BR"}},
{"type":"Feature","geometry":{"type":"Polygon","coordinates":[[[25.26,-17.79],[24.91,-17.82],[24.79,-17.86],[24.53,-18.05],[24.36,-17.98],[24.13,-18.08],[23.9,-18.23],[23.7,-18.42],[23.58,-18.45],[23.46,-18.23],[23.3,-18.03],[23.1,-18.01],[22.46,-18.12],[22.01,-18.2],[21.23,-18.31],[20.97,-18.32],[20.98,-18.93],[20.98,-19.74],[20.98,-20.97],[20.98,-21.96],[20.97,-22],[19.98,-22],[19.98,-23.1],[19.98,-23.68],[19.98,-24.78],[20.35,-25.03],[20.47,-25.22],[20.61,-25.49],[20.79,-25.92],[20.82,-26.16],[20.63,-26.44],[20.64,-26.74],[20.74,-26.85],[20.87,-26.81],[21.07,-26.85],[21.45,-26.83],[21.65,-26.85],[21.74,-26.81],[21.83,-26.68],[22.09,-26.58],[22.22,-26.39],[22.55,-26.18],[22.64,-26.07],[22.88,-25.46],[23.02,-25.32],[23.27,-25.27],[23.52,-25.34],[23.89,-25.6],[24.19,-25.63],[24.33,-25.74],[24.75,-25.82],[24.87,-25.81],[25,-25.75],[25.21,-25.76],[25.44,-25.71],[25.58,-25.61],[25.85,-24.94],[25.91,-24.75],[26.13,-24.67],[26.4,-24.61],[26.62,-24.4],[26.84,-24.24],[26.99,-23.7],[27.15,-23.52],[27.4,-23.38],[27.5,-23.37],[27.59,-23.25],[27.72,-23.22],[27.89,-23.07],[28.03,-22.87],[28.21,-22.69],[28.38,-22.59],[28.54,-22.57],[28.84,-22.48],[28.95,-22.4],[29.01,-22.28],[29.13,-22.21],[29.36,-22.19],[29.24,-22.08],[29.11,-22.07],[29.02,-21.94],[29.04,-21.81],[28.75,-21.71],[28.53,-21.65],[28.05,-21.57],[27.97,-21.51],[27.84,-21.26],[27.67,-21.06],[27.7,-20.77],[27.7,-20.53],[27.62,-20.48],[27.28,-20.48],[27.26,-20.23],[27.22,-20.15],[27.09,-20.05],[26.68,-19.89],[26.24,-19.57],[26.17,-19.54],[25.95,-19.08],[25.94,-18.94],[25.81,-18.8],[25.76,-18.65],[25.49,-18.35],[25.38,-18.14],[25.28,-18.04],[25.22,-17.92],[25.26,-17.79]]]},"properties":{"ISO_A2_EH":"BW"}},
{"type":"Feature","geometry":{"type":"Polygon","coordinates":[[[19.01,44.87],[18.84,44.88],[18.66,45.08],[18.28,45.13],[18,45.14],[17.81,45.08],[17.69,45.16],[17.55,45.12],[17.13,45.17],[16.92,45.28],[16.79,45.2],[16.53,45.22],[16.29,45.01],[16.03,45.19],[15.79,45.18],[15.74,44.77],[15.88,44.68],[16.13,44.47],[16.21,44.22],[16.38,44.06],[16.59,43.91],[16.71,43.78],[17.08,43.52],[17.27,43.45],[17.29,43.31],[17.62,43.04],[17.61,42.9],[17.8,42.9],[17.84,42.85],[18.3,42.6],[18.44,42.56],[18.54,42.67],[18.47,42.78],[18.44,42.97],[18.62,43.03],[18.67,43.23],[18.85,43.35],[19.04,43.36],[18.94,43.5],[19.19,43.53],[19.25,43.58],[19.45,43.56],[19.49,43.7],[19.26,43.94],[19.31,43.99],[19.55,43.99],[19.58,44.04],[19.34,44.23],[19.15,44.3],[19.15,44.53],[19.29,44.7],[19.36,44.86],[19.24,44.91],[19.01,44.87]]]},"properties":{"ISO_A2_EH":"BA"}},
{"type":"Feature","geometry":{"type":"Polygon","coordinates":[[[-69.51,-17.51],[-69.5,-17.62],[-69.36,-17.77],[-69.31,-17.94],[-69.09,-18.05],[-69.15,-18.14],[-69.09,-18.28],[-68.97,-18.97],[-68.86,-19.09],[-68.46,-19.43],[-68.7,-19.72],[-68.58,-19.86],[-68.6,-20.04],[-68.73,-20.07],[-68.73,-20.23],[-68.69,-20.31],[-68.75,-20.46],[-68.5,-20.61],[-68.56,-20.72],[-68.53,-20.92],[-68.44,-20.95],[-68.2,-21.3],[-68.19,-21.62],[-68.11,-21.75],[-68.08,-21.98],[-67.99,-22.06],[-67.95,-22.33],[-67.88,-22.49],[-67.88,-22.82],[-67.79,-22.88],[-67.58,-22.89],[-67.19,-22.82],[-67.06,-22.65],[-66.99,-22.51],[-66.8,-22.41],[-66.71,-22.22],[-66.37,-22.11],[-66.25,-21.83],[-66.1,-21.84],[-65.77,-22.1],[-65.06,-22.1],[-64.84,-22.14],[-64.61,-22.23],[-64.52,-22.37],[-64.37,-22.76],[-64.31,-22.8],[-64.27,-22.6],[-63.98,-22.07],[-63.82,-22.01],[-62.84,-22],[-62.74,-22.16],[-62.65,-22.23],[-62.28,-21.07],[-62.28,-20.56],[-61.92,-20.06],[-61.76,-19.65],[-61.51,-19.61],[-60.89,-19.48],[-60.01,-19.3],[-59.09,-19.29],[-58.18,-19.82],[-58.14,-20],[-58.16,-20.16],[-58.02,-20.06],[-57.86,-19.98],[-58.13,-19.74],[-57.8,-19.08],[-57.72,-19.04],[-57.78,-18.91],[-57.57,-18.28],[-57.5,-18.21],[-57.59,-18.12],[-57.78,-17.67],[-57.83,-17.51],[-57.99,-17.51],[-58.4,-17.23],[-58.46,-16.91],[-58.47,-16.65],[-58.35,-16.49],[-58.35,-16.28],[-58.54,-16.33],[-59.43,-16.3],[-60.18,-16.27],[-60.24,-15.48],[-60.53,-15.14],[-60.27,-15.09],[-60.3,-14.62],[-60.34,-14.57],[-60.4,-14.33],[-60.47,-14.18],[-60.4,-14.02],[-60.51,-13.79],[-60.91,-13.56],[-61.08,-13.49],[-61.51,-13.54],[-61.79,-13.53],[-61.94,-13.41],[-62.18,-13.13],[-62.35,-13.13],[-62.69,-12.99],[-62.77,-13],[-63.02,-12.81],[-63.07,-12.67],[-63.25,-12.71],[-63.35,-12.68],[-63.59,-12.52],[-63.79,-12.47],[-63.94,-12.53],[-64.26,-12.48],[-64.42,-12.44],[-64.51,-12.25],[-64.61,-12.2],[-64.83,-12.03],[-64.99,-11.98],[-65.09,-11.74],[-65.16,-11.77],[-65.21,-11.58],[-65.32,-11.44],[-65.39,-11.25],[-65.32,-11.02],[-65.33,-10.89],[-65.44,-10.59],[-65.44,-10.45],[-65.31,-10.25],[-65.31,-9.87],[-65.4,-9.71],[-65.56,-9.8],[-65.71,-9.77],[-66.26,-9.83],[-66.58,-9.9],[-66.73,-9.98],[-67.11,-10.27],[-67.28,-10.32],[-67.58,-10.51],[-67.72,-10.68],[-67.84,-10.66],[-68.07,-10.7],[-68.27,-10.93],[-68.4,-11.02],[-68.62,-11.11],[-68.73,-11.12],[-68.85,-11.01],[-69.23,-10.96],[-69.58,-10.95],[-69.05,-11.88],[-68.69,-12.5],[-68.76,-12.61],[-68.76,-12.69],[-68.87,-12.76],[-68.98,-12.88],[-68.97,-13.38],[-68.98,-13.5],[-69.07,-13.68],[-68.97,-13.98],[-68.89,-14.09],[-68.88,-14.2],[-69,-14.27],[-69.01,-14.38],[-69.23,-14.6],[-69.28,-14.75],[-69.36,-14.8],[-69.37,-14.96],[-69.17,-15.24],[-69.3,-15.4],[-69.42,-15.6],[-69.39,-15.74],[-69.22,-16.15],[-69.13,-16.22],[-68.91,-16.26],[-68.86,-16.35],[-69.01,-16.43],[-69.02,-16.64],[-69.2,-16.77],[-69.44,-17.09],[-69.62,-17.2],[-69.63,-17.29],[-69.52,-17.39],[-69.51,-17.51]]]},"properties":{"ISO_A2_EH":"BO"}},
{"type":"Feature","geometry":{"type":"Polygon","coordinates":[[[91.63,27.76],[91.61,27.95],[91.23,28.07],[91.08,27.97],[90.72,28.07],[90.35,28.08],[90.35,28.24],[89.98,28.31],[89.82,28.26],[89.75,28.19],[89.54,28.11],[89.16,27.71],[89.1,27.59],[88.95,27.46],[88.89,27.32],[88.74,27.18],[88.84,27.07],[88.86,26.96],[89.15,26.82],[89.33,26.85],[89.76,26.7],[90.12,26.75],[90.21,26.85],[90.35,26.89],[90.56,26.8],[90.74,26.77],[91.13,26.8],[91.29,26.79],[91.43,26.87],[91.52,26.81],[91.67,26.8],[91.84,26.85],[92,26.85],[92.07,26.91],[91.99,27.1],[92.08,27.29],[91.99,27.45],[91.74,27.44],[91.59,27.56],[91.63,27.76]]]},"properties":{"ISO_A2_EH":"BT"}},
{"type":"Feature","geometry":{"type":"Polygon","coordinates":[[[1.64,6.15],[1.83,6.19],[2.3,6.26],[2.71,6.3],[2.74,6.6],[2.77,6.71],[2.72,6.98],[2.76,7.07],[2.75,7.4],[2.79,7.48],[2.72,7.62],[2.69,7.87],[2.72,8.44],[2.73,8.78],[2.77,9.05],[3.04,9.08],[3.15,9.32],[3.14,9.45],[3.33,9.67],[3.33,9.78],[3.56,9.91],[3.65,10.16],[3.58,10.27],[3.68,10.43],[3.78,10.44],[3.83,10.61],[3.76,10.77],[3.72,11.08],[3.49,11.4],[3.49,11.5],[3.6,11.7],[3.45,11.85],[3.36,11.88],[3.15,12.12],[2.88,12.37],[2.81,12.38],[2.65,12.3],[2.37,12.22],[2.41,12],[2.39,11.9],[2.29,11.69],[1.98,11.42],[1.86,11.44],[1.6,11.4],[1.43,11.45],[1.32,11.3],[1.15,11.25],[1.06,11.06],[0.99,11.08],[0.9,10.99],[0.79,10.71],[0.78,10.36],[1.33,10],[1.35,9.57],[1.42,9.29],[1.57,9.14],[1.6,9.05],[1.61,8.56],[1.62,8.27],[1.62,7],[1.58,6.88],[1.58,6.69],[1.74,6.43],[1.78,6.29],[1.64,6.15]]]},"properties":{"ISO_A2_EH":"BJ"}},
{"type":"Feature","geometry":{"type":"MultiPolygon","coordinates":[[[[-87.94,18.22],[-88.06,17.95],[-88.03,17.84],[-87.89,17.87],[-87.76,18.15],[-87.81,18.22],[-87.94,18.22]]],[[[-89.16,17.81],[-89.21,16.53],[-89.24,15.89],[-88.94,15.89],[-88.83,15.94],[-88.65,16.19],[-88.51,16.23],[-88.24,16.61],[-88.19,16.96],[-88.22,17.2],[-88.2,17.37],[-88.12,17.52],[-88.19,17.62],[-88.13,17.83],[-88.02,18.11],[-88.01,18.23],[-88.09,18.41],[-88.23,18.44],[-88.46,18.48],[-88.52,18.45],[-88.59,18.29],[-88.81,17.97],[-88.9,17.91],[-89.05,18],[-89.13,17.97],[-89.16,17.81]]],[[[-87.99,17.4],[-87.97,17.22],[-87.91,17.21],[-87.73,17.45],[-87.72,17.55],[-87.88,17.6],[-87.99,17.4]]]]},"properties":{"ISO_A2_EH":"BZ"}},
{"type":"Feature","geometry":{"type":"Polygon","coordinates":[[[3.31,51.45],[2.91,51.33],[2.46,51.16],[2.6,50.96],[2.6,50.88],[2.84,50.71],[3.11,50.78],[3.23,50.66],[3.27,50.53],[3.63,50.46],[3.75,50.34],[4.04,50.32],[4.17,50.25],[4.18,49.96],[4.37,49.94],[4.66,50],[4.87,49.79],[5.01,49.78],[5.28,49.68],[5.51,49.51],[5.79,49.54],[5.88,49.64],[5.73,49.81],[5.74,49.92],[5.98,50.17],[6.12,50.12],[6.18,50.23],[6.36,50.32],[6.34,50.45],[6.2,50.5],[6.24,50.6],[5.99,50.75],[5.69,50.77],[5.64,50.84],[5.74,50.93],[5.83,51.13],[5.61,51.2],[5.51,51.28],[5.31,51.26],[5.1,51.35],[5.06,51.45],[4.85,51.4],[4.5,51.47],[4.23,51.39],[4.17,51.31],[3.9,51.21],[3.58,51.29],[3.38,51.29],[3.31,51.45]]]},"properties":{"ISO_A2_EH":"BE"}},
{"type":"Feature","geometry":{"type":"Polygon","coordinates":[[[31.76,52.1],[31.58,52.31],[31.59,52.53],[31.53,52.63],[31.54,52.8],[31.26,53.02],[31.42,53.2],[31.67,53.2],[31.85,53.11],[32.14,53.09],[32.43,53.21],[32.47,53.27],[32.7,53.34],[32.69,53.45],[32.47,53.55],[32.45,53.69],[32.2,53.78],[31.75,53.81],[31.84,54],[31.79,54.06],[31.4,54.2],[31.18,54.45],[31.07,54.49],[31.12,54.65],[30.8,54.78],[30.83,54.91],[30.98,55.05],[30.81,55.28],[30.9,55.4],[30.91,55.57],[30.63,55.67],[30.46,55.79],[30.23,55.85],[29.94,55.85],[29.48,55.68],[29.35,55.78],[29.38,55.94],[29.09,56.02],[28.79,55.94],[28.56,56.09],[28.28,56.06],[28.15,56.14],[27.9,56.08],[27.64,55.91],[27.58,55.8],[27.05,55.83],[26.82,55.71],[26.59,55.67],[26.46,55.34],[26.78,55.27],[26.6,55.13],[26.29,55.14],[26.18,55],[25.86,54.92],[25.72,54.72],[25.72,54.56],[25.55,54.33],[25.7,54.29],[25.75,54.16],[25.57,54.14],[25.46,54.29],[25.18,54.21],[25.05,54.13],[24.83,54.12],[24.77,53.97],[24.62,53.98],[24.32,53.89],[24.19,53.95],[23.73,53.91],[23.48,53.94],[23.6,53.6],[23.79,53.27],[23.89,53.03],[23.92,52.77],[23.84,52.66],[23.48,52.55],[23.2,52.34],[23.2,52.26],[23.46,52.17],[23.65,52.04],[23.63,51.81],[23.54,51.71],[23.61,51.52],[23.71,51.64],[23.95,51.59],[24.13,51.66],[24.36,51.87],[25.27,51.94],[25.93,51.91],[26.45,51.81],[26.95,51.75],[27.14,51.75],[27.27,51.61],[27.86,51.59],[28.01,51.56],[28.18,51.61],[28.6,51.54],[28.65,51.46],[29.14,51.62],[29.35,51.38],[29.55,51.43],[30.16,51.48],[30.33,51.33],[30.54,51.27],[30.63,51.36],[30.53,51.6],[30.67,51.81],[30.98,52.05],[31.22,52.05],[31.35,52.11],[31.76,52.1]]]},"properties":{"ISO_A2_EH":"BY"}},
{"type":"Feature","geometry":{"type":"Polygon","coordinates":[[[-59.6,13.02],[-59.51,12.98],[-59.35,13.16],[-59.57,13.4],[-59.71,13.35],[-59.72,13.13],[-59.6,13.02]]]},"properties":{"ISO_A2_EH":"BB"}},
{"type":"Feature","geometry":{"type":"Polygon","coordinates":[[[89.12,21.73],[89.27,21.63],[89.39,21.66],[89.49,21.76],[89.56,21.7],[89.81,21.86],[89.88,21.95],[89.99,21.97],[89.99,21.85],[90.13,21.74],[90.27,21.76],[90.42,22.01],[90.61,21.98],[90.82,22.03],[90.9,22.13],[90.95,22.51],[91.03,22.53],[90.97,22.11],[91.03,22.03],[91.22,22.13],[91.26,22.28],[91.15,22.54],[91.37,22.63],[91.33,22.47],[91.41,22.33],[91.51,22.27],[91.64,22.35],[91.73,22.26],[91.81,21.99],[91.74,21.81],[91.79,21.7],[91.77,21.51],[91.86,21.43],[91.94,21.44],[91.98,21.15],[92.29,20.72],[92.33,20.78],[92.21,21.11],[92.18,21.29],[92.33,21.44],[92.54,21.32],[92.63,21.31],[92.59,21.47],[92.57,21.98],[92.49,22.69],[92.36,22.93],[92.33,23.32],[92.25,23.68],[92.13,23.72],[91.93,23.69],[91.94,23.5],[91.75,23.29],[91.77,23.11],[91.62,22.98],[91.51,23.03],[91.44,23.2],[91.32,23.1],[91.25,23.37],[91.16,23.66],[91.23,23.92],[91.37,24.09],[91.53,24.09],[91.67,24.19],[91.88,24.2],[91.95,24.36],[92.06,24.37],[92.2,24.69],[92.25,24.9],[92.44,24.85],[92.47,24.94],[92.2,25.11],[92.05,25.17],[91.48,25.14],[91.29,25.18],[90.44,25.16],[90.25,25.18],[89.81,25.31],[89.82,25.56],[89.8,25.84],[89.82,25.94],[89.71,26.17],[89.62,26.22],[89.55,26.01],[89.47,25.98],[89.29,26.04],[89.11,26.2],[89.07,26.38],[88.92,26.38],[88.97,26.25],[88.68,26.29],[88.68,26.35],[88.52,26.52],[88.42,26.57],[88.35,26.5],[88.44,26.37],[88.15,26.09],[88.08,25.89],[88.25,25.79],[88.45,25.57],[88.59,25.5],[88.77,25.49],[88.82,25.37],[88.94,25.29],[88.89,25.19],[88.75,25.17],[88.46,25.19],[88.37,24.96],[88.31,24.88],[88.15,24.91],[88.02,24.63],[88.15,24.49],[88.29,24.48],[88.4,24.39],[88.64,24.33],[88.73,24.23],[88.7,24],[88.57,23.67],[88.74,23.44],[88.72,23.25],[88.93,23.19],[88.85,23.04],[88.9,22.84],[88.92,22.63],[89.05,22.27],[89.06,21.86],[89.12,21.73]]]},"properties":{"ISO_A2_EH":"BD"}},
{"type":"Feature","geometry":{"type":"Polygon","coordinates":[[[50.67,25.82],[50.7,26],[50.66,26.27],[50.57,26.32],[50.41,26.29],[50.37,26.2],[50.41,26.06],[50.38,25.96],[50.48,25.79],[50.57,25.74],[50.67,25.82]]]},"properties":{"ISO_A2_EH":"BH"}},
{"type":"Feature","geometry":{"type":"MultiPolygon","coordinates":[[[[-77.47,23.78],[-77.44,23.86],[-77.49,24.16],[-77.68,24.37],[-77.65,24.49],[-77.66,24.74],[-77.77,24.84],[-77.89,25.03],[-77.9,25.11],[-77.98,25.2],[-78.15,25.28],[-78.28,25.23],[-78.24,25.02],[-78.26,24.94],[-78.39,24.76],[-78.51,24.63],[-78.42,24.49],[-78.21,24.4],[-77.92,24],[-77.83,23.7],[-77.58,23.67],[-77.47,23.78]]],[[[-76.97,26.44],[-76.99,26.57],[-77.32,26.8],[-77.5,26.97],[-77.88,27.01],[-77.98,26.97],[-78.01,26.86],[-77.56,26.78],[-77.39,26.57],[-77.3,26.51],[-77.33,26.18],[-77.45,26.08],[-77.48,25.99],[-77.27,25.83],[-77.11,25.93],[-77.09,26.2],[-76.95,26.3],[-76.97,26.44]]],[[[-73.27,20.89],[-73.12,20.91],[-72.95,21.17],[-72.95,21.34],[-73.08,21.38],[-73.19,21.26],[-73.29,21.23],[-73.41,21.28],[-73.56,21.26],[-73.75,21.13],[-73.77,21.02],[-73.71,20.86],[-73.27,20.89]]],[[[-78.95,26.56],[-78.76,26.43],[-78.65,26.44],[-78.22,26.57],[-77.92,26.59],[-77.84,26.7],[-77.91,26.81],[-78.36,26.77],[-78.62,26.87],[-78.78,26.66],[-78.9,26.74],[-79.07,26.7],[-78.95,26.56]]],[[[-77.39,24.93],[-77.24,24.98],[-77.22,25.11],[-77.31,25.16],[-77.57,25.12],[-77.64,25.03],[-77.58,24.95],[-77.39,24.93]]],[[[-74.38,22.77],[-74.34,22.68],[-74.09,22.59],[-74.05,22.5],[-74.18,22.38],[-74.33,22.28],[-74.3,22.12],[-74.16,22.15],[-73.92,22.3],[-73.75,22.52],[-73.81,22.79],[-74,22.78],[-74.18,22.87],[-74.35,22.9],[-74.38,22.77]]],[[[-74.4,23.97],[-74.34,24.06],[-74.4,24.18],[-74.6,24.16],[-74.62,23.93],[-74.48,23.89],[-74.4,23.97]]],[[[-76.05,24.98],[-76.06,25.18],[-76.3,25.39],[-76.45,25.44],[-76.7,25.64],[-76.8,25.59],[-76.85,25.46],[-76.82,25.37],[-76.65,25.36],[-76.54,25.28],[-76.41,25.25],[-76.24,25.09],[-76.29,24.89],[-76.4,24.82],[-76.27,24.64],[-76.11,24.6],[-76.05,24.98]]],[[[-75.95,23.73],[-76.04,23.74],[-76.1,23.57],[-75.99,23.52],[-75.72,23.37],[-75.59,23.47],[-75.95,23.73]]],[[[-74.77,22.95],[-74.77,23.03],[-75,23.2],[-75.04,23.36],[-75.15,23.58],[-75.25,23.71],[-75.37,23.72],[-75.39,23.56],[-75.23,23.31],[-75.3,23.15],[-75.16,23.05],[-75.03,23.01],[-74.91,22.83],[-74.81,22.81],[-74.77,22.95]]],[[[-75.66,24.76],[-75.79,24.74],[-75.82,24.64],[-75.73,24.55],[-75.56,24.28],[-75.55,24.08],[-75.25,24.1],[-75.23,24.23],[-75.45,24.46],[-75.6,24.74],[-75.66,24.76]]],[[[-72.75,22.43],[-72.8,22.45],[-73.16,22.52],[-73.23,22.35],[-73.12,22.3],[-72.92,22.29],[-72.78,22.22],[-72.67,22.33],[-72.75,22.43]]],[[[-72.95,21.42],[-72.84,21.52],[-72.99,21.63],[-73.15,21.55],[-73.09,21.39],[-72.95,21.42]]]]},"properties":{"ISO_A2_EH":"BS"}},
{"type":"Feature","geometry":{"type":"MultiPolygon","coordinates":[[[[44.82,39.65],[45.14,39.25],[45.26,39.19],[45.48,39.01],[45.58,38.97],[46.11,38.88],[45.95,39.18],[45.98,39.24],[45.77,39.38],[45.75,39.56],[45.46,39.49],[45.15,39.66],[45.03,39.77],[44.77,39.7],[44.82,39.65]]],[[[46.43,41.89],[46.18,41.66],[46.31,41.51],[46.62,41.34],[46.67,41.29],[46.63,41.16],[46.46,41.07],[46.17,41.2],[46.03,41.17],[45.79,41.22],[45.72,41.34],[45.28,41.45],[45,41.29],[45.19,41.13],[45.11,41.07],[45.37,41],[45.59,40.85],[45.4,40.71],[45.38,40.64],[45.57,40.42],[45.96,40.23],[45.86,40.01],[45.63,40.01],[45.79,39.88],[46.2,39.59],[46.32,39.62],[46.48,39.56],[46.38,39.38],[46.51,39.3],[46.55,39.2],[46.4,39.17],[46.49,39.07],[46.49,38.91],[46.55,38.9],[46.85,39.15],[46.99,39.18],[47.19,39.34],[47.77,39.65],[48,39.68],[48.32,39.4],[48.14,39.31],[48.13,39.17],[48.27,39.1],[48.24,38.98],[48.05,38.94],[48.02,38.82],[48.2,38.72],[48.31,38.61],[48.42,38.59],[48.59,38.41],[48.96,38.44],[48.94,38.81],[49.29,39.04],[49.35,39.25],[49.45,39.31],[49.42,39.6],[49.51,39.83],[49.57,40.06],[49.62,40.14],[49.93,40.24],[50.13,40.25],[50.34,40.21],[50.45,40.25],[50.39,40.45],[50.16,40.6],[50.01,40.65],[49.77,40.67],[49.53,40.85],[49.31,41.06],[49.19,41.33],[48.9,41.67],[48.64,41.9],[48.39,41.6],[48.06,41.46],[47.86,41.21],[47.52,41.23],[47.26,41.32],[47.21,41.46],[47.01,41.59],[46.75,41.81],[46.55,41.81],[46.43,41.89]]]]},"properties":{"ISO_A2_EH":"AZ"}},
{"type":"Feature","geometry":{"type":"Polygon","coordinates":[[[9.53,47.27],[9.58,47.06],[9.85,47.01],[10,46.89],[10.18,46.86],[10.35,46.98],[10.45,46.86],[10.69,46.85],[10.76,46.79],[11.03,46.8],[11.13,46.94],[11.24,46.98],[11.53,47],[11.78,46.99],[12.17,47.08],[12.15,46.94],[12.39,46.7],[12.48,46.67],[13.17,46.57],[13.7,46.52],[14.5,46.42],[14.76,46.5],[14.84,46.58],[15,46.63],[15.44,46.63],[15.77,46.71],[15.96,46.68],[15.98,46.8],[16.09,46.86],[16.25,46.97],[16.45,47.01],[16.49,47.12],[16.42,47.22],[16.43,47.37],[16.62,47.45],[16.64,47.61],[16.43,47.66],[16.55,47.75],[16.75,47.69],[17.07,47.71],[17.03,47.84],[17.15,48.01],[16.97,48.2],[16.87,48.39],[16.95,48.6],[16.88,48.7],[16.48,48.8],[16.37,48.74],[16.06,48.75],[15.83,48.86],[15.7,48.86],[15.31,48.97],[15.2,48.95],[14.97,48.98],[14.92,48.77],[14.82,48.77],[14.69,48.6],[14.49,48.63],[14.37,48.58],[14.05,48.6],[13.99,48.69],[13.81,48.77],[13.79,48.59],[13.68,48.52],[13.49,48.58],[13.41,48.39],[13.32,48.33],[13.08,48.28],[12.81,48.16],[12.76,48.08],[12.95,47.89],[12.9,47.72],[13.03,47.7],[13.01,47.48],[12.78,47.56],[12.69,47.67],[12.48,47.64],[12.2,47.71],[12.19,47.62],[11.72,47.58],[11.39,47.49],[11.3,47.42],[10.98,47.4],[10.87,47.52],[10.43,47.54],[10.4,47.42],[10.31,47.31],[10.1,47.38],[10.03,47.47],[9.75,47.58],[9.52,47.52],[9.63,47.47],[9.53,47.27]]]},"properties":{"ISO_A2_EH":"AT"}},
{"type":"Feature","geometry":{"type":"MultiPolygon","coordinates":[[[[122.14,-17.19],[122.09,-17.29],[122.07,-17.56],[122.17,-18.02],[122.27,-18.06],[121.96,-18.33],[121.78,-18.42],[121.72,-18.5],[121.56,-18.79],[121.43,-19.07],[121.28,-19.27],[121.13,-19.42],[120.85,-19.6],[120.41,-19.77],[120.18,-19.84],[119.75,-19.89],[119.57,-19.96],[119.08,-19.92],[118.72,-20.2],[118.18,-20.31],[118.05,-20.36],[117.66,-20.58],[117.4,-20.65],[117.15,-20.57],[116.99,-20.59],[116.68,-20.58],[115.97,-20.97],[115.72,-21.19],[115.55,-21.3],[115.41,-21.43],[115.13,-21.56],[114.82,-21.67],[114.66,-21.77],[114.54,-21.9],[114.31,-22.3],[114.24,-22.31],[114.17,-22.17],[114.22,-21.91],[114.16,-21.76],[113.98,-21.82],[113.89,-21.9],[113.72,-22.31],[113.6,-22.64],[113.69,-22.84],[113.72,-23.02],[113.68,-23.4],[113.48,-23.7],[113.41,-23.85],[113.34,-24.12],[113.34,-24.45],[113.5,-24.72],[113.6,-25.01],[113.72,-25.2],[113.92,-25.58],[114.14,-25.88],[114.13,-26.27],[114.02,-26.23],[113.95,-25.98],[113.83,-25.95],[113.8,-25.81],[113.59,-25.56],[113.43,-25.52],[113.32,-25.62],[113.31,-25.73],[113.44,-25.93],[113.52,-26.13],[113.77,-26.36],[113.76,-26.47],[113.65,-26.5],[113.46,-26.06],[113.36,-26.01],[113.27,-26.06],[113.06,-25.5],[112.9,-25.47],[112.82,-25.55],[112.89,-25.81],[113.09,-26.13],[113.27,-26.46],[113.64,-26.89],[113.95,-27.38],[114.02,-27.56],[114.05,-27.99],[114.09,-28.11],[114.29,-28.34],[114.46,-28.58],[114.55,-28.91],[114.78,-29.18],[114.88,-29.45],[114.86,-29.72],[114.91,-30.23],[115,-30.58],[115.1,-30.84],[115.22,-31],[115.38,-31.34],[115.62,-31.72],[115.65,-31.89],[115.63,-32.53],[115.53,-32.66],[115.6,-33.18],[115.45,-33.49],[115.33,-33.57],[115.21,-33.57],[115.05,-33.46],[114.93,-33.47],[114.89,-33.81],[114.89,-34.06],[114.92,-34.29],[115.12,-34.41],[115.26,-34.38],[115.52,-34.49],[115.66,-34.58],[115.93,-34.86],[116.18,-34.93],[116.49,-35.06],[116.86,-35.1],[117.13,-35.11],[117.59,-35.17],[117.88,-35.13],[118.18,-35.05],[118.93,-34.55],[119.27,-34.53],[119.51,-34.42],[119.7,-34.15],[119.88,-34.04],[120.21,-34.01],[120.43,-34.04],[120.56,-33.99],[120.83,-33.94],[121.4,-33.9],[121.73,-33.93],[122.01,-33.94],[122.12,-34.06],[122.79,-33.96],[123.03,-33.97],[123.2,-34.06],[123.39,-33.98],[123.53,-33.99],[123.71,-33.89],[123.94,-33.64],[124.04,-33.48],[124.2,-33.17],[124.4,-33.03],[124.79,-32.95],[125.3,-32.68],[125.5,-32.62],[125.95,-32.36],[126.14,-32.33],[126.78,-32.38],[127.09,-32.37],[127.34,-32.33],[127.7,-32.22],[128.1,-32.13],[128.58,-31.95],[128.98,-31.77],[129.2,-31.73],[130.13,-31.65],[130.79,-31.68],[131.15,-31.57],[131.36,-31.62],[131.68,-31.76],[132.18,-32.08],[132.33,-32.09],[132.66,-32.02],[132.73,-32.03],[133.19,-32.26],[133.54,-32.26],[133.73,-32.32],[133.88,-32.47],[134.15,-32.59],[134.03,-32.71],[134.09,-33.01],[134.25,-33.23],[134.58,-33.26],[134.72,-33.37],[134.81,-33.66],[135.11,-33.95],[135.29,-34.4],[135.13,-34.43],[135.05,-34.5],[135.07,-34.64],[135.19,-34.65],[135.42,-34.81],[135.64,-35.01],[135.78,-34.95],[135.99,-35.05],[136.09,-34.96],[136.03,-34.73],[135.98,-34.69],[136.19,-34.47],[136.49,-34.08],[136.69,-33.96],[136.98,-33.81],[137.17,-33.77],[137.31,-33.68],[137.43,-33.46],[137.52,-33.23],[137.75,-33.02],[137.85,-32.88],[137.9,-33.08],[137.76,-33.16],[137.84,-33.55],[137.57,-33.82],[137.41,-34.14],[137.37,-34.38],[137.4,-34.6],[137.33,-34.84],[136.97,-34.86],[136.8,-35.22],[136.81,-35.28],[136.97,-35.33],[137.17,-35.31],[137.46,-35.21],[137.75,-35.21],[137.96,-34.75],[138,-34.48],[138.11,-34.34],[138.4,-34.78],[138.42,-35.02],[138.32,-35.3],[138.18,-35.45],[138.11,-35.65],[138.38,-35.72],[138.54,-35.71],[138.77,-35.62],[138.9,-35.61],[138.97,-35.74],[139.18,-35.88],[139.47,-36.14],[139.65,-36.4],[139.77,-36.67],[139.65,-37.05],[139.7,-37.28],[139.81,-37.4],[140.14,-37.68],[140.32,-37.95],[140.59,-38.1],[140.98,-38.15],[141.15,-38.23],[141.37,-38.43],[141.63,-38.46],[141.76,-38.35],[141.9,-38.35],[142.17,-38.48],[142.35,-38.45],[142.56,-38.51],[142.8,-38.65],[143.04,-38.71],[143.19,-38.81],[143.54,-38.9],[143.87,-38.75],[144.16,-38.52],[144.37,-38.41],[144.63,-38.34],[144.79,-38.49],[144.96,-38.57],[145.4,-38.61],[145.57,-38.73],[145.73,-38.73],[145.9,-38.97],[146.1,-38.92],[146.24,-39.1],[146.25,-39.17],[146.41,-39.23],[146.58,-39.08],[146.55,-38.8],[146.9,-38.73],[147.46,-38.27],[147.69,-38.11],[147.92,-38],[148.28,-37.9],[148.95,-37.86],[149.31,-37.87],[149.52,-37.84],[149.85,-37.61],[150.01,-37.59],[150.08,-37.26],[150.04,-37.08],[150.05,-36.85],[150.15,-36.57],[150.22,-36.13],[150.28,-35.86],[150.45,-35.62],[150.64,-35.26],[150.73,-35.25],[150.9,-34.99],[150.87,-34.89],[150.96,-34.52],[151.04,-34.33],[151.3,-34.08],[151.37,-33.95],[151.41,-33.7],[151.39,-33.61],[151.51,-33.58],[151.55,-33.42],[151.88,-32.95],[151.99,-32.88],[152.22,-32.82],[152.32,-32.65],[152.54,-32.48],[152.63,-32.26],[152.64,-32.07],[152.86,-31.82],[153.03,-31.46],[153.13,-30.91],[153.11,-30.58],[153.27,-30.18],[153.35,-29.91],[153.43,-29.51],[153.43,-29.3],[153.54,-29.08],[153.69,-28.88],[153.7,-28.67],[153.65,-28.52],[153.66,-28.22],[153.53,-28.02],[153.49,-27.77],[153.63,-27.41],[153.53,-27.35],[153.51,-27.2],[153.54,-27],[153.43,-26.95],[153.31,-27],[153.3,-27.25],[153.38,-27.38],[153.33,-27.48],[153.2,-27.19],[153.24,-26.99],[153.17,-26.31],[153.25,-25.94],[153.18,-25.87],[153.16,-25.7],[153.22,-25.54],[153.43,-25.08],[153.44,-24.95],[153.37,-24.89],[153.36,-24.69],[153.26,-24.65],[153.12,-24.71],[153.07,-24.83],[153.16,-24.94],[153.13,-25.03],[152.95,-25.17],[152.98,-25.3],[152.71,-25.15],[152.58,-24.94],[152.52,-24.76],[152.19,-24.55],[151.97,-24.16],[151.88,-24.07],[151.72,-23.97],[151.54,-23.95],[151.33,-23.8],[151.38,-23.73],[151.31,-23.58],[151.33,-23.49],[151.23,-23.44],[151.03,-23.4],[150.92,-23.42],[150.86,-23.17],[150.84,-22.56],[150.74,-22.38],[150.59,-22.18],[150.43,-22.16],[150.39,-22.32],[150.29,-22.32],[150.12,-22.09],[150,-22.1],[149.92,-21.98],[149.8,-22.04],[149.79,-22.16],[149.83,-22.32],[149.75,-22.36],[149.67,-22.23],[149.54,-21.76],[149.53,-21.55],[149.4,-21.44],[149.27,-21.09],[149.12,-20.91],[148.85,-20.69],[148.77,-20.57],[148.95,-20.51],[148.97,-20.37],[149.12,-20.34],[149.12,-20.26],[149.04,-20.11],[149.03,-20],[148.88,-20.02],[148.82,-20.11],[148.82,-20.24],[148.65,-20.09],[148.4,-20.02],[148.11,-19.83],[147.96,-19.81],[147.9,-19.73],[147.78,-19.7],[147.65,-19.58],[147.53,-19.37],[147.43,-19.3],[147.28,-19.34],[147.18,-19.33],[147.04,-19.19],[146.85,-19.17],[146.53,-19.02],[146.37,-18.82],[146.42,-18.39],[146.34,-18.17],[146.23,-18.15],[146.1,-18.18],[146.15,-17.99],[146.2,-17.63],[146.12,-17.36],[145.98,-17.06],[145.97,-16.86],[145.8,-16.82],[145.61,-16.58],[145.5,-16.39],[145.53,-16.04],[145.45,-15.86],[145.42,-15.69],[145.35,-15.47],[145.37,-15.33],[145.33,-15.1],[145.37,-14.91],[145.22,-14.8],[144.71,-14.45],[144.65,-14.32],[144.5,-14.15],[144.17,-14.24],[143.96,-14.38],[143.82,-14.31],[143.71,-13.94],[143.62,-13.73],[143.66,-13.43],[143.6,-13.29],[143.59,-13.08],[143.53,-12.83],[143.47,-12.72],[143.48,-12.62],[143.36,-12.46],[143.31,-12.35],[143.18,-12.26],[143.24,-11.92],[142.94,-11.79],[142.91,-11.29],[142.85,-11.09],[142.78,-10.96],[142.63,-10.85],[142.68,-10.73],[142.57,-10.64],[142.41,-10.64],[142.28,-10.82],[142.1,-10.9],[142.07,-11.26],[141.97,-11.61],[141.88,-11.89],[141.74,-12.05],[141.62,-12.33],[141.6,-12.53],[141.76,-12.63],[141.75,-12.71],[141.54,-12.92],[141.57,-13.25],[141.46,-13.53],[141.4,-13.79],[141.41,-13.95],[141.52,-14.16],[141.45,-14.47],[141.53,-14.86],[141.55,-15.05],[141.38,-15.59],[141.32,-15.9],[141.34,-16.06],[141.22,-16.44],[141.15,-16.61],[140.9,-16.99],[140.77,-17.37],[140.48,-17.56],[140.2,-17.63],[140.06,-17.63],[139.93,-17.55],[139.72,-17.48],[139.47,-17.31],[139.3,-17.27],[139.18,-16.98],[139.05,-16.83],[138.84,-16.79],[138.64,-16.7],[138.51,-16.72],[138.28,-16.65],[138.12,-16.56],[137.97,-16.43],[137.75,-16.17],[137.34,-16],[137.1,-15.86],[137.17,-15.79],[137.14,-15.64],[137.07,-15.55],[136.97,-15.53],[136.87,-15.43],[136.68,-15.51],[136.6,-15.46],[136.35,-15.52],[136.26,-15.35],[136.01,-15.21],[135.88,-15.1],[135.58,-14.94],[135.48,-14.77],[135.8,-14.33],[135.95,-14.19],[136.07,-13.86],[136.22,-13.91],[136.36,-13.82],[136.33,-13.67],[136.21,-13.59],[136.07,-13.71],[136,-13.61],[136,-13.35],[136.29,-13.22],[136.38,-13.32],[136.51,-13.29],[136.67,-13.02],[136.6,-12.82],[137.03,-12.36],[136.95,-12.19],[136.74,-12.15],[136.67,-12.09],[136.59,-11.89],[136.41,-11.88],[136.21,-12.09],[136.18,-12.19],[136.25,-12.3],[136.13,-12.36],[136.08,-12.15],[135.95,-12.07],[135.98,-11.78],[135.86,-11.75],[135.75,-11.85],[135.51,-12],[135.32,-12.06],[135.2,-12.15],[135.05,-12.12],[134.9,-12.05],[134.74,-11.9],[134.53,-11.99],[134.27,-11.94],[133.92,-11.76],[133.55,-11.74],[133.37,-11.66],[133.22,-11.64],[133.08,-11.4],[132.99,-11.34],[132.84,-11.32],[132.7,-11.41],[132.66,-11.34],[132.71,-11.16],[132.67,-10.98],[132.56,-10.9],[132.42,-11],[132.41,-11.17],[132.24,-11.12],[132.15,-11.22],[132.06,-11.13],[131.95,-11.1],[131.74,-11.25],[131.76,-11.36],[131.9,-11.41],[132.03,-11.54],[132.13,-11.58],[132.28,-11.54],[132.45,-11.56],[132.59,-11.67],[132.56,-11.83],[132.56,-12.04],[132.38,-12.13],[132.25,-12.11],[132.06,-12.21],[131.89,-12.16],[131.72,-12.21],[131.46,-12.21],[131.38,-12.06],[131.26,-12],[131.18,-12.11],[131.01,-12.12],[130.94,-12.19],[130.96,-12.27],[130.79,-12.37],[130.67,-12.33],[130.56,-12.38],[130.54,-12.59],[130.34,-12.64],[130.26,-12.83],[130.1,-12.91],[130.06,-13.17],[130.17,-13.3],[130.09,-13.39],[129.91,-13.43],[129.78,-13.52],[129.64,-13.94],[129.4,-14.17],[129.31,-14.41],[129.53,-14.64],[129.61,-14.77],[129.54,-14.91],[129.41,-14.83],[129.24,-14.79],[129.16,-14.88],[129.1,-14.82],[128.65,-14.71],[128.45,-14.72],[128.34,-14.79],[128.24,-14.67],[127.94,-14.44],[127.72,-14.14],[127.5,-13.97],[127.33,-13.87],[127.14,-13.81],[127.05,-13.71],[126.9,-13.67],[126.71,-13.74],[126.7,-13.94],[126.58,-14.07],[126.41,-13.93],[126.27,-14.01],[126.13,-13.88],[125.99,-13.94],[126,-14.1],[125.94,-14.36],[125.94,-14.44],[125.76,-14.38],[125.77,-14.26],[125.62,-14.17],[125.52,-14.24],[125.51,-14.43],[125.41,-14.49],[125.15,-14.38],[125.05,-14.45],[125.01,-14.61],[125.1,-14.7],[125.11,-14.82],[125.17,-14.97],[125.03,-14.93],[124.8,-15.1],[124.78,-15.22],[124.48,-15.19],[124.4,-15.36],[124.32,-15.61],[124.3,-15.78],[124.39,-15.89],[124.45,-16.03],[124.35,-16.1],[124.31,-16.2],[124.04,-16.19],[123.91,-16.23],[123.77,-16.13],[123.62,-16.1],[123.52,-16.21],[123.57,-16.34],[123.42,-16.47],[123.55,-16.72],[123.68,-16.84],[123.52,-17],[123.53,-17.22],[123.45,-17.26],[123.33,-17],[123.21,-16.83],[123.03,-16.37],[122.87,-16.36],[122.67,-16.74],[122.48,-16.88],[122.39,-16.91],[122.2,-17.09],[122.14,-17.19]],[[144.71,-38.27],[144.76,-38.21],[144.65,-38.11],[144.89,-37.99],[145.02,-38.1],[144.87,-38.27],[144.71,-38.27]]],[[[139.13,-16.54],[139.07,-16.72],[139.13,-16.81],[139.29,-16.79],[139.45,-16.73],[139.59,-16.6],[139.71,-16.59],[139.77,-16.52],[139.65,-16.35],[139.59,-16.32],[139.26,-16.4],[139.13,-16.54]]],[[[137.01,-14.24],[137.02,-14.15],[136.82,-14.08],[136.86,-13.98],[136.99,-13.84],[136.88,-13.69],[136.64,-13.6],[136.35,-13.82],[136.35,-14.11],[136.27,-14.19],[136.34,-14.3],[136.64,-14.35],[136.93,-14.37],[137.01,-14.24]]],[[[130,-11.85],[130.14,-11.9],[130.32,-11.85],[130.5,-11.91],[130.67,-11.84],[130.95,-12.01],[131.34,-11.76],[131.42,-11.66],[131.51,-11.64],[131.61,-11.44],[131.49,-11.26],[131.27,-11.12],[131,-11.27],[130.91,-11.23],[130.74,-11.31],[130.66,-11.31],[130.46,-11.11],[130.39,-11.11],[130.07,-11.47],[130.12,-11.62],[130.03,-11.62],[129.96,-11.81],[130,-11.85]]],[[[136.5,-35.96],[136.72,-36.1],[137.18,-36.12],[137.24,-36.06],[137.43,-36.15],[137.66,-36.08],[137.72,-35.96],[137.83,-35.94],[138.11,-35.97],[138.21,-35.86],[138.1,-35.69],[137.92,-35.65],[137.82,-35.69],[137.63,-35.56],[137.32,-35.52],[137.07,-35.59],[136.59,-35.68],[136.44,-35.9],[136.5,-35.96]]],[[[142.27,-10.79],[142.35,-10.72],[142.21,-10.52],[142.06,-10.6],[142.07,-10.78],[142.2,-10.85],[142.27,-10.79]]],[[[142.36,-10.27],[142.41,-10.2],[142.33,-10.06],[142.14,-9.98],[142.02,-10.12],[142.17,-10.3],[142.3,-10.34],[142.36,-10.27]]],[[[136.73,-11.33],[136.81,-11.23],[136.85,-11.03],[136.81,-10.95],[136.68,-10.98],[136.59,-11.17],[136.45,-11.41],[136.22,-11.52],[136.12,-11.63],[136.22,-11.74],[136.42,-11.64],[136.54,-11.55],[136.73,-11.33]]],[[[139.57,-16.96],[139.48,-16.92],[139.32,-17.07],[139.39,-17.2],[139.63,-17.13],[139.63,-17],[139.57,-16.96]]],[[[115.48,-20.87],[115.54,-20.71],[115.45,-20.6],[115.29,-20.7],[115.23,-20.8],[115.25,-20.91],[115.42,-20.93],[115.48,-20.87]]],[[[145.12,-42.35],[145.18,-42.57],[145.4,-42.97],[145.53,-43.04],[145.72,-43.29],[145.84,-43.37],[145.99,-43.61],[146.52,-43.58],[146.66,-43.67],[146.94,-43.67],[147.12,-43.57],[147.35,-43.56],[147.51,-43.29],[147.49,-43.09],[147.77,-43.29],[147.99,-43.25],[148.08,-43.19],[148.01,-42.81],[148.18,-42.75],[148.26,-42.67],[148.21,-42.56],[148.07,-42.52],[148.12,-42.28],[148.39,-42.32],[148.44,-42.22],[148.4,-42.02],[148.39,-41.47],[148.41,-41.35],[148.39,-40.93],[148.28,-40.8],[148.06,-40.71],[147.92,-40.71],[147.83,-40.8],[147.59,-40.77],[147.43,-40.92],[147.34,-40.88],[146.97,-40.92],[146.77,-41.02],[146.55,-41.07],[146.33,-41.09],[145.87,-40.96],[145.59,-40.8],[145.41,-40.77],[145.33,-40.7],[145.06,-40.72],[144.81,-40.63],[144.89,-40.41],[144.77,-40.36],[144.62,-40.46],[144.66,-40.61],[144.55,-40.98],[144.69,-41.44],[144.83,-41.68],[145.15,-42.05],[145.12,-42.35]]],[[[144.02,-40.16],[144.19,-40.06],[144.24,-39.95],[144.18,-39.6],[144.03,-39.51],[143.88,-39.53],[143.77,-39.73],[143.74,-39.91],[143.85,-40.18],[144.02,-40.16]]],[[[148.01,-40.29],[147.92,-40.36],[148.04,-40.58],[148.2,-40.66],[148.31,-40.56],[148.45,-40.55],[148.57,-40.44],[148.49,-40.32],[148.37,-40.23],[148.39,-39.96],[148.24,-39.88],[148.06,-39.7],[147.91,-39.66],[147.67,-39.86],[148.01,-40.29]]],[[[158.97,-54.76],[159.08,-54.48],[158.96,-54.4],[158.78,-54.47],[158.71,-54.7],[158.78,-54.81],[158.97,-54.76]]]]},"properties":{"ISO_A2_EH":"AU"}},
{"type":"Feature","geometry":{"type":"MultiPolygon","coordinates":[[[[105.78,-10.55],[105.8,-10.5],[105.73,-10.36],[105.55,-10.41],[105.52,-10.55],[105.72,-10.63],[105.78,-10.55]]],[[[96.76,-12.18],[96.91,-12.28],[97,-12.21],[96.94,-12.09],[96.83,-12.05],[96.76,-12.18]]]]},"properties":{"ISO_A2_EH":"AU"}},
{"type":"Feature","geometry":{"type":"Polygon","coordinates":[[[73.13,-52.99],[73.41,-53.26],[73.62,-53.26],[73.84,-53.2],[73.94,-53.08],[73.64,-52.96],[73.33,-52.89],[73.13,-52.99]]]},"properties":{"ISO_A2_EH":"HM"}},
{"type":"Feature","geometry":{"type":"Polygon","coordinates":[[[168.07,-29.06],[168.08,-29.01],[167.89,-28.93],[167.82,-29.04],[167.87,-29.14],[167.98,-29.17],[168.07,-29.06]]]},"properties":{"ISO_A2_EH":"NF"}},
{"type":"Feature","geometry":{"type":"Polygon","coordinates":[[[123.67,-12.43],[123.52,-12.37],[123.52,-12.48],[123.67,-12.43]]]},"properties":{"ISO_A2_EH":"AU"}},
{"type":"Feature","geometry":{"type":"Polygon","coordinates":[[[44.77,39.7],[45.03,39.77],[45.15,39.66],[45.46,39.49],[45.75,39.56],[45.77,39.38],[45.98,39.24],[45.95,39.18],[46.11,38.88],[46.49,38.91],[46.49,39.07],[46.4,39.17],[46.55,39.2],[46.51,39.3],[46.38,39.38],[46.48,39.56],[46.32,39.62],[46.2,39.59],[45.79,39.88],[45.63,40.01],[45.86,40.01],[45.96,40.23],[45.57,40.42],[45.38,40.64],[45.4,40.71],[45.59,40.85],[45.37,41],[45.11,41.07],[45.19,41.13],[45,41.29],[44.84,41.21],[44.47,41.19],[44.23,41.21],[43.79,41.13],[43.44,41.11],[43.63,40.93],[43.72,40.72],[43.67,40.57],[43.57,40.48],[43.71,40.17],[43.79,40.07],[44.01,40.01],[44.29,40.04],[44.56,39.89],[44.77,39.7]]]},"properties":{"ISO_A2_EH":"AM"}},
{"type":"Feature","geometry":{"type":"MultiPolygon","coordinates":[[[[-57.61,-30.19],[-57.41,-30.03],[-57.22,-29.78],[-56.94,-29.59],[-56.77,-29.42],[-56.57,-29.14],[-56.39,-29],[-56.32,-28.85],[-56.1,-28.65],[-56.02,-28.52],[-55.93,-28.47],[-55.86,-28.35],[-55.69,-28.38],[-55.73,-28.2],[-55.48,-28.09],[-55.35,-27.96],[-55.1,-27.87],[-55.04,-27.77],[-54.91,-27.71],[-54.83,-27.55],[-54.72,-27.54],[-54.55,-27.45],[-54.33,-27.42],[-54.21,-27.29],[-54.04,-27.24],[-53.84,-27.12],[-53.72,-26.88],[-53.75,-26.75],[-53.71,-26.35],[-53.67,-26.23],[-53.82,-25.96],[-53.89,-25.67],[-54.15,-25.52],[-54.44,-25.62],[-54.62,-25.58],[-54.63,-26.01],[-54.68,-26.31],[-54.76,-26.53],[-54.83,-26.65],[-54.93,-26.7],[-55.14,-26.93],[-55.43,-27.01],[-55.6,-27.21],[-55.63,-27.36],[-55.79,-27.42],[-55.95,-27.33],[-56.16,-27.32],[-56.44,-27.55],[-56.6,-27.47],[-56.72,-27.49],[-56.87,-27.44],[-57.11,-27.47],[-57.39,-27.43],[-57.81,-27.32],[-58.17,-27.27],[-58.6,-27.31],[-58.64,-27.2],[-58.49,-26.97],[-58.32,-26.86],[-58.32,-26.8],[-58.19,-26.63],[-58.2,-26.38],[-58.08,-26.14],[-57.89,-26.01],[-57.75,-25.7],[-57.57,-25.53],[-57.59,-25.41],[-57.82,-25.14],[-58.14,-24.98],[-58.37,-24.96],[-58.52,-24.84],[-58.72,-24.79],[-59.19,-24.56],[-59.37,-24.45],[-59.61,-24.27],[-59.89,-24.09],[-60.11,-24.01],[-60.26,-24.01],[-60.51,-23.96],[-60.84,-23.86],[-61.03,-23.76],[-61.08,-23.66],[-61.21,-23.56],[-61.51,-23.39],[-61.57,-23.32],[-61.8,-23.18],[-61.93,-23.06],[-62.07,-22.87],[-62.21,-22.61],[-62.37,-22.44],[-62.63,-22.29],[-62.65,-22.23],[-62.74,-22.16],[-62.84,-22],[-63.82,-22.01],[-63.98,-22.07],[-64.27,-22.6],[-64.31,-22.8],[-64.37,-22.76],[-64.52,-22.37],[-64.61,-22.23],[-64.84,-22.14],[-65.06,-22.1],[-65.77,-22.1],[-66.1,-21.84],[-66.25,-21.83],[-66.37,-22.11],[-66.71,-22.22],[-66.8,-22.41],[-66.99,-22.51],[-67.06,-22.65],[-67.19,-22.82],[-67.01,-23],[-67.36,-24.03],[-68.25,-24.39],[-68.51,-24.63],[-68.56,-24.84],[-68.47,-24.93],[-68.38,-25.09],[-68.54,-25.24],[-68.6,-25.49],[-68.51,-25.74],[-68.41,-26.15],[-68.53,-26.28],[-68.59,-26.42],[-68.58,-26.52],[-68.32,-26.88],[-68.35,-27.03],[-68.65,-27.15],[-68.71,-27.1],[-68.85,-27.15],[-68.94,-27.41],[-69,-27.45],[-69.17,-27.92],[-69.25,-27.97],[-69.44,-28.19],[-69.66,-28.41],[-69.73,-28.64],[-69.74,-28.78],[-69.83,-29.1],[-70,-29.25],[-70.03,-29.32],[-69.93,-29.77],[-69.96,-30.08],[-69.86,-30.12],[-69.96,-30.36],[-70.16,-30.44],[-70.35,-30.9],[-70.31,-31.02],[-70.39,-31.12],[-70.52,-31.15],[-70.59,-31.57],[-70.45,-31.84],[-70.25,-31.96],[-70.36,-32.08],[-70.32,-32.27],[-70.17,-32.47],[-70.18,-32.63],[-70.12,-32.81],[-70.02,-32.88],[-70.09,-33.03],[-70.08,-33.2],[-70.02,-33.27],[-69.82,-33.28],[-69.8,-33.4],[-69.88,-33.6],[-69.89,-33.73],[-69.85,-34.22],[-70.05,-34.3],[-70.1,-34.43],[-70.29,-34.73],[-70.39,-35.15],[-70.56,-35.25],[-70.47,-35.33],[-70.38,-35.77],[-70.42,-35.88],[-70.4,-36.06],[-70.56,-36.15],[-70.72,-36.28],[-70.75,-36.39],[-70.91,-36.42],[-71.06,-36.52],[-71.07,-36.64],[-71.19,-36.84],[-71.12,-37.11],[-71.2,-37.3],[-71.13,-37.45],[-71.19,-37.63],[-71.17,-37.76],[-71.03,-38.04],[-70.97,-38.45],[-70.85,-38.54],[-70.95,-38.74],[-71.09,-38.76],[-71.29,-38.85],[-71.43,-38.99],[-71.42,-39.29],[-71.54,-39.6],[-71.72,-39.64],[-71.64,-39.89],[-71.66,-40.02],[-71.82,-40.18],[-71.7,-40.34],[-71.8,-40.44],[-71.93,-40.69],[-71.87,-40.89],[-71.89,-41.39],[-71.87,-41.56],[-71.91,-41.65],[-71.77,-41.97],[-71.76,-42.1],[-71.94,-42.17],[-72.03,-42.15],[-72.12,-42.3],[-72.05,-42.47],[-72.14,-42.58],[-72.11,-42.78],[-72.15,-42.99],[-72.05,-43.1],[-71.78,-43.17],[-71.76,-43.29],[-71.9,-43.35],[-71.9,-43.44],[-71.75,-43.59],[-71.79,-43.75],[-71.68,-43.93],[-71.81,-44.11],[-71.82,-44.38],[-71.21,-44.44],[-71.15,-44.49],[-71.26,-44.76],[-71.46,-44.75],[-71.96,-44.79],[-72.04,-44.9],[-71.6,-44.98],[-71.35,-45.23],[-71.35,-45.33],[-71.49,-45.44],[-71.51,-45.51],[-71.69,-45.53],[-71.77,-45.72],[-71.75,-45.84],[-71.63,-45.95],[-71.68,-46.04],[-71.88,-46.16],[-71.78,-46.28],[-71.7,-46.58],[-71.73,-46.71],[-71.94,-46.83],[-71.96,-47.02],[-71.9,-47.2],[-72.04,-47.24],[-72.1,-47.34],[-72.35,-47.49],[-72.34,-47.57],[-72.52,-47.88],[-72.51,-47.97],[-72.33,-48.11],[-72.29,-48.23],[-72.35,-48.37],[-72.5,-48.42],[-72.61,-48.52],[-72.61,-48.79],[-72.73,-48.9],[-72.98,-48.98],[-73.15,-49.19],[-73.14,-49.3],[-73.46,-49.31],[-73.58,-49.58],[-73.47,-49.79],[-73.53,-49.91],[-73.5,-50.13],[-73.39,-50.23],[-73.15,-50.74],[-73.08,-50.76],[-72.8,-50.64],[-72.51,-50.61],[-72.34,-50.68],[-72.28,-50.91],[-72.38,-51.1],[-72.3,-51.3],[-72.41,-51.54],[-72.27,-51.69],[-71.95,-51.88],[-71.92,-51.99],[-70.48,-52],[-69.96,-52.01],[-69.49,-52.14],[-69.21,-52.14],[-68.72,-52.26],[-68.46,-52.29],[-68.44,-52.43],[-68.26,-52.31],[-68.59,-51.98],[-68.82,-51.68],[-68.97,-51.58],[-68.91,-51.44],[-69.03,-51.08],[-69.11,-50.96],[-69.04,-50.89],[-68.98,-50.6],[-68.85,-50.43],[-68.69,-50.34],[-68.4,-50.25],[-68.28,-50.18],[-68.1,-50.16],[-67.84,-50.04],[-67.68,-49.88],[-67.55,-49.33],[-67.58,-49.27],[-67.38,-48.99],[-66.97,-48.68],[-66.53,-48.48],[-66.33,-48.4],[-65.71,-47.97],[-65.81,-47.75],[-65.67,-47.59],[-65.63,-47.34],[-65.77,-47.11],[-65.96,-47.02],[-66.62,-46.98],[-66.71,-46.95],[-67.31,-46.51],[-67.46,-46.32],[-67.5,-46.16],[-67.46,-46],[-67.17,-45.61],[-66.87,-45.31],[-66.54,-45.25],[-66.17,-45.04],[-65.76,-45.08],[-65.58,-45.07],[-65.49,-44.85],[-65.56,-44.7],[-65.28,-44.52],[-65.16,-44.28],[-65.2,-44.17],[-65.13,-44.06],[-65.2,-43.78],[-65.19,-43.65],[-64.91,-43.34],[-64.67,-43.2],[-64.38,-43.12],[-64.22,-42.95],[-64.36,-42.88],[-64.59,-42.84],[-64.77,-42.7],[-64.61,-42.6],[-64.5,-42.59],[-64.34,-42.68],[-64.31,-42.78],[-64.19,-42.92],[-64.03,-42.96],[-63.63,-42.87],[-63.52,-42.71],[-63.5,-42.4],[-63.6,-42.15],[-63.77,-42.04],[-63.92,-42.05],[-64.3,-42.16],[-64.42,-42.25],[-64.85,-42.1],[-64.96,-41.96],[-64.91,-41.75],[-64.92,-41.56],[-65.03,-41.22],[-65.06,-40.95],[-64.93,-40.85],[-64.65,-40.92],[-64.16,-41.07],[-63.8,-41.22],[-63.2,-41.22],[-62.93,-41.18],[-62.34,-40.95],[-62.22,-40.85],[-62.14,-40.67],[-62.3,-40.43],[-62.31,-40.21],[-62.22,-39.95],[-62.05,-39.87],[-61.96,-39.38],[-62.06,-39.26],[-62.24,-39.14],[-62.21,-38.98],[-61.61,-39.07],[-61.38,-39.05],[-61.11,-39.07],[-59.81,-38.91],[-59.65,-38.87],[-58.98,-38.74],[-58.14,-38.5],[-57.59,-38.23],[-57.46,-38.12],[-57.42,-37.93],[-57.32,-37.78],[-57.01,-37.49],[-56.65,-36.99],[-56.58,-36.87],[-56.61,-36.41],[-56.7,-36.27],[-56.92,-36.28],[-57.02,-36.24],[-57.19,-36.1],[-57.29,-35.89],[-57.27,-35.75],[-57.07,-35.53],[-57.08,-35.34],[-57.24,-35.14],[-57.49,-34.96],[-57.72,-34.83],[-58.23,-34.63],[-58.34,-34.49],[-58.42,-34.32],[-58.3,-34.21],[-58.32,-34.11],[-58.48,-33.75],[-58.48,-33.62],[-58.37,-33.14],[-58.17,-33.02],[-58.14,-32.89],[-58.2,-32.48],[-58.12,-32.32],[-58.16,-32.18],[-58.19,-31.92],[-58.04,-31.77],[-57.99,-31.58],[-58.05,-31.49],[-57.87,-31.1],[-57.9,-30.98],[-57.81,-30.86],[-57.82,-30.71],[-57.87,-30.59],[-57.83,-30.5],[-57.71,-30.38],[-57.61,-30.19]]],[[[-68.37,-54.89],[-68.25,-54.89],[-68.07,-54.88],[-67.23,-54.94],[-67.07,-54.98],[-66.57,-55.1],[-66.48,-55.1],[-65.91,-54.99],[-65.59,-55],[-65.26,-54.93],[-65.03,-54.66],[-65.2,-54.57],[-65.73,-54.58],[-66.17,-54.47],[-66.58,-54.26],[-67.21,-54],[-67.9,-53.53],[-68.1,-53.24],[-68.36,-53.22],[-68.12,-53.08],[-68.23,-52.87],[-68.54,-52.61],[-68.63,-52.58],[-68.63,-53.25],[-68.64,-54.32],[-68.65,-54.85],[-68.37,-54.89]]],[[[-63.7,-54.76],[-63.72,-54.68],[-63.89,-54.65],[-64.43,-54.67],[-64.59,-54.65],[-64.9,-54.82],[-64.83,-54.91],[-64.63,-54.97],[-64.29,-54.87],[-63.97,-54.89],[-63.72,-54.82],[-63.7,-54.76]]],[[[-61.78,-39.19],[-61.84,-39.08],[-62.07,-39.02],[-62.18,-39.06],[-62.11,-39.22],[-61.95,-39.3],[-61.8,-39.29],[-61.78,-39.19]]]]},"properties":{"ISO_A2_EH":"AR"}},
{"type":"Feature","geometry":{"type":"MultiPolygon","coordinates":[[[[-61.96,17.07],[-61.91,16.95],[-61.72,16.92],[-61.63,17],[-61.63,17.14],[-61.83,17.24],[-61.97,17.12],[-61.96,17.07]]],[[[-61.84,17.51],[-61.74,17.48],[-61.67,17.56],[-61.68,17.69],[-61.86,17.8],[-61.94,17.74],[-61.91,17.55],[-61.84,17.51]]]]},"properties":{"ISO_A2_EH":"AG"}},
{"type":"Feature","geometry":{"type":"MultiPolygon","coordinates":[[[[23.97,-10.87],[23.83,-11.01],[23.4,-10.98],[23.16,-11.07],[22.81,-11.08],[22.56,-11.06],[22.39,-11.16],[22.28,-11.19],[22.23,-11.12],[22.18,-10.89],[22.28,-10.78],[22.3,-10.4],[22.2,-10.04],[22.09,-9.86],[21.95,-9.73],[21.86,-9.59],[21.81,-9.47],[21.83,-9.17],[21.91,-8.69],[21.9,-8.34],[21.8,-8.11],[21.78,-7.87],[21.83,-7.6],[21.84,-7.42],[21.75,-7.31],[21.19,-7.28],[20.61,-7.28],[20.54,-7.12],[20.6,-6.94],[20.48,-6.92],[19.88,-6.99],[19.66,-7.04],[19.53,-7.14],[19.48,-7.28],[19.48,-7.47],[19.37,-7.66],[19.34,-7.97],[19.14,-8],[18.9,-8],[18.65,-7.94],[18.19,-8.02],[18.01,-8.11],[17.91,-8.07],[17.58,-8.1],[17.54,-8.08],[17.25,-7.62],[17.16,-7.46],[16.98,-7.26],[16.97,-7.06],[16.92,-6.93],[16.74,-6.62],[16.71,-6.47],[16.72,-6.24],[16.54,-5.97],[16.32,-5.87],[15.73,-5.86],[14.75,-5.88],[14.4,-5.89],[13.98,-5.86],[13.18,-5.86],[13,-5.87],[12.71,-5.98],[12.49,-6.03],[12.34,-6.02],[12.26,-6.02],[12.21,-6.13],[12.46,-6.63],[12.75,-6.98],[12.79,-7.25],[13.03,-7.81],[13.3,-8.38],[13.29,-8.65],[13.12,-8.83],[13,-8.87],[12.93,-8.97],[12.93,-9.06],[13.09,-9.41],[13.14,-9.73],[13.22,-9.86],[13.26,-10.03],[13.43,-10.29],[13.47,-10.46],[13.65,-10.66],[13.67,-10.78],[13.76,-10.95],[13.77,-11.05],[13.71,-11.48],[13.71,-11.8],[13.62,-12.1],[13.54,-12.25],[13.37,-12.46],[13.12,-12.59],[12.92,-12.73],[12.83,-12.99],[12.48,-13.41],[12.43,-13.74],[12.31,-14.02],[12.21,-14.62],[12,-15.23],[11.9,-15.6],[11.68,-15.8],[11.72,-16],[11.74,-16.7],[11.71,-16.86],[11.67,-17.24],[11.9,-17.23],[12.01,-17.17],[12.21,-17.21],[12.55,-17.21],[12.96,-17.02],[13.1,-16.97],[13.4,-17.01],[13.56,-17.14],[13.94,-17.39],[14.02,-17.41],[14.41,-17.39],[15.77,-17.39],[16.53,-17.39],[17.84,-17.39],[18.4,-17.4],[18.49,-17.44],[18.72,-17.7],[18.83,-17.77],[19.08,-17.82],[19.38,-17.83],[19.64,-17.87],[19.91,-17.88],[20.19,-17.86],[20.39,-17.89],[20.63,-18],[20.91,-18.01],[21.11,-17.96],[21.42,-18],[22.62,-17.78],[23.38,-17.64],[22.96,-17.29],[22.31,-16.69],[22.15,-16.6],[22.04,-16.26],[21.98,-15.96],[21.98,-14.76],[21.98,-14.12],[21.98,-13],[23.04,-13],[23.84,-13],[23.97,-12.96],[23.88,-12.8],[23.91,-12.64],[23.99,-12.42],[23.96,-12.12],[23.98,-11.72],[23.97,-11.64],[24.05,-11.41],[23.97,-10.87]]],[[[13.07,-4.63],[12.88,-4.45],[12.8,-4.43],[12.64,-4.53],[12.38,-4.62],[12.31,-4.77],[12.2,-4.78],[12.08,-4.95],[11.96,-5.05],[12.11,-5.35],[12.13,-5.46],[12.08,-5.64],[12.15,-5.79],[12.21,-5.76],[12.5,-5.7],[12.52,-5.15],[12.45,-5.07],[12.57,-5],[12.83,-4.74],[13.07,-4.63]]]]},"properties":{"ISO_A2_EH":"AO"}},
{"type":"Feature","geometry":{"type":"Polygon","coordinates":[[[1.71,42.5],[1.71,42.6],[1.5,42.64],[1.43,42.6],[1.49,42.43],[1.71,42.5]]]},"properties":{"ISO_A2_EH":"AD"}},
{"type":"Feature","geometry":{"type":"Polygon","coordinates":[[[8.56,37.01],[8.11,36.98],[7.91,36.93],[7.65,37.06],[7.46,37.13],[7.22,37.16],[7.12,37.12],[7.13,37.02],[6.93,36.99],[6.63,37.07],[6.52,37.17],[6.27,37.11],[6.18,36.99],[6.03,36.93],[5.69,36.87],[5.39,36.74],[5.24,36.74],[5.05,36.87],[4.77,36.97],[3.76,36.97],[3.5,36.87],[2.95,36.86],[2.57,36.67],[2.34,36.68],[1.96,36.64],[1.24,36.59],[0.94,36.51],[0.75,36.42],[0.47,36.33],[0.08,36.11],[-0.02,35.95],[-0.18,35.89],[-0.45,35.93],[-0.96,35.73],[-1.27,35.55],[-1.39,35.42],[-1.72,35.25],[-1.94,35.16],[-2.21,35.18],[-2.22,35.1],[-2.13,34.97],[-1.8,34.75],[-1.85,34.61],[-1.73,34.47],[-1.79,34.37],[-1.71,34.18],[-1.7,33.72],[-1.63,33.57],[-1.68,33.32],[-1.55,33.07],[-1.51,32.88],[-1.35,32.7],[-1.11,32.55],[-1.07,32.47],[-1.24,32.34],[-1.23,32.11],[-1.28,32.09],[-2.45,32.13],[-2.86,32.07],[-2.93,32.04],[-3.02,31.83],[-3.44,31.7],[-3.7,31.7],[-3.83,31.66],[-3.84,31.51],[-3.79,31.36],[-3.83,31.2],[-3.67,31.11],[-3.63,31],[-3.7,30.94],[-3.99,30.91],[-4.32,30.7],[-4.78,30.55],[-4.97,30.47],[-5.18,30.17],[-5.45,29.96],[-5.77,29.87],[-6.21,29.81],[-6.5,29.81],[-6.52,29.66],[-6.64,29.57],[-7.09,29.63],[-7.23,29.57],[-7.49,29.39],[-7.69,29.35],[-8,29.13],[-8.27,28.98],[-8.56,28.77],[-8.66,28.72],[-8.68,28.62],[-8.68,27.66],[-8.68,27.29],[-8.12,26.95],[-7.37,26.51],[-6.24,25.85],[-5.52,25.42],[-4.82,25],[-3.91,24.41],[-3.26,23.98],[-2.28,23.34],[-1.29,22.7],[-0.31,22.05],[0.34,21.63],[1.15,21.1],[1.17,20.82],[1.29,20.71],[1.61,20.56],[1.69,20.38],[1.93,20.27],[2.22,20.25],[2.41,20.06],[2.87,19.96],[3.13,19.85],[3.2,19.79],[3.2,19.56],[3.26,19.41],[3.11,19.15],[3.26,19.01],[3.4,18.99],[4.23,19.14],[4.67,19.23],[5.75,19.43],[5.84,19.48],[6.53,20.07],[6.99,20.47],[7.48,20.87],[8.34,21.38],[9.38,21.99],[10.41,22.6],[10.93,22.91],[11.97,23.52],[11.54,24.29],[11.51,24.31],[10.69,24.55],[10.44,24.48],[10.26,24.59],[10.12,24.79],[10.03,25.05],[10,25.33],[9.45,26.07],[9.44,26.25],[9.49,26.33],[9.86,26.55],[9.89,26.85],[9.84,26.92],[9.75,27.22],[9.75,27.33],[9.92,27.79],[9.86,28.04],[9.82,28.56],[9.84,28.97],[9.82,29.11],[9.67,29.57],[9.55,29.8],[9.31,30.12],[9.52,30.23],[9.36,30.83],[9.04,32.07],[8.33,32.54],[8.3,32.7],[8.21,32.93],[8.08,33.09],[7.76,33.23],[7.5,33.83],[7.51,34.08],[7.75,34.25],[7.84,34.41],[8.12,34.56],[8.25,34.73],[8.28,34.98],[8.39,35.2],[8.32,35.4],[8.32,35.65],[8.25,35.87],[8.35,36.37],[8.23,36.55],[8.37,36.63],[8.44,36.76],[8.6,36.83],[8.56,37.01]]]},"properties":{"ISO_A2_EH":"DZ"}},
{"type":"Feature","geometry":{"type":"Polygon","coordinates":[[[19.31,41.8],[19.48,41.75],[19.34,41.43],[19.38,41.23],[19.37,40.95],[19.24,40.67],[19.33,40.48],[19.24,40.44],[19.32,40.25],[19.42,40.15],[19.78,39.99],[19.85,39.89],[19.98,39.71],[20.21,39.65],[20.38,39.84],[20.31,39.98],[20.46,40.07],[20.66,40.12],[20.81,40.45],[20.95,40.49],[21.03,40.66],[20.96,40.85],[20.87,40.92],[20.74,40.91],[20.66,41.06],[20.49,41.27],[20.45,41.52],[20.52,41.57],[20.51,41.71],[20.57,41.87],[20.58,42.01],[20.49,42.22],[20.24,42.34],[20.06,42.55],[19.79,42.48],[19.74,42.61],[19.65,42.63],[19.4,42.34],[19.28,42.17],[19.36,42.07],[19.31,41.8]]]},"properties":{"ISO_A2_EH":"AL"}},
{"type":"Feature","geometry":{"type":"Polygon","coordinates":[[[66.52,37.35],[66.11,37.41],[65.77,37.57],[65.64,37.47],[65.55,37.25],[65.09,37.24],[64.82,37.13],[64.6,36.55],[64.51,36.34],[64.36,36.23],[64.09,36.11],[64.01,36.01],[63.86,36.01],[63.3,35.86],[63.11,35.82],[63.17,35.68],[63.08,35.57],[63.06,35.45],[62.61,35.23],[62.46,35.25],[62.31,35.17],[62.25,35.25],[61.98,35.44],[61.72,35.42],[61.54,35.46],[61.34,35.63],[61.26,35.62],[61.28,35.51],[61.19,35.31],[61.1,35.27],[61.15,35.09],[61.08,34.86],[60.95,34.65],[60.73,34.52],[60.89,34.32],[60.64,34.31],[60.49,34.09],[60.53,33.84],[60.51,33.64],[60.65,33.56],[60.81,33.56],[60.92,33.51],[60.72,33.32],[60.56,33.14],[60.58,32.99],[60.83,32.25],[60.79,31.99],[60.79,31.66],[60.85,31.48],[61.66,31.38],[61.76,31.29],[61.81,31.07],[61.78,30.83],[60.84,29.86],[61.22,29.75],[62.37,29.43],[62.48,29.41],[63.57,29.5],[63.97,29.43],[64.1,29.39],[64.27,29.51],[64.52,29.56],[65.1,29.56],[66.18,29.84],[66.31,29.97],[66.25,30.04],[66.31,30.32],[66.29,30.61],[66.4,30.91],[66.57,31],[66.73,31.19],[66.92,31.31],[67.29,31.22],[67.45,31.23],[67.74,31.34],[67.58,31.51],[67.74,31.55],[68.02,31.68],[68.21,31.81],[68.44,31.75],[68.6,31.8],[68.78,31.65],[68.87,31.63],[69.08,31.74],[69.28,31.94],[69.24,32.43],[69.41,32.68],[69.5,33.02],[69.7,33.09],[69.92,33.11],[70.26,33.29],[70.28,33.37],[70.06,33.72],[69.87,33.9],[69.89,34.01],[69.99,34.05],[70.42,33.95],[70.85,33.98],[71.05,34.05],[71.09,34.12],[71.1,34.37],[70.97,34.53],[71.29,34.87],[71.46,34.97],[71.62,35.18],[71.55,35.29],[71.6,35.41],[71.43,35.83],[71.34,35.94],[71.19,36.04],[71.23,36.12],[71.62,36.44],[71.82,36.49],[72.1,36.63],[72.16,36.7],[72.62,36.83],[73.12,36.87],[73.77,36.89],[74,36.82],[74.54,37.02],[74.37,37.16],[74.73,37.29],[74.89,37.23],[74.66,37.39],[74.52,37.38],[74.26,37.42],[74.17,37.33],[73.75,37.23],[73.72,37.42],[73.48,37.47],[73.21,37.41],[72.9,37.27],[72.76,37.17],[72.66,37.03],[72.36,36.98],[72.15,36.9],[71.8,36.69],[71.6,36.73],[71.53,36.85],[71.43,37.13],[71.51,37.6],[71.58,37.86],[71.55,37.93],[71.28,37.92],[71.33,38.17],[71.26,38.31],[71.05,38.42],[70.88,38.46],[70.74,38.42],[70.62,38.33],[70.42,38.08],[70.21,37.92],[70.25,37.66],[70.19,37.58],[70.04,37.55],[69.94,37.6],[69.63,37.59],[69.49,37.55],[69.4,37.4],[69.41,37.21],[69.26,37.11],[68.96,37.33],[68.78,37.26],[68.67,37.26],[68.39,37.14],[68.07,36.95],[67.96,36.97],[67.76,37.17],[67.7,37.23],[67.52,37.27],[67.32,37.21],[67.2,37.24],[67.07,37.33],[66.83,37.37],[66.52,37.35]]]},"properties":{"ISO_A2_EH":"AF"}},
{"type":"Feature","geometry":{"type":"Polygon","coordinates":[[[77.05,35.11],[77.8,35.5],[77.45,35.48],[77.09,35.55],[76.77,35.66],[77.05,35.11]]]},"properties":{"ISO_A2_EH":"-99"}},
{"type":"Feature","geometry":{"type":"MultiPolygon","coordinates":[[[[-45.07,-60.63],[-45.44,-60.48],[-45.73,-60.45],[-46,-60.46],[-46.1,-60.56],[-45.99,-60.69],[-45.45,-60.72],[-45.26,-60.79],[-45.07,-60.78],[-45.07,-60.63]]],[[[-90.57,-68.64],[-90.78,-68.66],[-90.85,-68.77],[-90.7,-68.87],[-90.42,-68.86],[-90.31,-68.77],[-90.57,-68.64]]],[[[33.68,-68.61],[33.04,-68.62],[32.62,-68.74],[32.45,-68.85],[32.36,-69.08],[32.71,-69.4],[32.78,-69.62],[32.61,-69.88],[32.05,-70.04],[31.33,-70.15],[31.03,-70.15],[29.93,-70.23],[29.32,-70.35],[28.78,-70.52],[28.29,-70.62],[27.59,-70.71],[27.08,-70.85],[26.43,-70.95],[26.01,-70.96],[25.26,-70.9],[24.9,-70.84],[24.6,-70.69],[24.6,-70.52],[24.39,-70.39],[24.09,-70.34],[23.68,-70.34],[23.24,-70.68],[22.99,-70.73],[22.47,-70.65],[22.62,-70.58],[22.57,-70.45],[22.11,-70.25],[21.63,-70.19],[21.13,-70.47],[20.89,-70.78],[20.12,-70.84],[19.42,-70.84],[19.25,-70.67],[19.42,-70.27],[19.13,-70.15],[18.82,-70.12],[18.25,-70.23],[18.07,-70.46],[16.89,-70.34],[16.78,-70.17],[16.42,-70.06],[16.51,-69.88],[16.83,-69.76],[16.7,-69.66],[16.24,-69.63],[15.83,-69.66],[15.55,-69.72],[15.35,-69.86],[15.43,-69.98],[15.73,-70.04],[15.88,-70.14],[15.68,-70.26],[15.09,-70.22],[14.47,-70.23],[13.86,-70.27],[13.47,-70.18],[13.17,-69.99],[12.49,-70.01],[12.4,-70.15],[12.63,-70.21],[12.11,-70.41],[11.66,-70.69],[11.08,-70.63],[10.35,-70.45],[9.76,-70.22],[9.08,-70.11],[8.65,-70.34],[8.37,-70.39],[7.62,-70.29],[7.27,-70.43],[6.45,-70.52],[5.05,-70.59],[3.45,-70.77],[2.54,-70.83],[1.79,-70.94],[0.71,-71.14],[-0.03,-71.35],[-0.51,-71.6],[-0.67,-71.33],[-1,-71.2],[-1.39,-71.23],[-1.53,-71.34],[-1.94,-71.36],[-2.14,-71.29],[-2.57,-71.25],[-2.19,-71.09],[-1.92,-70.89],[-1.9,-70.79],[-2.35,-70.73],[-2.64,-70.63],[-3.02,-70.6],[-3.66,-70.61],[-3.79,-70.71],[-3.63,-70.79],[-3.19,-70.9],[-3.18,-70.98],[-3.58,-71.02],[-3.63,-71.13],[-3.49,-71.25],[-3.68,-71.3],[-4.43,-71.26],[-5.9,-71.27],[-5.87,-71.18],[-5.51,-71],[-5.36,-70.86],[-5.66,-70.59],[-5.74,-70.41],[-6.08,-70.32],[-6.65,-70.44],[-6.24,-70.68],[-6.64,-70.75],[-6.97,-70.77],[-7.4,-70.71],[-7.88,-70.78],[-8.1,-70.95],[-7.84,-71.14],[-7.94,-71.52],[-8.48,-71.6],[-8.74,-71.35],[-9.04,-71.13],[-9.73,-70.98],[-9.99,-70.85],[-10.4,-70.87],[-10.59,-70.97],[-10.52,-71.07],[-10.3,-71.11],[-10.73,-71.26],[-10.99,-71.43],[-11.53,-71.27],[-11.89,-71.21],[-12.17,-71.23],[-12.59,-71.37],[-12.34,-71.66],[-11.81,-71.78],[-11.19,-71.89],[-11.68,-72.36],[-12.23,-72.44],[-12.92,-72.58],[-13.32,-72.72],[-14.25,-72.66],[-14.45,-72.68],[-14.54,-72.81],[-14.26,-73],[-14.34,-73.04],[-14.99,-72.97],[-15.72,-73.03],[-16.01,-73.11],[-16.36,-73.3],[-16.67,-73.39],[-16.78,-73.67],[-16.33,-73.77],[-16.57,-73.85],[-16.42,-73.98],[-15.73,-74.02],[-14.89,-73.95],[-15.72,-74.32],[-16.38,-74.25],[-17.44,-74.27],[-17.67,-74.34],[-18.2,-74.69],[-18.46,-74.94],[-18.76,-75.01],[-19.04,-75.25],[-18.93,-75.4],[-19.53,-75.47],[-20.61,-75.41],[-20.99,-75.54],[-21.51,-75.61],[-22.47,-75.59],[-23.27,-75.65],[-24.36,-75.7],[-26.23,-75.9],[-27.3,-76.1],[-28.2,-76.19],[-29.14,-76.32],[-30.47,-76.61],[-30.74,-76.72],[-31.95,-77],[-32.19,-77.08],[-32.75,-77.07],[-33.8,-77.26],[-34.36,-77.39],[-34.87,-77.7],[-35.34,-77.78],[-35.85,-78.03],[-36.54,-78.47],[-36.6,-78.81],[-35.74,-78.99],[-36.07,-79.1],[-36.85,-79.16],[-36.94,-79.32],[-36.59,-79.36],[-34.1,-79.43],[-33.53,-79.34],[-31.31,-79.21],[-30.66,-79.21],[-30.6,-79.5],[-30.11,-79.67],[-24.57,-79.85],[-23.9,-79.9],[-24.47,-79.99],[-29.44,-80.1],[-30.58,-80.21],[-31.35,-80.25],[-31.61,-80.37],[-32.43,-80.39],[-34.49,-80.54],[-35.68,-80.59],[-36.34,-80.84],[-37.1,-80.91],[-37.7,-80.9],[-38.82,-80.81],[-40.17,-80.99],[-40.68,-81.1],[-41.16,-81.1],[-41.88,-81.27],[-42.51,-81.57],[-43.06,-81.75],[-44.15,-82.24],[-45.95,-82.42],[-45.51,-82.17],[-45.76,-81.93],[-46.24,-81.88],[-47.14,-81.93],[-48.32,-81.81],[-50.8,-81.91],[-52.86,-82.08],[-53.5,-82.07],[-54.36,-82.15],[-55.63,-82.4],[-56.21,-82.42],[-56.81,-82.6],[-57.93,-82.82],[-59.87,-83.37],[-60.96,-83.33],[-60.62,-82.99],[-61.43,-82.87],[-62.14,-82.56],[-60.41,-82.33],[-60.02,-82.18],[-60.99,-82.11],[-62.03,-82.2],[-63.96,-82.23],[-64.58,-82.3],[-65.38,-82.18],[-65.35,-81.97],[-63.72,-81.91],[-63.53,-81.74],[-62.36,-81.75],[-61.68,-81.65],[-62.28,-81.49],[-64.6,-81.45],[-65.3,-81.4],[-67.58,-81.1],[-67.88,-80.97],[-68.5,-80.88],[-69.15,-80.93],[-69.81,-80.83],[-70.16,-80.61],[-71.15,-80.54],[-72.51,-80.71],[-73.14,-80.83],[-73.81,-80.74],[-74.75,-80.77],[-75.28,-80.37],[-76.02,-80.07],[-76.27,-80.03],[-75.63,-79.64],[-75.86,-79.35],[-76.31,-79.26],[-79.39,-79.23],[-80.2,-79.19],[-80.84,-79.28],[-81.33,-79.06],[-82.96,-78.73],[-83.38,-78.48],[-82.94,-78.44],[-82.15,-78.62],[-80.4,-78.9],[-79.71,-78.89],[-78.64,-78.82],[-77.68,-78.82],[-77.2,-78.69],[-77.06,-78.4],[-77.61,-78.3],[-80.83,-77.89],[-80.55,-77.83],[-79.78,-77.91],[-77.84,-78.01],[-76.58,-78.11],[-75.5,-78.23],[-74.77,-78.25],[-73.83,-78.17],[-72.95,-77.93],[-72.55,-77.71],[-72.57,-77.55],[-73.37,-77.47],[-74.53,-77.41],[-75.25,-77.4],[-75.98,-77.23],[-76.87,-76.81],[-76.95,-76.69],[-76.23,-76.66],[-75.3,-76.65],[-73.9,-76.77],[-72.78,-76.76],[-71.83,-76.83],[-70.43,-76.79],[-69.83,-76.7],[-69.64,-76.56],[-69.11,-76.41],[-67.39,-76.18],[-66.25,-76.08],[-65.17,-75.88],[-64.9,-75.85],[-63.87,-75.64],[-63.14,-75.5],[-62.95,-75.41],[-63.06,-75.3],[-62.87,-75.11],[-63.11,-74.98],[-62.81,-74.93],[-62.43,-75.02],[-61.97,-74.99],[-61.67,-74.9],[-61.58,-74.78],[-61.69,-74.59],[-60.81,-74.54],[-60.42,-74.32],[-60.97,-74],[-60.66,-73.9],[-60.53,-73.71],[-60.64,-73.58],[-61.19,-73.39],[-60.79,-73.39],[-60.48,-73.31],[-60.02,-73.34],[-59.77,-73.21],[-59.71,-73.03],[-59.85,-72.88],[-60.29,-72.82],[-60.29,-72.63],[-61,-72.54],[-60.53,-72.48],[-60.42,-72.37],[-60.49,-72.03],[-61.04,-71.98],[-61.23,-72.03],[-61.57,-71.93],[-60.86,-71.88],[-60.71,-71.75],[-60.9,-71.54],[-61.19,-71.5],[-60.8,-71.37],[-60.8,-71.15],[-60.4,-71.12],[-60.29,-71],[-60.48,-70.85],[-61.15,-70.82],[-61.52,-70.72],[-61.27,-70.59],[-61.36,-70.44],[-61.92,-70.42],[-61.94,-70.35],[-61.72,-70.21],[-61.76,-70.09],[-62.02,-69.99],[-62.2,-69.81],[-61.83,-69.78],[-61.58,-69.44],[-61.62,-69.35],[-61.96,-69.17],[-62.43,-69.07],[-62.79,-69.17],[-62.83,-69.28],[-63.26,-69.02],[-63.12,-68.8],[-63.56,-68.64],[-63.26,-68.56],[-62.89,-68.55],[-62.75,-68.42],[-63.24,-68.35],[-63.87,-68.4],[-64.37,-68.55],[-64.35,-68.68],[-65.01,-68.57],[-64.8,-68.4],[-65,-68.3],[-64.63,-68.14],[-64.81,-67.99],[-65.26,-68.03],[-65.41,-67.86],[-65.22,-67.67],[-65.3,-67.42],[-64.67,-67.35],[-64.69,-67.04],[-64.57,-66.92],[-64.07,-67],[-63.74,-66.98],[-63.57,-66.9],[-63.65,-66.72],[-63.85,-66.64],[-63.62,-66.46],[-63.34,-66.39],[-62.85,-66.73],[-62.7,-66.78],[-62.41,-66.76],[-62.36,-66.6],[-62.55,-66.3],[-62.24,-66.27],[-62.04,-66.33],[-62.01,-66.44],[-61.7,-66.5],[-61.4,-66.28],[-61,-66.41],[-60.77,-66.29],[-60.72,-66.18],[-60.37,-65.98],[-60.51,-65.86],[-60.94,-65.84],[-61.39,-65.92],[-61.48,-65.99],[-61.91,-66.04],[-62.13,-65.86],[-61.88,-65.65],[-61.6,-65.6],[-61.66,-65.46],[-61.9,-65.42],[-61.93,-65.31],[-61.58,-65.31],[-61.31,-65.1],[-60.96,-65.04],[-60.43,-64.73],[-59.92,-64.51],[-59.89,-64.6],[-59.61,-64.65],[-59.4,-64.54],[-59.14,-64.52],[-58.94,-64.61],[-58.65,-64.56],[-58.64,-64.31],[-58.47,-64.3],[-58.3,-64.44],[-57.93,-64.48],[-57.61,-64.42],[-57.59,-64.58],[-57.37,-64.64],[-57.17,-64.64],[-56.86,-64.51],[-56.74,-64.31],[-57.1,-64.29],[-57.07,-64.07],[-57.32,-63.98],[-56.94,-63.85],[-57.1,-63.74],[-57.77,-63.72],[-57.32,-63.57],[-57.21,-63.7],[-56.75,-63.69],[-56.59,-63.56],[-56.79,-63.47],[-56.93,-63.22],[-57.11,-63.16],[-57.42,-63.15],[-57.96,-63.26],[-58.3,-63.39],[-58.97,-63.49],[-59.15,-63.62],[-59.6,-63.76],[-60.03,-63.84],[-60.33,-63.85],[-60.51,-63.79],[-60.41,-63.67],[-60.76,-63.6],[-60.96,-63.69],[-61.13,-63.86],[-60.93,-63.96],[-61.07,-64.14],[-61.29,-64.31],[-61.52,-64.38],[-61.71,-64.54],[-61.97,-64.56],[-62.22,-64.66],[-62.33,-64.58],[-62.64,-64.6],[-62.75,-64.75],[-62.93,-64.67],[-62.67,-64.59],[-62.3,-64.53],[-62.03,-64.41],[-61.9,-64.15],[-61.64,-63.95],[-61.72,-63.9],[-62.51,-63.94],[-62.78,-64.12],[-62.66,-64.22],[-62.93,-64.46],[-63.05,-64.31],[-63.25,-64.2],[-63.52,-64.19],[-63.86,-64.31],[-64.06,-64.47],[-64.3,-64.53],[-64.42,-64.73],[-63.9,-64.85],[-63.79,-64.95],[-64.2,-65.15],[-64.22,-65.45],[-64.31,-65.56],[-64.58,-65.6],[-64.85,-65.81],[-65.43,-65.97],[-65.4,-66.06],[-65.75,-66.07],[-65.95,-66.27],[-65.86,-66.42],[-65.91,-66.57],[-66.13,-66.52],[-66.5,-66.56],[-66.68,-66.66],[-66.65,-66.87],[-66.72,-66.97],[-67.06,-66.86],[-67.19,-66.7],[-67.58,-66.58],[-67.88,-66.55],[-68.48,-66.76],[-68.99,-67.2],[-69.25,-67.37],[-69.33,-67.52],[-69.27,-67.63],[-69.04,-67.8],[-68.82,-67.83],[-68.35,-67.75],[-68.18,-67.64],[-67.96,-67.63],[-67.85,-67.8],[-67.56,-67.86],[-67.23,-67.83],[-67.35,-68.04],[-67.03,-68.24],[-67.41,-68.71],[-67.61,-68.87],[-67.21,-69.06],[-67.18,-69.15],[-67.52,-69.33],[-68.15,-69.27],[-68.55,-69.32],[-68.89,-69.4],[-68.83,-69.55],[-68.67,-69.67],[-68.61,-70.04],[-68.09,-70.45],[-67.9,-70.7],[-67.73,-71.06],[-67.75,-71.29],[-67.68,-71.55],[-67.17,-71.92],[-67.07,-72.09],[-67.53,-72.58],[-67.87,-72.79],[-68.16,-72.88],[-68.95,-73.04],[-70.37,-73.2],[-71.09,-73.19],[-71.53,-73.28],[-72.1,-73.31],[-72.46,-73.37],[-73.02,-73.37],[-74.08,-73.63],[-74.09,-73.45],[-73.7,-73.41],[-73.49,-73.33],[-73.31,-73.1],[-73.96,-73],[-74.15,-72.87],[-74.37,-72.83],[-75.41,-72.74],[-75.96,-72.85],[-75.93,-72.94],[-76.35,-73.14],[-76.22,-73.32],[-75.38,-73.56],[-75.72,-73.65],[-76.35,-73.73],[-76.74,-73.72],[-76.5,-73.58],[-76.74,-73.4],[-77.46,-73.42],[-78.37,-73.48],[-78.57,-73.46],[-78.73,-73.28],[-79.34,-73.04],[-79.7,-72.96],[-80.45,-72.87],[-80.82,-72.94],[-80.96,-73.15],[-81.37,-73.19],[-81.51,-73.3],[-81.42,-73.62],[-81.52,-73.69],[-82.15,-73.78],[-82.99,-73.64],[-83.46,-73.63],[-84.12,-73.5],[-84.83,-73.44],[-85.37,-73.22],[-85.73,-73.11],[-86.11,-73.14],[-86.71,-73.29],[-86.89,-73.29],[-87.27,-73.12],[-87.96,-73.16],[-88.3,-73.12],[-87.95,-72.88],[-87.95,-72.75],[-88.41,-72.64],[-88.76,-72.61],[-89.29,-72.64],[-89.46,-72.8],[-89.94,-72.79],[-90.51,-72.94],[-90.58,-72.58],[-90.82,-72.49],[-91.35,-72.47],[-91.79,-72.54],[-91.93,-72.61],[-91.61,-72.9],[-91.75,-73.16],[-92.18,-73.11],[-92.84,-73.09],[-93.82,-73.15],[-94.21,-73.23],[-94.5,-73.18],[-95.23,-73.15],[-95.96,-73.23],[-96.33,-73.23],[-97.88,-72.97],[-98.18,-72.95],[-99.84,-72.93],[-100.26,-72.97],[-100.78,-72.91],[-101.7,-72.96],[-102.12,-72.92],[-102.01,-72.84],[-102.16,-72.71],[-102.39,-72.67],[-103.25,-72.65],[-103.63,-72.79],[-103.3,-73.22],[-103.1,-73.34],[-102.73,-73.39],[-101.2,-73.39],[-100.51,-73.42],[-99.68,-73.55],[-99.88,-73.65],[-100.92,-73.69],[-101.18,-73.63],[-101.97,-73.56],[-102.43,-73.54],[-102.99,-73.6],[-103.12,-73.79],[-102.98,-73.94],[-102.22,-74.02],[-101.83,-74.12],[-101.48,-74.54],[-100.92,-74.61],[-100.36,-74.56],[-100.29,-74.65],[-100.75,-74.87],[-100.22,-75.01],[-99.83,-75.01],[-98.99,-75.25],[-99.57,-75.23],[-100.12,-75.3],[-100.53,-75.28],[-101.08,-75.32],[-101.53,-75.07],[-103.49,-75.03],[-104.58,-75.08],[-104.91,-75.03],[-105.54,-75.13],[-106.62,-75.27],[-106.91,-75.23],[-107.71,-75.25],[-108.13,-75.19],[-109.26,-75.11],[-111.08,-75.12],[-110.31,-74.88],[-110.04,-74.73],[-109.96,-74.54],[-110.05,-74.34],[-110.37,-74.23],[-111.09,-74.11],[-111.72,-74.11],[-112.09,-74.26],[-111.97,-74.49],[-112.07,-74.57],[-111.91,-74.73],[-113.72,-74.87],[-113.64,-74.68],[-113.02,-74.46],[-113.48,-74.33],[-113.22,-74.17],[-113.26,-74.05],[-114.22,-73.86],[-114.72,-73.84],[-115.04,-73.97],[-115.35,-74.41],[-116.44,-74.37],[-117.04,-74.4],[-117.74,-74.33],[-118.76,-74.32],[-119.23,-74.47],[-119.76,-74.59],[-121.58,-74.68],[-123.85,-74.7],[-124.26,-74.66],[-125.36,-74.64],[-126.36,-74.67],[-127,-74.63],[-126.86,-74.48],[-127.03,-74.37],[-128.07,-74.23],[-128.41,-74.29],[-128.36,-74.49],[-127.93,-74.65],[-129.85,-74.82],[-130.79,-74.76],[-131.63,-74.74],[-132.02,-74.69],[-133.06,-74.74],[-133.53,-74.78],[-134.01,-74.76],[-134.74,-74.62],[-135.41,-74.62],[-136.21,-74.71],[-136.48,-74.8],[-136.79,-75.09],[-137.57,-75],[-139.24,-75.09],[-139.87,-75.15],[-140.5,-75.36],[-141.49,-75.52],[-142.28,-75.41],[-143.72,-75.5],[-144.42,-75.68],[-145.18,-75.81],[-146.16,-75.82],[-146.72,-76.04],[-147.41,-75.98],[-147.72,-76.07],[-148.34,-76.03],[-148.64,-76.06],[-149.08,-76.21],[-149.81,-76.3],[-149.96,-76.36],[-149.5,-76.48],[-148.62,-76.57],[-148.3,-76.56],[-147.89,-76.72],[-147.44,-76.73],[-147.42,-77.03],[-146.99,-77.09],[-146.51,-77.03],[-145.9,-77.18],[-146.14,-77.25],[-146.18,-77.41],[-146.82,-77.19],[-147.55,-77.25],[-148.23,-77.06],[-148.3,-76.9],[-147.97,-76.77],[-148.16,-76.69],[-148.63,-76.65],[-150.02,-76.61],[-151.07,-76.65],[-151.21,-76.74],[-150.89,-76.89],[-151.16,-76.98],[-150.63,-77.14],[-149.84,-77.2],[-149.99,-77.29],[-149.62,-77.44],[-148.6,-77.5],[-150.07,-77.68],[-150.69,-77.53],[-151.56,-77.36],[-151.98,-77.34],[-153.05,-77.37],[-153.71,-77.17],[-154.71,-77.06],[-156.34,-77.04],[-156.85,-77.15],[-157.26,-77.17],[-157.73,-77.01],[-158.2,-77.03],[-158.53,-77.13],[-158.56,-77.49],[-158.84,-77.78],[-158.58,-77.99],[-157.4,-78.27],[-155.42,-78.26],[-154.93,-78.34],[-156.13,-78.45],[-156.9,-78.63],[-155.44,-79.02],[-154.67,-79.11],[-153.6,-79.19],[-152.66,-79.21],[-151.31,-79.51],[-150.68,-79.61],[-149.24,-79.72],[-148.68,-79.79],[-148.83,-80.04],[-149.63,-80.03],[-150.52,-80.1],[-150.84,-80.19],[-151.01,-80.36],[-150.42,-80.57],[-149.65,-80.65],[-149.55,-80.76],[-148.63,-80.84],[-152.12,-80.96],[-156.07,-81.07],[-156.83,-81.1],[-157.49,-81.34],[-156.67,-81.45],[-155.2,-81.57],[-154.48,-81.71],[-155.3,-81.94],[-154.36,-82.21],[-153.6,-82.45],[-154.27,-82.63],[-155.69,-82.83],[-155.95,-82.93],[-157.91,-83.05],[-158.32,-83.11],[-158.13,-83.33],[-159.42,-83.45],[-160.63,-83.42],[-161.79,-83.44],[-162.43,-83.3],[-163.08,-83.26],[-164.35,-83.25],[-165.32,-83.15],[-166.18,-83.13],[-168.37,-83.13],[-168.95,-83.05],[-171.68,-82.76],[-172.99,-82.83],[-173.87,-82.74],[-174.69,-82.75],[-174.57,-82.94],[-169.67,-83.5],[-168.32,-83.84],[-167.71,-83.89],[-165.45,-83.86],[-164.75,-83.97],[-165.28,-84.08],[-165.34,-84.3],[-166.03,-84.38],[-165.27,-84.5],[-164.07,-84.59],[-158.39,-84.85],[-157.52,-85.08],[-160.2,-84.93],[-162.72,-84.83],[-166.9,-84.74],[-168.22,-84.62],[-171.33,-84.48],[-178.26,-84.26],[-180,-84.28],[-180,-90],[180,-90],[180,-84.16],[178.02,-84.02],[176.18,-83.91],[175.48,-83.78],[174.33,-83.75],[173.22,-83.6],[172.36,-83.59],[171.84,-83.45],[170.74,-83.35],[168.69,-83.29],[169.24,-83.06],[168.73,-82.94],[167.94,-82.91],[167.35,-82.7],[166.88,-82.68],[165.47,-82.35],[164.25,-82.22],[164.12,-82.1],[163.36,-81.9],[163.32,-81.83],[162.42,-81.61],[161.9,-81.54],[161.32,-81.35],[161.18,-81.22],[161.17,-80.91],[160.81,-80.83],[161.28,-80.75],[160.97,-80.58],[161.09,-80.43],[160.77,-80.35],[159.09,-80.34],[160.7,-80.1],[160.97,-79.91],[160.54,-79.81],[160.75,-79.7],[160.58,-79.58],[161.03,-79.45],[160.88,-79.21],[161.19,-79.09],[162.09,-79.13],[162.6,-78.97],[164.73,-78.67],[165.92,-78.65],[166.39,-78.76],[167.26,-78.74],[167.5,-78.61],[167.28,-78.46],[166.37,-78.38],[167.04,-78.3],[167.5,-78.33],[167.99,-78.15],[167.93,-78],[167.54,-77.92],[167.12,-77.97],[166.81,-78.09],[166.11,-78.01],[165.87,-78.03],[164.84,-77.95],[164.66,-77.83],[164.07,-77.67],[163.94,-77.38],[163.32,-76.97],[162.78,-76.93],[163.08,-76.76],[162.99,-76.57],[163.14,-76.47],[162.93,-76.08],[163.12,-75.84],[162.97,-75.74],[163.24,-75.55],[162.95,-75.47],[162.47,-75.43],[162.03,-75.34],[162.56,-75.3],[162.8,-75.19],[162.88,-74.84],[163.17,-74.7],[163.47,-74.68],[163.5,-74.83],[163.7,-74.9],[164.14,-74.89],[164.47,-74.62],[165.37,-74.66],[165.68,-74.58],[165.5,-74.39],[165.08,-74.06],[165.25,-73.95],[165.79,-73.95],[166.39,-73.74],[166.22,-73.62],[167.1,-73.62],[167.41,-73.52],[167.63,-73.52],[167.96,-73.41],[167.86,-73.19],[168.32,-73.2],[168.59,-73.16],[169.02,-73.27],[169.76,-73.09],[170.09,-72.81],[170.04,-72.67],[170.42,-72.61],[170.53,-72.49],[170.43,-72.32],[170.22,-72.31],[170.39,-72.02],[170.77,-72.03],[171.1,-71.88],[171.01,-71.73],[170.65,-71.4],[170.53,-71.35],[170.06,-71.4],[170.04,-71.51],[168.94,-71.22],[168.16,-71.06],[168,-70.89],[167.72,-70.75],[166.7,-70.6],[165.88,-70.57],[165.26,-70.5],[164.77,-70.49],[164.36,-70.43],[163.91,-70.57],[163.47,-70.56],[162.76,-70.24],[162.08,-70.27],[161.81,-70.42],[161.83,-70.64],[161.96,-70.83],[161.63,-70.8],[161.25,-70.3],[160.81,-70.03],[160.4,-69.93],[160.33,-69.71],[159.94,-69.47],[159.47,-69.4],[158.27,-69.15],[157.93,-69.1],[157.47,-69.21],[157.12,-69.1],[156.54,-69.11],[156.1,-69.01],[155.63,-68.96],[155.14,-68.79],[154.36,-68.38],[153.91,-68.24],[153.59,-68.31],[153.54,-68.68],[153.12,-68.77],[152.59,-68.66],[151.46,-68.62],[151.26,-68.34],[150.94,-68.28],[150.33,-68.36],[149.71,-68.35],[148.86,-68.36],[148.46,-68.39],[147.59,-68.3],[147.18,-68.3],[147.03,-68.25],[147.09,-68.12],[147.01,-67.93],[146.08,-67.56],[145.56,-67.52],[145.03,-67.56],[144.77,-67.66],[144.28,-67.74],[144.44,-67.5],[144.69,-67.31],[144.81,-67.14],[144.7,-66.98],[144.04,-66.91],[143.82,-66.8],[143.39,-66.8],[142.71,-66.94],[142.44,-66.89],[142.05,-66.74],[141.49,-66.72],[141.3,-66.75],[140.96,-66.68],[139.96,-66.65],[139.29,-66.5],[138.34,-66.47],[138.24,-66.48],[137.84,-66.34],[137.37,-66.28],[136.81,-66.27],[136.6,-66.35],[136.29,-66.23],[135.32,-66.06],[134.86,-66.27],[134.43,-66.38],[134.34,-66.24],[133.95,-66.09],[133.47,-66.01],[133.08,-66.03],[132.82,-66.1],[132.29,-66.09],[131.81,-66.16],[130.96,-66.12],[130.52,-66.14],[130.03,-66.23],[129.58,-66.44],[129.09,-66.99],[128.46,-67.04],[128,-66.95],[127.6,-66.98],[127.04,-66.72],[126.81,-66.44],[125.87,-66.29],[125.27,-66.37],[124.97,-66.59],[124.64,-66.63],[124.25,-66.53],[123.91,-66.54],[123.17,-66.68],[122.1,-66.79],[121.41,-67.02],[120.91,-67.07],[120.34,-67.17],[119.38,-67.26],[120.46,-67.05],[120.55,-66.96],[120.33,-66.89],[119.71,-66.92],[118.9,-67.08],[118.58,-67.09],[118.18,-67.01],[117.71,-67.05],[117.19,-67.04],[116.99,-66.99],[116.66,-66.97],[116.42,-67.04],[115.83,-67.13],[115.3,-67.17],[115.07,-67.25],[114.62,-67.32],[114.11,-67.35],[114.15,-67.26],[114.64,-67.18],[115.37,-67.09],[115.6,-67],[115.84,-66.77],[115.45,-66.51],[115.16,-66.43],[114.7,-66.4],[114.48,-66.32],[114.11,-66.03],[113.83,-65.87],[113.12,-65.72],[112.5,-65.78],[111.39,-65.89],[110.78,-66.02],[110.4,-66.3],[110.44,-66.5],[109.72,-66.77],[109.44,-66.83],[108.97,-66.79],[108.5,-66.71],[108.2,-66.57],[107.9,-66.6],[107.81,-66.53],[107.23,-66.4],[106.44,-66.34],[105.06,-66.1],[104.73,-66.07],[104.37,-65.97],[103.98,-65.92],[103.66,-65.92],[103.23,-65.85],[102.65,-65.79],[102.15,-65.88],[101.43,-65.88],[101.25,-65.92],[101.15,-66.08],[100.77,-66.3],[100.14,-66.41],[99.31,-66.58],[98.97,-66.59],[99.13,-66.41],[98.78,-66.29],[98.24,-66.39],[97.68,-66.53],[97.12,-66.42],[96.38,-66.53],[95.58,-66.56],[95.16,-66.46],[94.83,-66.43],[94.48,-66.48],[94,-66.62],[93.41,-66.52],[93.05,-66.5],[92.71,-66.55],[92.1,-66.43],[91.5,-66.5],[90.95,-66.53],[90.46,-66.67],[89.68,-66.75],[88.78,-66.72],[88.32,-66.74],[87.96,-66.71],[86.98,-66.88],[86.69,-66.97],[86.05,-66.98],[85.65,-67.09],[84.75,-67.03],[84.4,-67.05],[84.05,-67.18],[83.8,-67.23],[83.33,-67.4],[83.18,-67.54],[82.55,-67.54],[82.22,-67.62],[81.98,-67.62],[81.12,-67.76],[80.27,-67.88],[79.19,-68.06],[78.57,-68.23],[78.37,-68.38],[78.3,-68.6],[77.83,-68.87],[77.65,-69.03],[77.43,-69.11],[77.09,-69.14],[76.28,-69.42],[76.02,-69.41],[75.7,-69.55],[75.62,-69.7],[75.4,-69.81],[75.18,-69.78],[74.62,-69.81],[73.92,-69.67],[73.58,-69.76],[73.19,-69.78],[72.62,-70.06],[72.54,-70.38],[72.29,-70.52],[71.87,-70.2],[71.53,-70.24],[71.43,-70.32],[71.45,-70.52],[71.69,-70.68],[71.24,-71.15],[71.06,-71.59],[70.89,-71.69],[70.4,-71.8],[70.35,-71.9],[69.73,-71.82],[69.45,-71.97],[69.73,-72.11],[69.38,-72.32],[68.26,-72.46],[67.89,-72.62],[67.72,-72.74],[67.73,-73.06],[67.29,-73.21],[66.76,-73.14],[67.12,-72.98],[67.33,-72.68],[67.66,-72.02],[68.24,-71.43],[68.81,-71.22],[69.07,-71.07],[69.4,-70.72],[69.47,-70.43],[69.33,-70.27],[68.99,-70.25],[68.49,-70.34],[68.03,-70.35],[67.57,-70.24],[68.2,-69.94],[68.74,-69.99],[69.27,-69.91],[69.4,-69.65],[69.13,-69.41],[69.71,-69.34],[69.84,-69.25],[69.74,-69.03],[69.87,-68.93],[69.73,-68.76],[70.1,-68.57],[70.19,-68.46],[69.8,-68.03],[69.85,-67.86],[69.71,-67.71],[69.38,-67.66],[69.07,-67.76],[68.35,-67.82],[67.21,-67.7],[66.5,-67.69],[64.63,-67.55],[63.71,-67.44],[63.19,-67.46],[62.66,-67.57],[62.22,-67.51],[61.35,-67.47],[60.53,-67.31],[59.8,-67.33],[59.33,-67.41],[58.86,-67.17],[57.63,-66.94],[57.33,-66.98],[56.55,-67.01],[56.8,-66.79],[57.08,-66.77],[57.37,-66.62],[57.15,-66.43],[56.95,-66.36],[56.46,-66.31],[55.84,-66.03],[55.36,-65.89],[54.98,-65.85],[53.66,-65.79],[52.92,-65.87],[52.35,-65.9],[51.81,-65.95],[50.85,-66.25],[50.5,-66.29],[50.17,-66.41],[50.06,-66.6],[50.14,-66.79],[50.33,-66.85],[50.4,-67.11],[50.06,-67.1],[49.32,-66.87],[48.77,-66.87],[48.29,-67.02],[48.44,-67.21],[48.65,-67.3],[48.9,-67.31],[48.45,-67.49],[48.43,-67.63],[47.94,-67.58],[47.55,-67.65],[47.33,-67.56],[47.59,-67.42],[47.48,-67.29],[47.22,-67.29],[46.95,-67.2],[46.49,-67.19],[46.13,-67.39],[46.11,-67.59],[45.83,-67.59],[45.52,-67.66],[45.16,-67.66],[44.87,-67.71],[44.58,-67.85],[43.52,-67.97],[43.12,-67.99],[42.68,-68.07],[42.28,-68.29],[41.25,-68.45],[40.71,-68.66],[40.41,-68.67],[39.88,-68.82],[39.67,-68.94],[39.5,-69.41],[39.3,-69.58],[38.64,-69.99],[38.31,-69.78],[37.87,-69.66],[37.52,-69.64],[37.13,-69.72],[36.85,-69.59],[36.62,-69.57],[35.41,-69.6],[35.33,-69.47],[34.93,-69.14],[34.69,-69.02],[34.06,-69.04],[34.42,-68.81],[34.34,-68.65],[33.68,-68.61]],[[-145.99,-76.83],[-146.76,-76.77],[-146.52,-76.67],[-145.99,-76.83]]],[[[-44.21,-78.02],[-45.32,-77.82],[-46.16,-77.74],[-46.82,-77.71],[-47.86,-77.78],[-49.39,-78.01],[-49.68,-78.2],[-50.58,-78.59],[-50.87,-78.92],[-51.1,-79.31],[-50.69,-79.43],[-51.03,-79.6],[-52.27,-80],[-52.92,-80.06],[-53.67,-80.05],[-54.45,-80.46],[-54.78,-80.55],[-54.79,-80.77],[-54.33,-80.95],[-49.45,-80.85],[-48.97,-80.71],[-43.23,-80.25],[-43.08,-80.04],[-42.67,-79.91],[-42.57,-79.47],[-43.28,-78.82],[-43.65,-78.66],[-43.42,-78.39],[-43.46,-78.27],[-44.21,-78.02]]],[[[-67.11,-80.25],[-67.13,-80.35],[-66.48,-80.49],[-64.57,-80.8],[-64.19,-80.82],[-63.47,-80.68],[-62.98,-80.89],[-62.17,-80.96],[-60.43,-81.02],[-59.9,-80.92],[-59.39,-80.75],[-59.31,-80.36],[-58.97,-80.24],[-59.01,-80.13],[-59.37,-80.05],[-59.29,-79.87],[-59.54,-79.72],[-60.67,-79.66],[-61.75,-79.85],[-62.07,-79.97],[-62.11,-80.15],[-61.85,-80.28],[-62.54,-80.3],[-65.76,-80.31],[-66,-80.14],[-65.08,-79.98],[-65.19,-79.73],[-65.67,-79.57],[-66.57,-79.54],[-66.91,-79.4],[-66.7,-79.25],[-67.33,-79.16],[-68.27,-79.16],[-68.79,-79.31],[-68.97,-79.46],[-68.21,-79.55],[-68.07,-79.66],[-67.42,-79.8],[-67.26,-79.95],[-66.8,-80.01],[-66.65,-80.16],[-67.11,-80.25]]],[[[-72.04,-68.9],[-72.24,-68.97],[-72.34,-69.11],[-72.17,-69.45],[-72.73,-69.33],[-73.13,-69.44],[-73.17,-69.54],[-72.92,-69.7],[-72.21,-69.82],[-72.06,-69.99],[-71.64,-70.2],[-72.03,-70.25],[-71.81,-70.5],[-71.44,-70.51],[-71.01,-70.27],[-70.66,-70.22],[-70.4,-70.29],[-71.25,-70.49],[-71.41,-70.65],[-71.19,-70.82],[-71.26,-70.91],[-71.73,-71.07],[-72.32,-71],[-72.76,-71],[-73.27,-71.1],[-73.19,-71.22],[-73.82,-71.31],[-74.16,-71.3],[-74.56,-71.37],[-74.65,-71.45],[-75.21,-71.49],[-75.48,-71.57],[-75.59,-71.68],[-75.57,-71.91],[-74.88,-72.13],[-74.49,-72.13],[-74.27,-72.22],[-73.75,-72.21],[-73.28,-72.04],[-73.27,-71.97],[-72.79,-71.99],[-72.31,-71.75],[-71.95,-71.88],[-71.2,-71.98],[-71.97,-72.05],[-72.12,-72.18],[-73.02,-72.25],[-73.34,-72.39],[-73.08,-72.59],[-72.41,-72.75],[-71.82,-72.71],[-70.83,-72.69],[-70.59,-72.74],[-69,-72.59],[-68.92,-72.45],[-68.46,-72.26],[-68.24,-72.11],[-68.01,-71.84],[-68.05,-71.13],[-68.13,-70.82],[-68.48,-70.43],[-68.89,-70.07],[-69.22,-69.56],[-69.53,-69.28],[-69.85,-69.2],[-69.91,-68.94],[-70.35,-68.71],[-71.46,-68.81],[-72.04,-68.9]]],[[[-102.51,-72.13],[-102.11,-72.25],[-101.63,-72.25],[-100.24,-72.35],[-99.23,-72.54],[-98.75,-72.56],[-98.5,-72.62],[-97.81,-72.63],[-97.33,-72.59],[-97.12,-72.64],[-96.67,-72.62],[-95.92,-72.64],[-95.76,-72.51],[-95.35,-72.46],[-95.29,-72.24],[-95.37,-72.02],[-95.72,-71.99],[-95.9,-71.87],[-96.32,-71.76],[-96.99,-71.78],[-97.31,-71.92],[-97.49,-71.82],[-97.9,-71.86],[-98,-71.77],[-98.67,-71.68],[-99.15,-71.81],[-99.3,-71.89],[-99.65,-71.88],[-99.94,-71.78],[-100.49,-71.8],[-102.23,-71.92],[-102.51,-72],[-102.51,-72.13]]],[[[-122.67,-74.44],[-122.31,-74.48],[-120.96,-74.41],[-120.73,-74.36],[-120.76,-74.2],[-120.19,-74.07],[-119.96,-74.19],[-119.4,-74.18],[-118.87,-74.05],[-118.61,-73.88],[-118.78,-73.75],[-119.6,-73.7],[-120.01,-73.77],[-120.39,-73.69],[-121.47,-73.66],[-122.4,-73.61],[-123.02,-73.6],[-123.49,-73.71],[-123.57,-73.88],[-122.96,-73.97],[-123.23,-74.21],[-123.05,-74.4],[-122.67,-74.44]]],[[[-127.66,-73.4],[-127.66,-73.53],[-127.49,-73.73],[-127.14,-73.81],[-126.84,-73.79],[-126.41,-73.95],[-124.94,-74.28],[-123.82,-74.33],[-123.57,-74.25],[-123.53,-74.06],[-123.92,-73.79],[-124.42,-73.67],[-125,-73.66],[-125.56,-73.35],[-125.9,-73.26],[-126.61,-73.21],[-127.44,-73.24],[-127.66,-73.4]]],[[[-162.83,-79.66],[-162.06,-79.77],[-160.34,-79.92],[-158.73,-79.87],[-158.59,-79.73],[-159.33,-79.37],[-161.33,-78.86],[-162.2,-78.7],[-162.79,-78.65],[-163.54,-78.66],[-163.68,-78.75],[-164.47,-78.96],[-164.67,-79.25],[-164.59,-79.35],[-163.98,-79.5],[-162.83,-79.66]]],[[[166.45,-77.11],[166.07,-77.25],[166.29,-77.36],[165.85,-77.5],[166.39,-77.87],[166.8,-77.92],[167.62,-77.72],[168.26,-77.75],[168.97,-77.71],[169.66,-77.55],[169.56,-77.4],[168.51,-77.31],[167.58,-77.32],[167.25,-77.13],[166.69,-77.08],[166.45,-77.11]]],[[[-31.54,-79.57],[-32.01,-79.45],[-32.66,-79.47],[-33,-79.67],[-32.4,-79.74],[-32.18,-79.89],[-30.41,-80.08],[-29.21,-79.92],[-29.55,-79.77],[-30.31,-79.69],[-30.62,-79.58],[-31.54,-79.57]]],[[[-71.96,-79.63],[-71.62,-79.7],[-70.56,-79.76],[-69.37,-79.66],[-69.29,-79.45],[-68.9,-79.24],[-68.32,-79.05],[-67.2,-78.73],[-66.34,-78.37],[-67,-78.24],[-67.68,-78.3],[-69.71,-78.65],[-70.8,-78.83],[-71.59,-79.03],[-72.05,-79.23],[-72.17,-79.51],[-71.96,-79.63]]],[[[-54.93,-63.27],[-55.05,-63.14],[-55.37,-63.13],[-55.53,-63.05],[-55.9,-63.08],[-55.93,-62.95],[-56.55,-62.91],[-56.8,-63.03],[-56.53,-63.2],[-56.67,-63.31],[-56.6,-63.47],[-55.93,-63.65],[-55.57,-63.52],[-55.61,-63.41],[-55.11,-63.43],[-54.9,-63.35],[-54.93,-63.27]]],[[[-57.51,-61.95],[-57.71,-61.84],[-58.42,-61.86],[-58.81,-61.96],[-58.84,-62.01],[-59.35,-62.27],[-59.66,-62.28],[-59.81,-62.34],[-59.59,-62.53],[-59.29,-62.51],[-59.09,-62.43],[-58.5,-62.31],[-58.34,-62.21],[-58.17,-62.24],[-57.76,-62.09],[-57.54,-62.08],[-57.51,-61.95]]],[[[-75.43,-71.14],[-74.74,-71.08],[-74.09,-70.99],[-73.54,-70.85],[-73.29,-70.73],[-73.53,-70.59],[-74.1,-70.47],[-74.67,-70.55],[-75.04,-70.52],[-75.3,-70.71],[-76.1,-70.77],[-76.71,-70.91],[-76.62,-71.12],[-76.33,-71.2],[-75.43,-71.14]]],[[[-75.99,-70.08],[-75.83,-70.16],[-74.79,-70.26],[-74.48,-70.17],[-74.22,-69.95],[-74.37,-69.82],[-74.68,-69.69],[-74.97,-69.65],[-75.44,-69.7],[-75.5,-69.78],[-75.81,-69.82],[-76.02,-69.98],[-75.99,-70.08]]],[[[100.72,-65.32],[100.44,-65.35],[100.16,-65.49],[100.13,-65.69],[100.47,-65.77],[101.07,-65.75],[101.4,-65.6],[101.38,-65.44],[101.18,-65.34],[100.72,-65.32]]],[[[25.76,-70.22],[25.81,-70.42],[26.51,-70.53],[26.91,-70.5],[27.09,-70.32],[26.88,-70.08],[26.73,-70.02],[26.18,-70.01],[25.76,-70.22]]],[[[-3.35,-70.61],[-2.59,-70.57],[-2.47,-70.48],[-2.51,-70.29],[-2.97,-70.21],[-3.46,-70.3],[-3.72,-70.48],[-3.56,-70.61],[-3.35,-70.61]]],[[[-55.01,-61.02],[-55.45,-61],[-55.59,-61.11],[-55.34,-61.32],[-54.99,-61.24],[-54.63,-61.21],[-54.56,-61.07],[-55.01,-61.02]]],[[[-61.22,-62.7],[-60.98,-62.75],[-60.51,-62.7],[-60.22,-62.82],[-59.75,-62.67],[-59.74,-62.56],[-60.08,-62.47],[-60.53,-62.5],[-60.86,-62.41],[-61.03,-62.52],[-61.26,-62.54],[-61.22,-62.7]]],[[[-94.66,-72.71],[-94.23,-72.65],[-94.28,-72.47],[-94.56,-72.4],[-95.41,-72.55],[-95.54,-72.66],[-95.34,-72.74],[-94.66,-72.71]]],[[[-104.4,-73.23],[-104.24,-73.17],[-104.76,-72.91],[-104.92,-72.87],[-105.38,-72.98],[-105.28,-73.16],[-105.03,-73.27],[-104.55,-73.29],[-104.4,-73.23]]],[[[-162.95,-83.18],[-162.27,-83.22],[-161.48,-83.17],[-161.05,-83.04],[-161.92,-82.85],[-162.56,-82.8],[-163.7,-82.77],[-164.35,-82.82],[-164.08,-83.02],[-162.95,-83.18]]],[[[-160.28,-81.66],[-160.01,-81.55],[-160.59,-81.41],[-162.25,-81.25],[-163.23,-81.21],[-164.26,-81.27],[-164.43,-81.39],[-164.06,-81.5],[-163.42,-81.55],[-160.5,-81.67],[-160.28,-81.66]]],[[[169.42,-73.64],[169.66,-73.7],[170.08,-73.65],[170.24,-73.52],[170,-73.27],[169.66,-73.25],[169.44,-73.32],[169.2,-73.54],[169.42,-73.64]]],[[[164.65,-67.63],[165,-67.58],[165.11,-67.46],[165,-67.29],[164.83,-67.21],[164.57,-67.2],[164.44,-67.5],[164.65,-67.63]]],[[[163.04,-66.88],[163.3,-66.95],[163.49,-66.82],[163.4,-66.66],[163.17,-66.61],[162.93,-66.67],[163.04,-66.88]]],[[[162.75,-66.43],[162.47,-66.22],[162.12,-66.25],[162.11,-66.42],[162.4,-66.58],[162.63,-66.59],[162.75,-66.43]]],[[[96.68,-66.28],[97.02,-66.27],[97.19,-66.19],[97.18,-66.07],[97.02,-65.99],[96.64,-65.96],[96.25,-66.04],[96.1,-66.2],[96.32,-66.3],[96.68,-66.28]]],[[[100.24,-66.29],[100.42,-66.28],[100.47,-66.12],[100.34,-66.04],[100.06,-66.07],[99.89,-66.17],[100.06,-66.31],[100.24,-66.29]]],[[[102.82,-65.06],[102.58,-65.16],[102.64,-65.29],[102.95,-65.34],[103.08,-65.52],[103.39,-65.55],[103.57,-65.46],[103.35,-65.31],[103.27,-65.14],[102.82,-65.06]]],[[[92.58,-65.88],[92.85,-65.8],[92.77,-65.68],[92.53,-65.63],[92.2,-65.64],[92.06,-65.73],[92.22,-65.87],[92.58,-65.88]]],[[[86.04,-66.81],[85.95,-66.72],[85.6,-66.66],[85.3,-66.46],[85.03,-66.46],[84.88,-66.58],[85.13,-66.78],[85.19,-66.89],[85.6,-67.05],[85.94,-67.01],[86.15,-66.9],[86.04,-66.81]]],[[[86.14,-66.8],[86.46,-66.87],[86.83,-66.72],[86.63,-66.62],[86.36,-66.6],[86.14,-66.64],[86.02,-66.74],[86.14,-66.8]]],[[[68.91,-72.3],[69.08,-72.16],[68.79,-72.02],[68.47,-72.06],[68.21,-72.24],[68.23,-72.35],[68.51,-72.37],[68.91,-72.3]]],[[[48.49,-66.63],[48.13,-66.69],[48.14,-66.85],[48.38,-66.88],[48.9,-66.85],[48.96,-66.7],[48.49,-66.63]]],[[[2.92,-70.68],[3.35,-70.6],[3.48,-70.45],[3.42,-70.36],[3.02,-70.3],[2.46,-70.46],[2.42,-70.63],[2.62,-70.7],[2.92,-70.68]]],[[[1.12,-69.97],[0.74,-70.08],[0.74,-70.18],[0.98,-70.44],[1.33,-70.44],[1.68,-70.15],[1.6,-69.99],[1.12,-69.97]]],[[[4.53,-70.56],[4.69,-70.53],[4.83,-70.37],[4.61,-70.18],[4.22,-70.17],[3.85,-70.27],[4.01,-70.5],[4.33,-70.59],[4.53,-70.56]]],[[[-20.66,-74.56],[-20.36,-74.56],[-20.15,-74.46],[-20.16,-74.31],[-20.39,-74.1],[-20.26,-73.81],[-20.33,-73.61],[-20.82,-73.56],[-21.1,-73.64],[-21.28,-73.86],[-21.44,-73.93],[-22.11,-74],[-22.19,-74.17],[-21.64,-74.17],[-21.23,-74.24],[-21.1,-74.46],[-20.66,-74.56]]],[[[-15.96,-72.74],[-15.84,-72.7],[-16.09,-72.44],[-16.31,-72.39],[-16.65,-72.42],[-16.76,-72.52],[-16.67,-72.69],[-16.43,-72.77],[-15.96,-72.74]]],[[[-12.39,-72.24],[-12.25,-72.2],[-12.43,-72.04],[-12.65,-71.94],[-12.96,-71.92],[-13.2,-72.06],[-13.08,-72.18],[-12.83,-72.25],[-12.39,-72.24]]],[[[-53.91,-61.3],[-53.88,-61.14],[-54.16,-61.09],[-54.35,-61.23],[-54.15,-61.38],[-53.91,-61.3]]],[[[-61.22,-70.05],[-60.88,-69.98],[-60.97,-69.83],[-61.39,-69.79],[-61.62,-69.94],[-61.22,-70.05]]],[[[-60.5,-68.81],[-60.54,-68.68],[-61.03,-68.6],[-61.21,-68.71],[-61.03,-68.81],[-60.76,-68.86],[-60.5,-68.81]]],[[[-60.78,-70.78],[-60.3,-70.69],[-60.24,-70.52],[-60.47,-70.43],[-60.97,-70.45],[-61.2,-70.6],[-61.08,-70.73],[-60.78,-70.78]]],[[[-60.87,-62.9],[-60.82,-63.04],[-60.65,-63.1],[-60.35,-62.98],[-60.52,-62.85],[-60.87,-62.9]]],[[[-62.6,-63.14],[-62.28,-63.02],[-62.17,-62.89],[-62.27,-62.81],[-62.65,-62.87],[-62.79,-63.01],[-62.8,-63.11],[-62.6,-63.14]]],[[[-66.17,-65.94],[-65.68,-65.89],[-65.66,-65.73],[-65.5,-65.7],[-65.49,-65.51],[-65.87,-65.45],[-66.13,-65.53],[-66.36,-65.82],[-66.17,-65.94]]],[[[-66.92,-66.37],[-66.79,-66.38],[-66.42,-66.23],[-66.41,-66.06],[-66.63,-65.99],[-66.95,-66.07],[-67.05,-66.31],[-66.92,-66.37]]],[[[-93.88,-72.99],[-93.51,-72.92],[-93.93,-72.74],[-94.21,-72.76],[-94.38,-72.86],[-94.07,-72.99],[-93.88,-72.99]]],[[[-117.64,-74.16],[-117.31,-74.27],[-116.62,-74.23],[-115.9,-73.91],[-116.4,-73.79],[-117.62,-74.05],[-117.64,-74.16]]],[[[-132.27,-74.52],[-131.97,-74.61],[-131.15,-74.69],[-130.7,-74.53],[-130.81,-74.36],[-131.81,-74.25],[-132.29,-74.35],[-132.55,-74.31],[-133.07,-74.37],[-133.09,-74.5],[-132.66,-74.56],[-132.27,-74.52]]],[[[-145.24,-75.78],[-144.97,-75.67],[-145.18,-75.54],[-145.94,-75.43],[-146.3,-75.48],[-146.48,-75.58],[-146.25,-75.66],[-145.24,-75.78]]],[[[-151.03,-77.4],[-150.16,-77.43],[-150.05,-77.32],[-150.9,-77.14],[-151.35,-77.16],[-151.84,-77.28],[-151.03,-77.4]]],[[[-153.99,-80.11],[-153.58,-80.07],[-153.68,-79.94],[-155.4,-79.71],[-155.92,-79.71],[-156.11,-79.86],[-155.4,-79.95],[-155.29,-80.02],[-153.99,-80.11]]],[[[-159.45,-81.81],[-158.29,-82.18],[-157.54,-82.15],[-157.27,-82.02],[-158.63,-81.71],[-159.37,-81.73],[-159.45,-81.81]]]]},"properties":{"ISO_A2_EH":"AQ"}},
{"type":"Feature","geometry":{"type":"Polygon","coordinates":[[[-63.19,18.09],[-63.2,18.04],[-63.18,18.01],[-63.13,17.98],[-62.99,17.95],[-62.94,18.07],[-63.01,18],[-63.12,18],[-63.18,18.02],[-63.19,18.09]]]},"properties":{"ISO_A2_EH":"SX"}},
{"type":"Feature","geometry":{"type":"Polygon","coordinates":[[[179.29,-8.49],[179.22,-8.4],[179.13,-8.44],[179.14,-8.58],[179.23,-8.61],[179.29,-8.49]]]},"properties":{"ISO_A2_EH":"TV"}}
]}